venta_id,timestamp,producto,categoria,precio_unit,cantidad,total,proveedor_id,fecha,hora,dia_sem,mes,semana
1,2024-01-07 13:14:00,Leche Gloria Light 1L,Lácteos,4.97,1,4.97,3,2024-01-07,13,Sunday,1,1
2,2024-01-23 07:01:00,Chancay 60g,Panadería,0.49,1,0.49,8,2024-01-23,7,Tuesday,1,4
3,2024-06-03 07:45:00,Chifles La Doña 80g,Snacks,2.02,3,6.06,7,2024-06-03,7,Monday,6,23
4,2024-02-26 21:51:00,Pañales Huggies T3 x30,Higiene,33.0,1,33.0,6,2024-02-26,21,Monday,2,9
5,2024-06-27 21:09:00,Aceite Primor 1L,Abarrotes,9.14,2,18.28,4,2024-06-27,21,Thursday,6,26
6,2024-01-27 07:22:00,Jabón Bolivar 230g,Limpieza,2.82,2,5.64,6,2024-01-27,7,Saturday,1,4
7,2024-07-05 20:59:00,Coca-Cola 500ml,Bebidas,2.44,4,9.76,2,2024-07-05,20,Friday,7,27
8,2024-07-31 17:36:00,Harina Blanca Flor 1kg,Abarrotes,3.24,2,6.48,4,2024-07-31,17,Wednesday,7,31
9,2024-06-18 08:05:00,Coca-Cola 500ml,Bebidas,2.55,2,5.1,2,2024-06-18,8,Tuesday,6,25
10,2024-03-12 21:10:00,Lejía Clorox 900ml,Limpieza,4.46,2,8.92,6,2024-03-12,21,Tuesday,3,11
11,2024-06-28 08:38:00,Fideos Lavaggi 500g,Abarrotes,2.51,2,5.02,4,2024-06-28,8,Friday,6,26
12,2024-02-11 21:59:00,Sal Marina 1kg,Abarrotes,1.47,5,7.35,5,2024-02-11,21,Sunday,2,6
13,2024-08-03 07:14:00,Sardina Florida 425g,Conservas,4.28,1,4.28,4,2024-08-03,7,Saturday,8,31
14,2024-03-09 09:56:00,Papel Higiénico Elite x4,Higiene,8.8,3,26.4,6,2024-03-09,9,Saturday,3,10
15,2024-04-11 20:09:00,Galletas Soda Field,Snacks,2.74,2,5.48,7,2024-04-11,20,Thursday,4,15
16,2024-05-17 09:27:00,Pan de Molde Bimbo 500g,Panadería,6.46,3,19.38,8,2024-05-17,9,Friday,5,20
17,2024-02-05 20:48:00,Azúcar Cartavio 1kg,Abarrotes,3.58,1,3.58,5,2024-02-05,20,Monday,2,6
18,2024-06-09 09:27:00,Yogurt Gloria Fresa 1kg,Lácteos,6.33,3,18.99,3,2024-06-09,9,Sunday,6,23
19,2024-06-01 14:35:00,Lejía Clorox 900ml,Limpieza,4.55,1,4.55,6,2024-06-01,14,Saturday,6,22
20,2024-06-23 14:49:00,Leche Gloria Light 1L,Lácteos,4.85,3,14.55,3,2024-06-23,14,Sunday,6,25
21,2024-04-21 07:46:00,Harina Blanca Flor 1kg,Abarrotes,3.29,3,9.87,4,2024-04-21,7,Sunday,4,16
22,2024-05-09 15:53:00,Aceite Primor 500ml,Abarrotes,5.23,5,26.15,4,2024-05-09,15,Thursday,5,19
23,2024-04-05 06:38:00,Yogurt Gloria Fresa 1kg,Lácteos,6.5,2,13.0,3,2024-04-05,6,Friday,4,14
24,2024-08-25 21:15:00,Leche Gloria Light 1L,Lácteos,4.82,1,4.82,3,2024-08-25,21,Sunday,8,34
25,2024-08-30 09:31:00,Mantequilla Gloria 100g,Lácteos,4.32,1,4.32,3,2024-08-30,9,Friday,8,35
26,2024-07-15 09:30:00,Chancay 60g,Panadería,0.49,3,1.47,8,2024-07-15,9,Monday,7,29
27,2024-08-11 12:59:00,Sublime 36g,Snacks,1.52,3,4.56,7,2024-08-11,12,Sunday,8,32
28,2024-07-01 21:28:00,Arroz Costeño 1kg,Abarrotes,3.79,5,18.95,4,2024-07-01,21,Monday,7,27
29,2024-02-27 07:37:00,Sal Marina 1kg,Abarrotes,1.48,5,7.4,5,2024-02-27,7,Tuesday,2,9
30,2024-01-02 09:03:00,Azúcar Cartavio 1kg,Abarrotes,3.41,2,6.82,5,2024-01-02,9,Tuesday,1,1
31,2024-08-08 20:17:00,Coca-Cola 500ml,Bebidas,2.46,4,9.84,2,2024-08-08,20,Thursday,8,32
32,2024-07-04 21:15:00,Leche Evaporada Gloria,Lácteos,3.26,2,6.52,3,2024-07-04,21,Thursday,7,27
33,2024-01-25 08:22:00,Arroz Costeño 1kg,Abarrotes,3.78,4,15.12,4,2024-01-25,8,Thursday,1,4
34,2024-06-21 09:03:00,Pepsi 500ml,Bebidas,2.33,4,9.32,2,2024-06-21,9,Friday,6,25
35,2024-03-04 09:28:00,Leche Gloria Entera 1L,Lácteos,4.78,1,4.78,3,2024-03-04,9,Monday,3,10
36,2024-04-28 07:28:00,Fideos Lavaggi 500g,Abarrotes,2.44,5,12.2,4,2024-04-28,7,Sunday,4,17
37,2024-08-02 07:59:00,Chancay 60g,Panadería,0.49,1,0.49,8,2024-08-02,7,Friday,8,31
38,2024-05-03 08:57:00,Galletas Soda Field,Snacks,2.74,1,2.74,7,2024-05-03,8,Friday,5,18
39,2024-04-09 08:18:00,Inca Kola 500ml,Bebidas,2.53,4,10.12,1,2024-04-09,8,Tuesday,4,15
40,2024-06-18 10:12:00,Pan de Molde Bimbo 500g,Panadería,6.39,2,12.78,8,2024-06-18,10,Tuesday,6,25
41,2024-05-28 07:47:00,Pepsi 500ml,Bebidas,2.24,3,6.72,2,2024-05-28,7,Tuesday,5,22
42,2024-05-02 20:03:00,Queso Edam Gloria 250g,Lácteos,12.19,3,36.57,3,2024-05-02,20,Thursday,5,18
43,2024-01-18 13:25:00,Aceite Primor 500ml,Abarrotes,5.34,1,5.34,4,2024-01-18,13,Thursday,1,3
44,2024-03-04 07:39:00,Mantequilla Gloria 100g,Lácteos,4.18,1,4.18,3,2024-03-04,7,Monday,3,10
45,2024-05-24 21:13:00,Queso Edam Gloria 250g,Lácteos,12.66,3,37.98,3,2024-05-24,21,Friday,5,21
46,2024-03-08 21:29:00,Sal Marina 1kg,Abarrotes,1.54,3,4.62,5,2024-03-08,21,Friday,3,10
47,2024-01-03 20:04:00,Agua San Luis 500ml,Bebidas,1.18,5,5.9,1,2024-01-03,20,Wednesday,1,1
48,2024-02-03 08:56:00,Fideos Don Vittorio 500g,Abarrotes,2.78,2,5.56,4,2024-02-03,8,Saturday,2,5
49,2024-04-22 15:39:00,Aceite Primor 1L,Abarrotes,8.64,5,43.2,4,2024-04-22,15,Monday,4,17
50,2024-03-17 09:56:00,Pan de Molde Bimbo 500g,Panadería,6.41,1,6.41,8,2024-03-17,9,Sunday,3,11
51,2024-07-09 14:18:00,Leche Gloria Entera 1L,Lácteos,4.72,3,14.16,3,2024-07-09,14,Tuesday,7,28
52,2024-02-22 14:32:00,Jabón Bolivar 230g,Limpieza,2.76,2,5.52,6,2024-02-22,14,Thursday,2,8
53,2024-01-24 14:02:00,Pepsi 500ml,Bebidas,2.28,1,2.28,2,2024-01-24,14,Wednesday,1,4
54,2024-06-12 11:47:00,Leche Evaporada Gloria,Lácteos,3.21,2,6.42,3,2024-06-12,11,Wednesday,6,24
55,2024-05-23 07:56:00,Pañales Huggies T4 x28,Higiene,34.82,3,104.46,6,2024-05-23,7,Thursday,5,21
56,2024-01-10 10:27:00,Chancay 60g,Panadería,0.49,1,0.49,8,2024-01-10,10,Wednesday,1,2
57,2024-08-18 07:57:00,Detergente Ace 850g,Limpieza,11.69,2,23.38,6,2024-08-18,7,Sunday,8,33
58,2024-06-19 09:56:00,Sal Marina 1kg,Abarrotes,1.54,4,6.16,5,2024-06-19,9,Wednesday,6,25
59,2024-08-24 11:51:00,Yogurt Gloria Fresa 1kg,Lácteos,6.65,1,6.65,3,2024-08-24,11,Saturday,8,34
60,2024-02-15 16:50:00,Inca Kola 1.5L,Bebidas,5.6,4,22.4,1,2024-02-15,16,Thursday,2,7
61,2024-03-09 09:06:00,Sal Marina 1kg,Abarrotes,1.53,4,6.12,5,2024-03-09,9,Saturday,3,10
62,2024-02-26 08:22:00,Galletas Oreo 36g,Snacks,1.53,2,3.06,7,2024-02-26,8,Monday,2,9
63,2024-02-27 07:25:00,Azúcar Cartavio 1kg,Abarrotes,3.45,3,10.35,5,2024-02-27,7,Tuesday,2,9
64,2024-07-16 09:32:00,Agua San Luis 500ml,Bebidas,1.21,4,4.84,1,2024-07-16,9,Tuesday,7,29
65,2024-03-25 09:56:00,Chancay 60g,Panadería,0.49,2,0.98,8,2024-03-25,9,Monday,3,13
66,2024-01-10 08:22:00,Fideos Don Vittorio 500g,Abarrotes,2.79,3,8.37,4,2024-01-10,8,Wednesday,1,2
67,2024-01-30 20:16:00,Chifles La Doña 80g,Snacks,2.03,1,2.03,7,2024-01-30,20,Tuesday,1,5
68,2024-05-13 12:23:00,Inca Kola 500ml,Bebidas,2.44,4,9.76,1,2024-05-13,12,Monday,5,20
69,2024-06-08 20:46:00,Jabón Bolivar 230g,Limpieza,2.8,2,5.6,6,2024-06-08,20,Saturday,6,23
70,2024-03-24 21:35:00,Pañales Huggies T3 x30,Higiene,31.9,1,31.9,6,2024-03-24,21,Sunday,3,12
71,2024-06-22 11:39:00,Lejía Clorox 900ml,Limpieza,4.45,3,13.35,6,2024-06-22,11,Saturday,6,25
72,2024-08-01 08:13:00,Pan de Molde Bimbo 500g,Panadería,6.61,2,13.22,8,2024-08-01,8,Thursday,8,31
73,2024-04-29 20:32:00,Sardina Florida 425g,Conservas,4.27,2,8.54,4,2024-04-29,20,Monday,4,18
74,2024-06-17 09:42:00,Aceite Primor 1L,Abarrotes,8.81,5,44.05,4,2024-06-17,9,Monday,6,25
75,2024-06-21 20:09:00,Sal Marina 1kg,Abarrotes,1.46,1,1.46,5,2024-06-21,20,Friday,6,25
76,2024-06-05 08:29:00,Galletas Oreo 36g,Snacks,1.53,2,3.06,7,2024-06-05,8,Wednesday,6,23
77,2024-02-19 18:31:00,Mantequilla Gloria 100g,Lácteos,4.14,2,8.28,3,2024-02-19,18,Monday,2,8
78,2024-08-16 09:49:00,Inca Kola 500ml,Bebidas,2.46,4,9.84,1,2024-08-16,9,Friday,8,33
79,2024-04-28 07:58:00,Sublime 36g,Snacks,1.5,1,1.5,7,2024-04-28,7,Sunday,4,17
80,2024-06-19 21:48:00,Pasta Dental Colgate,Higiene,5.54,2,11.08,6,2024-06-19,21,Wednesday,6,25
81,2024-04-19 20:57:00,Chifles La Doña 80g,Snacks,2.03,1,2.03,7,2024-04-19,20,Friday,4,16
82,2024-04-25 07:53:00,Galletas Oreo 36g,Snacks,1.48,3,4.44,7,2024-04-25,7,Thursday,4,17
83,2024-05-04 14:28:00,Sublime 36g,Snacks,1.52,1,1.52,7,2024-05-04,14,Saturday,5,18
84,2024-03-10 20:08:00,Sal Marina 1kg,Abarrotes,1.48,2,2.96,5,2024-03-10,20,Sunday,3,10
85,2024-06-29 08:26:00,Yogurt Gloria Fresa 1kg,Lácteos,6.52,2,13.04,3,2024-06-29,8,Saturday,6,26
86,2024-01-16 08:24:00,Pañales Huggies T3 x30,Higiene,33.37,3,100.11,6,2024-01-16,8,Tuesday,1,3
87,2024-08-07 18:30:00,Inca Kola 1.5L,Bebidas,5.65,1,5.65,1,2024-08-07,18,Wednesday,8,32
88,2024-07-11 21:34:00,Atún Florida 170g,Conservas,3.95,3,11.85,4,2024-07-11,21,Thursday,7,28
89,2024-05-04 08:31:00,Azúcar Cartavio 1kg,Abarrotes,3.48,1,3.48,5,2024-05-04,8,Saturday,5,18
90,2024-07-04 08:58:00,Papel Higiénico Elite x4,Higiene,9.16,1,9.16,6,2024-07-04,8,Thursday,7,27
91,2024-01-07 06:05:00,Chancay 60g,Panadería,0.5,3,1.5,8,2024-01-07,6,Sunday,1,1
92,2024-02-16 08:20:00,Pasta Dental Colgate,Higiene,5.49,1,5.49,6,2024-02-16,8,Friday,2,7
93,2024-07-13 14:48:00,Jabón Bolivar 230g,Limpieza,2.76,2,5.52,6,2024-07-13,14,Saturday,7,28
94,2024-04-30 09:03:00,Agua San Luis 2.5L,Bebidas,3.44,3,10.32,1,2024-04-30,9,Tuesday,4,18
95,2024-07-18 07:48:00,Agua San Luis 500ml,Bebidas,1.23,1,1.23,1,2024-07-18,7,Thursday,7,29
96,2024-08-02 07:15:00,Arroz Costeño 1kg,Abarrotes,3.79,2,7.58,4,2024-08-02,7,Friday,8,31
97,2024-05-24 20:44:00,Leche Gloria Light 1L,Lácteos,4.98,2,9.96,3,2024-05-24,20,Friday,5,21
98,2024-06-04 09:49:00,Aceite Primor 1L,Abarrotes,9.15,2,18.3,4,2024-06-04,9,Tuesday,6,23
99,2024-05-28 08:36:00,Leche Gloria Entera 1L,Lácteos,4.92,3,14.76,3,2024-05-28,8,Tuesday,5,22
100,2024-04-11 12:04:00,Lejía Clorox 900ml,Limpieza,4.55,3,13.65,6,2024-04-11,12,Thursday,4,15
101,2024-01-27 15:54:00,Sal Marina 1kg,Abarrotes,1.53,5,7.65,5,2024-01-27,15,Saturday,1,4
102,2024-07-19 09:27:00,Mantequilla Gloria 100g,Lácteos,4.17,3,12.51,3,2024-07-19,9,Friday,7,29
103,2024-06-14 21:52:00,Chifles La Doña 80g,Snacks,1.95,2,3.9,7,2024-06-14,21,Friday,6,24
104,2024-06-11 20:45:00,Detergente Ace 850g,Limpieza,11.85,1,11.85,6,2024-06-11,20,Tuesday,6,24
105,2024-06-15 09:49:00,Sublime 36g,Snacks,1.5,2,3.0,7,2024-06-15,9,Saturday,6,24
106,2024-03-09 20:53:00,Queso Edam Gloria 250g,Lácteos,12.33,1,12.33,3,2024-03-09,20,Saturday,3,10
107,2024-03-03 18:21:00,Shampoo Head&Shoulders,Higiene,18.49,1,18.49,6,2024-03-03,18,Sunday,3,9
108,2024-02-16 21:51:00,Sardina Florida 425g,Conservas,4.16,2,8.32,4,2024-02-16,21,Friday,2,7
109,2024-05-22 07:05:00,Fideos Lavaggi 500g,Abarrotes,2.53,2,5.06,4,2024-05-22,7,Wednesday,5,21
110,2024-05-22 21:41:00,Galletas Soda Field,Snacks,2.8,3,8.4,7,2024-05-22,21,Wednesday,5,21
111,2024-01-24 08:44:00,Inca Kola 1.5L,Bebidas,5.44,2,10.88,1,2024-01-24,8,Wednesday,1,4
112,2024-04-04 21:27:00,Queso Edam Gloria 250g,Lácteos,12.54,3,37.62,3,2024-04-04,21,Thursday,4,14
113,2024-06-28 21:16:00,Detergente Ariel 850g,Limpieza,12.22,1,12.22,6,2024-06-28,21,Friday,6,26
114,2024-03-21 09:48:00,Arroz Costeño 1kg,Abarrotes,3.73,2,7.46,4,2024-03-21,9,Thursday,3,12
115,2024-03-11 15:06:00,Galletas Oreo 36g,Snacks,1.48,1,1.48,7,2024-03-11,15,Monday,3,11
116,2024-02-15 20:17:00,Detergente Ace 850g,Limpieza,12.24,1,12.24,6,2024-02-15,20,Thursday,2,7
117,2024-03-15 10:40:00,Pan de Molde Bimbo 500g,Panadería,6.35,2,12.7,8,2024-03-15,10,Friday,3,11
118,2024-05-26 08:28:00,Inca Kola 500ml,Bebidas,2.45,3,7.35,1,2024-05-26,8,Sunday,5,21
119,2024-03-05 21:07:00,Pepsi 500ml,Bebidas,2.29,1,2.29,2,2024-03-05,21,Tuesday,3,10
120,2024-05-27 07:09:00,Agua San Luis 500ml,Bebidas,1.22,2,2.44,1,2024-05-27,7,Monday,5,22
121,2024-01-22 09:35:00,Atún Florida 170g,Conservas,3.92,2,7.84,4,2024-01-22,9,Monday,1,4
122,2024-07-17 21:58:00,Azúcar Cartavio 1kg,Abarrotes,3.46,4,13.84,5,2024-07-17,21,Wednesday,7,29
123,2024-04-19 20:39:00,Queso Edam Gloria 250g,Lácteos,12.2,3,36.6,3,2024-04-19,20,Friday,4,16
124,2024-06-09 09:05:00,Arroz Costeño 5kg,Abarrotes,17.23,2,34.46,4,2024-06-09,9,Sunday,6,23
125,2024-01-20 08:28:00,Pan de Molde Bimbo 500g,Panadería,6.54,3,19.62,8,2024-01-20,8,Saturday,1,3
126,2024-01-09 09:18:00,Harina Blanca Flor 1kg,Abarrotes,3.12,4,12.48,4,2024-01-09,9,Tuesday,1,2
127,2024-08-24 09:37:00,Azúcar Cartavio 1kg,Abarrotes,3.48,2,6.96,5,2024-08-24,9,Saturday,8,34
128,2024-02-27 14:52:00,Chancay 60g,Panadería,0.49,1,0.49,8,2024-02-27,14,Tuesday,2,9
129,2024-07-21 21:28:00,Aceite Primor 1L,Abarrotes,8.88,1,8.88,4,2024-07-21,21,Sunday,7,29
130,2024-06-28 21:32:00,Atún Florida 170g,Conservas,3.9,3,11.7,4,2024-06-28,21,Friday,6,26
131,2024-06-02 08:47:00,Agua San Luis 2.5L,Bebidas,3.52,3,10.56,1,2024-06-02,8,Sunday,6,22
132,2024-01-24 09:53:00,Inca Kola 1.5L,Bebidas,5.53,5,27.65,1,2024-01-24,9,Wednesday,1,4
133,2024-07-14 14:36:00,Inca Kola 1.5L,Bebidas,5.59,1,5.59,1,2024-07-14,14,Sunday,7,28
134,2024-04-30 21:58:00,Aceite Primor 500ml,Abarrotes,5.1,3,15.3,4,2024-04-30,21,Tuesday,4,18
135,2024-04-21 21:05:00,Queso Edam Gloria 250g,Lácteos,12.39,2,24.78,3,2024-04-21,21,Sunday,4,16
136,2024-03-23 11:21:00,Jabón Bolivar 230g,Limpieza,2.83,2,5.66,6,2024-03-23,11,Saturday,3,12
137,2024-06-18 07:29:00,Harina Blanca Flor 1kg,Abarrotes,3.16,1,3.16,4,2024-06-18,7,Tuesday,6,25
138,2024-01-30 18:55:00,Sardina Florida 425g,Conservas,4.28,3,12.84,4,2024-01-30,18,Tuesday,1,5
139,2024-06-17 20:26:00,Inca Kola 500ml,Bebidas,2.45,1,2.45,1,2024-06-17,20,Monday,6,25
140,2024-06-08 20:48:00,Detergente Ace 850g,Limpieza,11.69,1,11.69,6,2024-06-08,20,Saturday,6,23
141,2024-02-03 20:56:00,Pan de Molde Bimbo 500g,Panadería,6.49,3,19.47,8,2024-02-03,20,Saturday,2,5
142,2024-06-10 13:45:00,Inca Kola 1.5L,Bebidas,5.44,2,10.88,1,2024-06-10,13,Monday,6,24
143,2024-05-21 20:53:00,Inca Kola 500ml,Bebidas,2.49,1,2.49,1,2024-05-21,20,Tuesday,5,21
144,2024-06-14 21:59:00,Leche Gloria Light 1L,Lácteos,4.84,3,14.52,3,2024-06-14,21,Friday,6,24
145,2024-04-16 21:15:00,Fideos Lavaggi 500g,Abarrotes,2.51,4,10.04,4,2024-04-16,21,Tuesday,4,16
146,2024-02-18 10:55:00,Lejía Clorox 900ml,Limpieza,4.44,1,4.44,6,2024-02-18,10,Sunday,2,7
147,2024-03-28 14:52:00,Pañales Huggies T3 x30,Higiene,32.08,1,32.08,6,2024-03-28,14,Thursday,3,13
148,2024-08-02 21:55:00,Atún Florida 170g,Conservas,3.89,1,3.89,4,2024-08-02,21,Friday,8,31
149,2024-03-29 21:29:00,Galletas Oreo 36g,Snacks,1.53,2,3.06,7,2024-03-29,21,Friday,3,13
150,2024-05-26 21:02:00,Sal Marina 1kg,Abarrotes,1.52,3,4.56,5,2024-05-26,21,Sunday,5,21
151,2024-04-08 10:31:00,Lejía Clorox 900ml,Limpieza,4.4,1,4.4,6,2024-04-08,10,Monday,4,15
152,2024-03-25 20:06:00,Queso Edam Gloria 250g,Lácteos,12.81,3,38.43,3,2024-03-25,20,Monday,3,13
153,2024-07-03 09:09:00,Inca Kola 500ml,Bebidas,2.5,1,2.5,1,2024-07-03,9,Wednesday,7,27
154,2024-03-27 18:41:00,Fideos Don Vittorio 500g,Abarrotes,2.86,1,2.86,4,2024-03-27,18,Wednesday,3,13
155,2024-04-07 21:55:00,Chancay 60g,Panadería,0.49,3,1.47,8,2024-04-07,21,Sunday,4,14
156,2024-03-01 15:14:00,Agua San Luis 500ml,Bebidas,1.2,1,1.2,1,2024-03-01,15,Friday,3,9
157,2024-07-13 09:28:00,Leche Gloria Entera 1L,Lácteos,4.86,1,4.86,3,2024-07-13,9,Saturday,7,28
158,2024-01-12 20:18:00,Inca Kola 1.5L,Bebidas,5.46,3,16.38,1,2024-01-12,20,Friday,1,2
159,2024-03-03 20:10:00,Yogurt Gloria Fresa 1kg,Lácteos,6.34,1,6.34,3,2024-03-03,20,Sunday,3,9
160,2024-06-07 21:58:00,Lejía Clorox 900ml,Limpieza,4.4,3,13.2,6,2024-06-07,21,Friday,6,23
161,2024-06-12 08:42:00,Pasta Dental Colgate,Higiene,5.63,1,5.63,6,2024-06-12,8,Wednesday,6,24
162,2024-08-18 09:10:00,Pasta Dental Colgate,Higiene,5.48,1,5.48,6,2024-08-18,9,Sunday,8,33
163,2024-05-30 08:44:00,Detergente Ariel 850g,Limpieza,12.47,2,24.94,6,2024-05-30,8,Thursday,5,22
164,2024-02-20 21:06:00,Atún Florida 170g,Conservas,3.87,1,3.87,4,2024-02-20,21,Tuesday,2,8
165,2024-05-27 09:18:00,Detergente Ariel 850g,Limpieza,12.86,1,12.86,6,2024-05-27,9,Monday,5,22
166,2024-03-11 09:49:00,Papel Higiénico Elite x4,Higiene,9.15,3,27.45,6,2024-03-11,9,Monday,3,11
167,2024-08-01 15:49:00,Galletas Soda Field,Snacks,2.82,1,2.82,7,2024-08-01,15,Thursday,8,31
168,2024-02-26 14:43:00,Detergente Ariel 850g,Limpieza,12.7,3,38.1,6,2024-02-26,14,Monday,2,9
169,2024-06-09 09:41:00,Leche Evaporada Gloria,Lácteos,3.16,1,3.16,3,2024-06-09,9,Sunday,6,23
170,2024-01-09 10:05:00,Shampoo Head&Shoulders,Higiene,18.31,2,36.62,6,2024-01-09,10,Tuesday,1,2
171,2024-02-14 09:56:00,Pañales Huggies T3 x30,Higiene,32.56,2,65.12,6,2024-02-14,9,Wednesday,2,7
172,2024-07-31 08:51:00,Fideos Lavaggi 500g,Abarrotes,2.54,3,7.62,4,2024-07-31,8,Wednesday,7,31
173,2024-07-24 07:09:00,Jabón Bolivar 230g,Limpieza,2.86,1,2.86,6,2024-07-24,7,Wednesday,7,30
174,2024-08-04 17:05:00,Papel Higiénico Elite x4,Higiene,8.64,2,17.28,6,2024-08-04,17,Sunday,8,31
175,2024-02-01 21:37:00,Chancay 60g,Panadería,0.51,2,1.02,8,2024-02-01,21,Thursday,2,5
176,2024-01-28 21:01:00,Detergente Ace 850g,Limpieza,12.17,3,36.51,6,2024-01-28,21,Sunday,1,4
177,2024-03-24 13:41:00,Pan de Molde Bimbo 500g,Panadería,6.55,1,6.55,8,2024-03-24,13,Sunday,3,12
178,2024-08-20 19:07:00,Pasta Dental Colgate,Higiene,5.35,1,5.35,6,2024-08-20,19,Tuesday,8,34
179,2024-03-18 09:06:00,Coca-Cola 500ml,Bebidas,2.56,2,5.12,2,2024-03-18,9,Monday,3,12
180,2024-04-09 21:37:00,Leche Evaporada Gloria,Lácteos,3.24,3,9.72,3,2024-04-09,21,Tuesday,4,15
181,2024-06-16 08:39:00,Pañales Huggies T3 x30,Higiene,33.36,2,66.72,6,2024-06-16,8,Sunday,6,24
182,2024-01-09 12:28:00,Fideos Lavaggi 500g,Abarrotes,2.57,4,10.28,4,2024-01-09,12,Tuesday,1,2
183,2024-01-26 17:34:00,Detergente Ace 850g,Limpieza,11.8,3,35.4,6,2024-01-26,17,Friday,1,4
184,2024-03-11 07:54:00,Papel Higiénico Elite x4,Higiene,8.68,2,17.36,6,2024-03-11,7,Monday,3,11
185,2024-06-13 06:03:00,Arroz Costeño 5kg,Abarrotes,17.23,3,51.69,4,2024-06-13,6,Thursday,6,24
186,2024-07-20 08:53:00,Leche Evaporada Gloria,Lácteos,3.14,3,9.42,3,2024-07-20,8,Saturday,7,29
187,2024-07-27 16:49:00,Arroz Costeño 5kg,Abarrotes,17.8,2,35.6,4,2024-07-27,16,Saturday,7,30
188,2024-03-11 10:08:00,Inca Kola 500ml,Bebidas,2.46,5,12.3,1,2024-03-11,10,Monday,3,11
189,2024-01-29 06:08:00,Aceite Primor 500ml,Abarrotes,5.16,1,5.16,4,2024-01-29,6,Monday,1,5
190,2024-05-30 20:16:00,Sal Marina 1kg,Abarrotes,1.47,1,1.47,5,2024-05-30,20,Thursday,5,22
191,2024-05-14 07:30:00,Pañales Huggies T3 x30,Higiene,33.04,2,66.08,6,2024-05-14,7,Tuesday,5,20
192,2024-05-31 09:14:00,Chifles La Doña 80g,Snacks,1.95,3,5.85,7,2024-05-31,9,Friday,5,22
193,2024-03-18 20:03:00,Sublime 36g,Snacks,1.53,2,3.06,7,2024-03-18,20,Monday,3,12
194,2024-06-24 09:58:00,Pañales Huggies T4 x28,Higiene,33.13,2,66.26,6,2024-06-24,9,Monday,6,26
195,2024-03-23 08:08:00,Agua San Luis 2.5L,Bebidas,3.53,3,10.59,1,2024-03-23,8,Saturday,3,12
196,2024-05-20 18:38:00,Queso Edam Gloria 250g,Lácteos,12.35,3,37.05,3,2024-05-20,18,Monday,5,21
197,2024-06-03 20:54:00,Chifles La Doña 80g,Snacks,2.02,3,6.06,7,2024-06-03,20,Monday,6,23
198,2024-07-03 19:28:00,Pan de Molde Bimbo 500g,Panadería,6.47,1,6.47,8,2024-07-03,19,Wednesday,7,27
199,2024-04-12 20:20:00,Pasta Dental Colgate,Higiene,5.44,2,10.88,6,2024-04-12,20,Friday,4,15
200,2024-04-05 21:04:00,Fideos Don Vittorio 500g,Abarrotes,2.86,1,2.86,4,2024-04-05,21,Friday,4,14
201,2024-04-20 09:23:00,Agua San Luis 2.5L,Bebidas,3.51,2,7.02,1,2024-04-20,9,Saturday,4,16
202,2024-05-23 09:26:00,Queso Edam Gloria 250g,Lácteos,12.78,2,25.56,3,2024-05-23,9,Thursday,5,21
203,2024-08-10 07:18:00,Pañales Huggies T4 x28,Higiene,33.62,3,100.86,6,2024-08-10,7,Saturday,8,32
204,2024-05-27 20:42:00,Leche Gloria Entera 1L,Lácteos,4.72,2,9.44,3,2024-05-27,20,Monday,5,22
205,2024-03-30 17:07:00,Leche Gloria Entera 1L,Lácteos,4.82,2,9.64,3,2024-03-30,17,Saturday,3,13
206,2024-08-04 06:38:00,Pañales Huggies T4 x28,Higiene,34.67,3,104.01,6,2024-08-04,6,Sunday,8,31
207,2024-01-08 09:48:00,Fideos Lavaggi 500g,Abarrotes,2.56,3,7.68,4,2024-01-08,9,Monday,1,2
208,2024-01-02 07:36:00,Detergente Ariel 850g,Limpieza,12.43,3,37.29,6,2024-01-02,7,Tuesday,1,1
209,2024-07-08 06:05:00,Yogurt Gloria Fresa 1kg,Lácteos,6.51,3,19.53,3,2024-07-08,6,Monday,7,28
210,2024-04-17 20:23:00,Lejía Clorox 900ml,Limpieza,4.56,2,9.12,6,2024-04-17,20,Wednesday,4,16
211,2024-06-01 07:09:00,Mantequilla Gloria 100g,Lácteos,4.26,1,4.26,3,2024-06-01,7,Saturday,6,22
212,2024-06-21 08:42:00,Pepsi 500ml,Bebidas,2.3,4,9.2,2,2024-06-21,8,Friday,6,25
213,2024-04-16 09:07:00,Shampoo Head&Shoulders,Higiene,18.42,2,36.84,6,2024-04-16,9,Tuesday,4,16
214,2024-06-22 21:33:00,Harina Blanca Flor 1kg,Abarrotes,3.11,3,9.33,4,2024-06-22,21,Saturday,6,25
215,2024-06-02 07:19:00,Papel Higiénico Elite x4,Higiene,9.04,1,9.04,6,2024-06-02,7,Sunday,6,22
216,2024-03-15 20:31:00,Fideos Don Vittorio 500g,Abarrotes,2.75,4,11.0,4,2024-03-15,20,Friday,3,11
217,2024-05-16 17:04:00,Lejía Clorox 900ml,Limpieza,4.6,2,9.2,6,2024-05-16,17,Thursday,5,20
218,2024-04-21 07:55:00,Coca-Cola 500ml,Bebidas,2.51,3,7.53,2,2024-04-21,7,Sunday,4,16
219,2024-04-13 19:18:00,Mantequilla Gloria 100g,Lácteos,4.18,1,4.18,3,2024-04-13,19,Saturday,4,15
220,2024-02-13 20:53:00,Sardina Florida 425g,Conservas,4.31,3,12.93,4,2024-02-13,20,Tuesday,2,7
221,2024-04-21 13:27:00,Agua San Luis 2.5L,Bebidas,3.48,5,17.4,1,2024-04-21,13,Sunday,4,16
222,2024-04-11 16:14:00,Agua San Luis 2.5L,Bebidas,3.56,3,10.68,1,2024-04-11,16,Thursday,4,15
223,2024-05-10 12:57:00,Agua San Luis 500ml,Bebidas,1.19,3,3.57,1,2024-05-10,12,Friday,5,19
224,2024-03-01 08:12:00,Yogurt Gloria Fresa 1kg,Lácteos,6.54,1,6.54,3,2024-03-01,8,Friday,3,9
225,2024-02-15 21:29:00,Agua San Luis 500ml,Bebidas,1.22,5,6.1,1,2024-02-15,21,Thursday,2,7
226,2024-06-23 16:55:00,Shampoo Head&Shoulders,Higiene,18.3,3,54.9,6,2024-06-23,16,Sunday,6,25
227,2024-01-18 21:50:00,Shampoo Head&Shoulders,Higiene,18.6,2,37.2,6,2024-01-18,21,Thursday,1,3
228,2024-05-09 08:28:00,Detergente Ariel 850g,Limpieza,12.17,1,12.17,6,2024-05-09,8,Thursday,5,19
229,2024-01-20 08:39:00,Harina Blanca Flor 1kg,Abarrotes,3.2,5,16.0,4,2024-01-20,8,Saturday,1,3
230,2024-05-28 07:28:00,Pasta Dental Colgate,Higiene,5.55,3,16.65,6,2024-05-28,7,Tuesday,5,22
231,2024-06-03 20:03:00,Sardina Florida 425g,Conservas,4.1,2,8.2,4,2024-06-03,20,Monday,6,23
232,2024-07-01 09:11:00,Jabón Bolivar 230g,Limpieza,2.76,1,2.76,6,2024-07-01,9,Monday,7,27
233,2024-04-22 20:23:00,Shampoo Head&Shoulders,Higiene,18.96,2,37.92,6,2024-04-22,20,Monday,4,17
234,2024-04-14 07:50:00,Lejía Clorox 900ml,Limpieza,4.54,3,13.62,6,2024-04-14,7,Sunday,4,15
235,2024-03-25 09:24:00,Agua San Luis 500ml,Bebidas,1.18,3,3.54,1,2024-03-25,9,Monday,3,13
236,2024-03-26 09:09:00,Yogurt Gloria Fresa 1kg,Lácteos,6.43,2,12.86,3,2024-03-26,9,Tuesday,3,13
237,2024-02-03 08:19:00,Papel Higiénico Elite x4,Higiene,8.83,3,26.49,6,2024-02-03,8,Saturday,2,5
238,2024-07-27 09:53:00,Jabón Bolivar 230g,Limpieza,2.88,3,8.64,6,2024-07-27,9,Saturday,7,30
239,2024-01-24 19:32:00,Sublime 36g,Snacks,1.46,2,2.92,7,2024-01-24,19,Wednesday,1,4
240,2024-02-16 16:49:00,Atún Florida 170g,Conservas,3.83,2,7.66,4,2024-02-16,16,Friday,2,7
241,2024-02-09 07:32:00,Leche Evaporada Gloria,Lácteos,3.26,3,9.78,3,2024-02-09,7,Friday,2,6
242,2024-01-10 10:38:00,Sublime 36g,Snacks,1.47,2,2.94,7,2024-01-10,10,Wednesday,1,2
243,2024-07-31 11:46:00,Aceite Primor 500ml,Abarrotes,5.06,4,20.24,4,2024-07-31,11,Wednesday,7,31
244,2024-06-22 20:39:00,Detergente Ace 850g,Limpieza,12.08,2,24.16,6,2024-06-22,20,Saturday,6,25
245,2024-02-29 21:51:00,Shampoo Head&Shoulders,Higiene,18.95,2,37.9,6,2024-02-29,21,Thursday,2,9
246,2024-04-04 20:29:00,Arroz Costeño 1kg,Abarrotes,3.86,3,11.58,4,2024-04-04,20,Thursday,4,14
247,2024-05-15 20:52:00,Chifles La Doña 80g,Snacks,2.04,1,2.04,7,2024-05-15,20,Wednesday,5,20
248,2024-08-11 09:30:00,Leche Evaporada Gloria,Lácteos,3.21,2,6.42,3,2024-08-11,9,Sunday,8,32
249,2024-07-01 09:18:00,Leche Gloria Entera 1L,Lácteos,4.88,1,4.88,3,2024-07-01,9,Monday,7,27
250,2024-04-25 10:53:00,Fideos Lavaggi 500g,Abarrotes,2.44,4,9.76,4,2024-04-25,10,Thursday,4,17
251,2024-07-28 21:59:00,Azúcar Cartavio 1kg,Abarrotes,3.48,1,3.48,5,2024-07-28,21,Sunday,7,30
252,2024-05-08 21:05:00,Papel Higiénico Elite x4,Higiene,8.75,2,17.5,6,2024-05-08,21,Wednesday,5,19
253,2024-08-26 09:41:00,Sardina Florida 425g,Conservas,4.27,2,8.54,4,2024-08-26,9,Monday,8,35
254,2024-01-10 08:44:00,Leche Evaporada Gloria,Lácteos,3.25,1,3.25,3,2024-01-10,8,Wednesday,1,2
255,2024-04-24 08:01:00,Galletas Oreo 36g,Snacks,1.47,2,2.94,7,2024-04-24,8,Wednesday,4,17
256,2024-05-20 19:07:00,Yogurt Gloria Fresa 1kg,Lácteos,6.4,2,12.8,3,2024-05-20,19,Monday,5,21
257,2024-01-13 09:50:00,Leche Gloria Light 1L,Lácteos,4.89,3,14.67,3,2024-01-13,9,Saturday,1,2
258,2024-08-02 06:40:00,Leche Gloria Light 1L,Lácteos,4.92,3,14.76,3,2024-08-02,6,Friday,8,31
259,2024-03-15 21:15:00,Yogurt Gloria Fresa 1kg,Lácteos,6.47,3,19.41,3,2024-03-15,21,Friday,3,11
260,2024-05-14 08:33:00,Agua San Luis 2.5L,Bebidas,3.5,5,17.5,1,2024-05-14,8,Tuesday,5,20
261,2024-05-21 08:02:00,Chifles La Doña 80g,Snacks,1.99,3,5.97,7,2024-05-21,8,Tuesday,5,21
262,2024-03-05 17:50:00,Detergente Ace 850g,Limpieza,11.79,1,11.79,6,2024-03-05,17,Tuesday,3,10
263,2024-07-16 16:08:00,Leche Gloria Entera 1L,Lácteos,4.76,1,4.76,3,2024-07-16,16,Tuesday,7,29
264,2024-07-27 20:44:00,Jabón Bolivar 230g,Limpieza,2.82,2,5.64,6,2024-07-27,20,Saturday,7,30
265,2024-01-17 20:02:00,Leche Evaporada Gloria,Lácteos,3.14,2,6.28,3,2024-01-17,20,Wednesday,1,3
266,2024-08-14 08:32:00,Arroz Costeño 1kg,Abarrotes,3.91,4,15.64,4,2024-08-14,8,Wednesday,8,33
267,2024-05-01 09:12:00,Chancay 60g,Panadería,0.5,2,1.0,8,2024-05-01,9,Wednesday,5,18
268,2024-08-09 14:07:00,Pepsi 500ml,Bebidas,2.29,3,6.87,2,2024-08-09,14,Friday,8,32
269,2024-07-09 21:21:00,Papel Higiénico Elite x4,Higiene,8.9,1,8.9,6,2024-07-09,21,Tuesday,7,28
270,2024-04-04 14:51:00,Galletas Soda Field,Snacks,2.84,1,2.84,7,2024-04-04,14,Thursday,4,14
271,2024-04-20 11:34:00,Agua San Luis 2.5L,Bebidas,3.46,3,10.38,1,2024-04-20,11,Saturday,4,16
272,2024-03-24 15:28:00,Agua San Luis 2.5L,Bebidas,3.55,5,17.75,1,2024-03-24,15,Sunday,3,12
273,2024-06-25 21:02:00,Aceite Primor 1L,Abarrotes,8.96,3,26.88,4,2024-06-25,21,Tuesday,6,26
274,2024-03-11 07:04:00,Pañales Huggies T4 x28,Higiene,34.28,3,102.84,6,2024-03-11,7,Monday,3,11
275,2024-05-11 11:01:00,Detergente Ace 850g,Limpieza,12.15,1,12.15,6,2024-05-11,11,Saturday,5,19
276,2024-01-09 07:49:00,Shampoo Head&Shoulders,Higiene,18.35,3,55.05,6,2024-01-09,7,Tuesday,1,2
277,2024-08-31 10:43:00,Lejía Clorox 900ml,Limpieza,4.62,2,9.24,6,2024-08-31,10,Saturday,8,35
278,2024-04-23 10:33:00,Detergente Ace 850g,Limpieza,11.83,2,23.66,6,2024-04-23,10,Tuesday,4,17
279,2024-03-04 06:47:00,Fideos Lavaggi 500g,Abarrotes,2.5,2,5.0,4,2024-03-04,6,Monday,3,10
280,2024-08-21 14:49:00,Lejía Clorox 900ml,Limpieza,4.56,2,9.12,6,2024-08-21,14,Wednesday,8,34
281,2024-06-05 08:12:00,Arroz Costeño 5kg,Abarrotes,17.12,1,17.12,4,2024-06-05,8,Wednesday,6,23
282,2024-04-25 09:28:00,Agua San Luis 500ml,Bebidas,1.22,1,1.22,1,2024-04-25,9,Thursday,4,17
283,2024-06-19 20:35:00,Sardina Florida 425g,Conservas,4.15,3,12.45,4,2024-06-19,20,Wednesday,6,25
284,2024-08-05 09:59:00,Atún Florida 170g,Conservas,3.93,3,11.79,4,2024-08-05,9,Monday,8,32
285,2024-05-10 07:50:00,Detergente Ace 850g,Limpieza,11.71,1,11.71,6,2024-05-10,7,Friday,5,19
286,2024-01-07 21:29:00,Galletas Soda Field,Snacks,2.74,3,8.22,7,2024-01-07,21,Sunday,1,1
287,2024-01-17 21:33:00,Agua San Luis 2.5L,Bebidas,3.56,4,14.24,1,2024-01-17,21,Wednesday,1,3
288,2024-01-19 08:41:00,Mantequilla Gloria 100g,Lácteos,4.19,1,4.19,3,2024-01-19,8,Friday,1,3
289,2024-03-29 09:40:00,Sublime 36g,Snacks,1.47,3,4.41,7,2024-03-29,9,Friday,3,13
290,2024-04-20 20:53:00,Leche Evaporada Gloria,Lácteos,3.2,1,3.2,3,2024-04-20,20,Saturday,4,16
291,2024-02-12 09:14:00,Atún Florida 170g,Conservas,4.0,2,8.0,4,2024-02-12,9,Monday,2,7
292,2024-08-17 07:16:00,Sublime 36g,Snacks,1.51,1,1.51,7,2024-08-17,7,Saturday,8,33
293,2024-03-11 08:39:00,Pan de Molde Bimbo 500g,Panadería,6.34,3,19.02,8,2024-03-11,8,Monday,3,11
294,2024-05-31 10:10:00,Aceite Primor 1L,Abarrotes,9.02,5,45.1,4,2024-05-31,10,Friday,5,22
295,2024-08-03 07:52:00,Jabón Bolivar 230g,Limpieza,2.73,1,2.73,6,2024-08-03,7,Saturday,8,31
296,2024-03-08 19:39:00,Mantequilla Gloria 100g,Lácteos,4.08,3,12.24,3,2024-03-08,19,Friday,3,10
297,2024-03-15 15:30:00,Chancay 60g,Panadería,0.51,1,0.51,8,2024-03-15,15,Friday,3,11
298,2024-03-17 20:10:00,Papel Higiénico Elite x4,Higiene,8.85,2,17.7,6,2024-03-17,20,Sunday,3,11
299,2024-02-22 20:20:00,Pasta Dental Colgate,Higiene,5.44,3,16.32,6,2024-02-22,20,Thursday,2,8
300,2024-04-12 08:32:00,Detergente Ariel 850g,Limpieza,12.2,3,36.6,6,2024-04-12,8,Friday,4,15
301,2024-04-29 08:15:00,Sal Marina 1kg,Abarrotes,1.46,2,2.92,5,2024-04-29,8,Monday,4,18
302,2024-08-30 21:15:00,Harina Blanca Flor 1kg,Abarrotes,3.26,2,6.52,4,2024-08-30,21,Friday,8,35
303,2024-07-03 20:31:00,Mantequilla Gloria 100g,Lácteos,4.19,3,12.57,3,2024-07-03,20,Wednesday,7,27
304,2024-05-07 08:32:00,Atún Florida 170g,Conservas,4.01,2,8.02,4,2024-05-07,8,Tuesday,5,19
305,2024-05-29 20:18:00,Arroz Costeño 5kg,Abarrotes,17.6,4,70.4,4,2024-05-29,20,Wednesday,5,22
306,2024-03-14 20:27:00,Galletas Oreo 36g,Snacks,1.53,1,1.53,7,2024-03-14,20,Thursday,3,11
307,2024-07-14 20:25:00,Detergente Ace 850g,Limpieza,11.95,1,11.95,6,2024-07-14,20,Sunday,7,28
308,2024-04-02 08:24:00,Arroz Costeño 1kg,Abarrotes,3.79,5,18.95,4,2024-04-02,8,Tuesday,4,14
309,2024-03-12 09:08:00,Pan de Molde Bimbo 500g,Panadería,6.46,1,6.46,8,2024-03-12,9,Tuesday,3,11
310,2024-05-22 10:12:00,Jabón Bolivar 230g,Limpieza,2.8,3,8.4,6,2024-05-22,10,Wednesday,5,21
311,2024-01-11 07:45:00,Chifles La Doña 80g,Snacks,2.04,2,4.08,7,2024-01-11,7,Thursday,1,2
312,2024-04-26 09:08:00,Sublime 36g,Snacks,1.54,2,3.08,7,2024-04-26,9,Friday,4,17
313,2024-02-11 21:37:00,Sardina Florida 425g,Conservas,4.2,2,8.4,4,2024-02-11,21,Sunday,2,6
314,2024-05-16 21:30:00,Chifles La Doña 80g,Snacks,1.98,1,1.98,7,2024-05-16,21,Thursday,5,20
315,2024-04-16 06:38:00,Leche Gloria Light 1L,Lácteos,4.83,2,9.66,3,2024-04-16,6,Tuesday,4,16
316,2024-05-27 07:37:00,Queso Edam Gloria 250g,Lácteos,12.25,2,24.5,3,2024-05-27,7,Monday,5,22
317,2024-02-07 13:02:00,Lejía Clorox 900ml,Limpieza,4.62,3,13.86,6,2024-02-07,13,Wednesday,2,6
318,2024-02-18 08:26:00,Leche Gloria Light 1L,Lácteos,4.87,1,4.87,3,2024-02-18,8,Sunday,2,7
319,2024-04-15 21:55:00,Arroz Costeño 5kg,Abarrotes,17.72,1,17.72,4,2024-04-15,21,Monday,4,16
320,2024-02-23 21:33:00,Sublime 36g,Snacks,1.48,2,2.96,7,2024-02-23,21,Friday,2,8
321,2024-04-27 16:34:00,Aceite Primor 500ml,Abarrotes,5.25,3,15.75,4,2024-04-27,16,Saturday,4,17
322,2024-06-05 20:17:00,Fideos Don Vittorio 500g,Abarrotes,2.77,5,13.85,4,2024-06-05,20,Wednesday,6,23
323,2024-07-16 07:44:00,Atún Florida 170g,Conservas,3.9,3,11.7,4,2024-07-16,7,Tuesday,7,29
324,2024-03-30 14:18:00,Galletas Oreo 36g,Snacks,1.51,1,1.51,7,2024-03-30,14,Saturday,3,13
325,2024-04-07 18:52:00,Chancay 60g,Panadería,0.51,2,1.02,8,2024-04-07,18,Sunday,4,14
326,2024-03-15 09:05:00,Yogurt Gloria Fresa 1kg,Lácteos,6.67,2,13.34,3,2024-03-15,9,Friday,3,11
327,2024-07-10 20:52:00,Fideos Don Vittorio 500g,Abarrotes,2.76,5,13.8,4,2024-07-10,20,Wednesday,7,28
328,2024-06-27 07:39:00,Pan de Molde Bimbo 500g,Panadería,6.53,3,19.59,8,2024-06-27,7,Thursday,6,26
329,2024-01-13 13:40:00,Sal Marina 1kg,Abarrotes,1.46,2,2.92,5,2024-01-13,13,Saturday,1,2
330,2024-03-25 09:43:00,Pañales Huggies T3 x30,Higiene,31.54,1,31.54,6,2024-03-25,9,Monday,3,13
331,2024-08-25 09:59:00,Pan de Molde Bimbo 500g,Panadería,6.49,2,12.98,8,2024-08-25,9,Sunday,8,34
332,2024-07-12 16:18:00,Arroz Costeño 1kg,Abarrotes,3.89,1,3.89,4,2024-07-12,16,Friday,7,28
333,2024-06-15 07:58:00,Agua San Luis 2.5L,Bebidas,3.48,2,6.96,1,2024-06-15,7,Saturday,6,24
334,2024-08-27 18:50:00,Aceite Primor 500ml,Abarrotes,5.1,4,20.4,4,2024-08-27,18,Tuesday,8,35
335,2024-08-12 08:36:00,Harina Blanca Flor 1kg,Abarrotes,3.12,5,15.6,4,2024-08-12,8,Monday,8,33
336,2024-03-13 21:56:00,Jabón Bolivar 230g,Limpieza,2.86,1,2.86,6,2024-03-13,21,Wednesday,3,11
337,2024-03-10 07:21:00,Pasta Dental Colgate,Higiene,5.58,1,5.58,6,2024-03-10,7,Sunday,3,10
338,2024-07-02 09:21:00,Fideos Don Vittorio 500g,Abarrotes,2.81,3,8.43,4,2024-07-02,9,Tuesday,7,27
339,2024-02-14 18:52:00,Arroz Costeño 1kg,Abarrotes,3.8,4,15.2,4,2024-02-14,18,Wednesday,2,7
340,2024-04-12 11:08:00,Agua San Luis 2.5L,Bebidas,3.46,4,13.84,1,2024-04-12,11,Friday,4,15
341,2024-01-02 07:28:00,Sal Marina 1kg,Abarrotes,1.54,3,4.62,5,2024-01-02,7,Tuesday,1,1
342,2024-05-29 06:16:00,Atún Florida 170g,Conservas,3.87,3,11.61,4,2024-05-29,6,Wednesday,5,22
343,2024-01-16 20:19:00,Sal Marina 1kg,Abarrotes,1.49,2,2.98,5,2024-01-16,20,Tuesday,1,3
344,2024-08-24 15:44:00,Chifles La Doña 80g,Snacks,2.02,1,2.02,7,2024-08-24,15,Saturday,8,34
345,2024-04-04 13:08:00,Harina Blanca Flor 1kg,Abarrotes,3.13,4,12.52,4,2024-04-04,13,Thursday,4,14
346,2024-04-16 21:48:00,Detergente Ace 850g,Limpieza,12.12,3,36.36,6,2024-04-16,21,Tuesday,4,16
347,2024-07-14 09:55:00,Arroz Costeño 5kg,Abarrotes,17.53,1,17.53,4,2024-07-14,9,Sunday,7,28
348,2024-06-29 20:03:00,Sublime 36g,Snacks,1.54,3,4.62,7,2024-06-29,20,Saturday,6,26
349,2024-05-26 20:20:00,Arroz Costeño 1kg,Abarrotes,3.79,5,18.95,4,2024-05-26,20,Sunday,5,21
350,2024-07-02 08:57:00,Arroz Costeño 5kg,Abarrotes,17.44,5,87.2,4,2024-07-02,8,Tuesday,7,27
351,2024-04-26 08:29:00,Pepsi 500ml,Bebidas,2.24,5,11.2,2,2024-04-26,8,Friday,4,17
352,2024-06-21 06:25:00,Pasta Dental Colgate,Higiene,5.6,2,11.2,6,2024-06-21,6,Friday,6,25
353,2024-05-28 08:22:00,Arroz Costeño 5kg,Abarrotes,17.54,1,17.54,4,2024-05-28,8,Tuesday,5,22
354,2024-08-27 21:02:00,Pepsi 500ml,Bebidas,2.29,3,6.87,2,2024-08-27,21,Tuesday,8,35
355,2024-07-15 19:23:00,Leche Evaporada Gloria,Lácteos,3.19,2,6.38,3,2024-07-15,19,Monday,7,29
356,2024-04-06 09:55:00,Lejía Clorox 900ml,Limpieza,4.4,3,13.2,6,2024-04-06,9,Saturday,4,14
357,2024-01-31 09:25:00,Detergente Ariel 850g,Limpieza,12.22,3,36.66,6,2024-01-31,9,Wednesday,1,5
358,2024-08-01 07:19:00,Azúcar Cartavio 1kg,Abarrotes,3.54,4,14.16,5,2024-08-01,7,Thursday,8,31
359,2024-04-18 20:15:00,Chancay 60g,Panadería,0.5,2,1.0,8,2024-04-18,20,Thursday,4,16
360,2024-02-18 09:02:00,Fideos Lavaggi 500g,Abarrotes,2.52,4,10.08,4,2024-02-18,9,Sunday,2,7
361,2024-03-02 07:38:00,Inca Kola 1.5L,Bebidas,5.48,1,5.48,1,2024-03-02,7,Saturday,3,9
362,2024-03-03 18:28:00,Pepsi 500ml,Bebidas,2.31,2,4.62,2,2024-03-03,18,Sunday,3,9
363,2024-02-05 21:14:00,Pepsi 500ml,Bebidas,2.28,5,11.4,2,2024-02-05,21,Monday,2,6
364,2024-03-01 20:42:00,Sardina Florida 425g,Conservas,4.13,3,12.39,4,2024-03-01,20,Friday,3,9
365,2024-03-11 09:56:00,Atún Florida 170g,Conservas,4.0,3,12.0,4,2024-03-11,9,Monday,3,11
366,2024-05-22 21:41:00,Pañales Huggies T4 x28,Higiene,33.76,3,101.28,6,2024-05-22,21,Wednesday,5,21
367,2024-03-22 19:09:00,Sublime 36g,Snacks,1.49,2,2.98,7,2024-03-22,19,Friday,3,12
368,2024-05-01 07:19:00,Chancay 60g,Panadería,0.49,3,1.47,8,2024-05-01,7,Wednesday,5,18
369,2024-08-22 08:26:00,Pasta Dental Colgate,Higiene,5.51,3,16.53,6,2024-08-22,8,Thursday,8,34
370,2024-03-03 08:41:00,Lejía Clorox 900ml,Limpieza,4.61,1,4.61,6,2024-03-03,8,Sunday,3,9
371,2024-01-24 20:03:00,Detergente Ace 850g,Limpieza,11.81,2,23.62,6,2024-01-24,20,Wednesday,1,4
372,2024-08-11 09:46:00,Coca-Cola 500ml,Bebidas,2.46,5,12.3,2,2024-08-11,9,Sunday,8,32
373,2024-08-10 15:58:00,Arroz Costeño 5kg,Abarrotes,17.2,1,17.2,4,2024-08-10,15,Saturday,8,32
374,2024-07-08 08:58:00,Arroz Costeño 1kg,Abarrotes,3.84,2,7.68,4,2024-07-08,8,Monday,7,28
375,2024-04-11 16:49:00,Arroz Costeño 5kg,Abarrotes,17.37,3,52.11,4,2024-04-11,16,Thursday,4,15
376,2024-06-15 21:23:00,Chancay 60g,Panadería,0.51,3,1.53,8,2024-06-15,21,Saturday,6,24
377,2024-01-26 21:48:00,Pasta Dental Colgate,Higiene,5.64,2,11.28,6,2024-01-26,21,Friday,1,4
378,2024-03-21 20:47:00,Detergente Ace 850g,Limpieza,11.55,1,11.55,6,2024-03-21,20,Thursday,3,12
379,2024-08-27 19:18:00,Pan de Molde Bimbo 500g,Panadería,6.38,1,6.38,8,2024-08-27,19,Tuesday,8,35
380,2024-04-07 13:31:00,Azúcar Cartavio 1kg,Abarrotes,3.53,5,17.65,5,2024-04-07,13,Sunday,4,14
381,2024-03-06 21:46:00,Jabón Bolivar 230g,Limpieza,2.84,3,8.52,6,2024-03-06,21,Wednesday,3,10
382,2024-02-13 17:10:00,Pasta Dental Colgate,Higiene,5.57,1,5.57,6,2024-02-13,17,Tuesday,2,7
383,2024-02-17 07:33:00,Galletas Soda Field,Snacks,2.86,1,2.86,7,2024-02-17,7,Saturday,2,7
384,2024-08-29 07:48:00,Agua San Luis 500ml,Bebidas,1.19,1,1.19,1,2024-08-29,7,Thursday,8,35
385,2024-01-18 06:13:00,Azúcar Cartavio 1kg,Abarrotes,3.49,5,17.45,5,2024-01-18,6,Thursday,1,3
386,2024-06-07 21:42:00,Pepsi 500ml,Bebidas,2.23,4,8.92,2,2024-06-07,21,Friday,6,23
387,2024-05-21 20:33:00,Chancay 60g,Panadería,0.49,3,1.47,8,2024-05-21,20,Tuesday,5,21
388,2024-01-05 21:51:00,Harina Blanca Flor 1kg,Abarrotes,3.12,2,6.24,4,2024-01-05,21,Friday,1,1
389,2024-05-14 07:39:00,Leche Gloria Entera 1L,Lácteos,4.73,3,14.19,3,2024-05-14,7,Tuesday,5,20
390,2024-03-09 08:23:00,Detergente Ariel 850g,Limpieza,12.47,2,24.94,6,2024-03-09,8,Saturday,3,10
391,2024-06-27 09:52:00,Sal Marina 1kg,Abarrotes,1.51,1,1.51,5,2024-06-27,9,Thursday,6,26
392,2024-01-24 21:35:00,Coca-Cola 500ml,Bebidas,2.43,4,9.72,2,2024-01-24,21,Wednesday,1,4
393,2024-06-28 08:54:00,Inca Kola 500ml,Bebidas,2.52,4,10.08,1,2024-06-28,8,Friday,6,26
394,2024-05-24 09:57:00,Jabón Bolivar 230g,Limpieza,2.87,3,8.61,6,2024-05-24,9,Friday,5,21
395,2024-02-24 21:17:00,Azúcar Cartavio 1kg,Abarrotes,3.59,1,3.59,5,2024-02-24,21,Saturday,2,8
396,2024-08-18 20:11:00,Fideos Lavaggi 500g,Abarrotes,2.43,3,7.29,4,2024-08-18,20,Sunday,8,33
397,2024-05-30 09:52:00,Arroz Costeño 5kg,Abarrotes,17.95,4,71.8,4,2024-05-30,9,Thursday,5,22
398,2024-02-11 18:43:00,Atún Florida 170g,Conservas,3.86,3,11.58,4,2024-02-11,18,Sunday,2,6
399,2024-07-21 08:32:00,Leche Evaporada Gloria,Lácteos,3.29,3,9.87,3,2024-07-21,8,Sunday,7,29
400,2024-01-26 20:21:00,Pepsi 500ml,Bebidas,2.34,5,11.7,2,2024-01-26,20,Friday,1,4
401,2024-07-17 21:50:00,Papel Higiénico Elite x4,Higiene,8.89,2,17.78,6,2024-07-17,21,Wednesday,7,29
402,2024-05-21 19:11:00,Detergente Ariel 850g,Limpieza,12.56,3,37.68,6,2024-05-21,19,Tuesday,5,21
403,2024-01-22 15:51:00,Lejía Clorox 900ml,Limpieza,4.56,1,4.56,6,2024-01-22,15,Monday,1,4
404,2024-03-09 09:50:00,Agua San Luis 2.5L,Bebidas,3.55,2,7.1,1,2024-03-09,9,Saturday,3,10
405,2024-04-02 07:19:00,Sardina Florida 425g,Conservas,4.16,2,8.32,4,2024-04-02,7,Tuesday,4,14
406,2024-01-27 07:27:00,Fideos Lavaggi 500g,Abarrotes,2.51,4,10.04,4,2024-01-27,7,Saturday,1,4
407,2024-04-14 07:22:00,Chifles La Doña 80g,Snacks,1.95,3,5.85,7,2024-04-14,7,Sunday,4,15
408,2024-08-09 21:26:00,Sardina Florida 425g,Conservas,4.27,2,8.54,4,2024-08-09,21,Friday,8,32
409,2024-08-19 13:36:00,Pan de Molde Bimbo 500g,Panadería,6.37,3,19.11,8,2024-08-19,13,Monday,8,34
410,2024-02-13 08:17:00,Lejía Clorox 900ml,Limpieza,4.4,2,8.8,6,2024-02-13,8,Tuesday,2,7
411,2024-04-21 08:30:00,Aceite Primor 1L,Abarrotes,8.83,1,8.83,4,2024-04-21,8,Sunday,4,16
412,2024-07-03 12:29:00,Sal Marina 1kg,Abarrotes,1.47,1,1.47,5,2024-07-03,12,Wednesday,7,27
413,2024-08-30 21:51:00,Inca Kola 500ml,Bebidas,2.49,3,7.47,1,2024-08-30,21,Friday,8,35
414,2024-07-27 10:19:00,Pañales Huggies T4 x28,Higiene,34.21,2,68.42,6,2024-07-27,10,Saturday,7,30
415,2024-05-02 21:20:00,Arroz Costeño 1kg,Abarrotes,3.85,3,11.55,4,2024-05-02,21,Thursday,5,18
416,2024-05-27 16:24:00,Galletas Soda Field,Snacks,2.85,2,5.7,7,2024-05-27,16,Monday,5,22
417,2024-04-03 09:12:00,Papel Higiénico Elite x4,Higiene,9.17,3,27.51,6,2024-04-03,9,Wednesday,4,14
418,2024-06-23 06:46:00,Aceite Primor 500ml,Abarrotes,5.34,4,21.36,4,2024-06-23,6,Sunday,6,25
419,2024-04-22 08:52:00,Arroz Costeño 5kg,Abarrotes,17.68,4,70.72,4,2024-04-22,8,Monday,4,17
420,2024-06-11 21:42:00,Leche Evaporada Gloria,Lácteos,3.24,1,3.24,3,2024-06-11,21,Tuesday,6,24
421,2024-01-19 21:37:00,Lejía Clorox 900ml,Limpieza,4.51,2,9.02,6,2024-01-19,21,Friday,1,3
422,2024-05-19 08:44:00,Pañales Huggies T3 x30,Higiene,32.68,3,98.04,6,2024-05-19,8,Sunday,5,20
423,2024-01-28 17:10:00,Agua San Luis 2.5L,Bebidas,3.4,5,17.0,1,2024-01-28,17,Sunday,1,4
424,2024-07-11 21:06:00,Papel Higiénico Elite x4,Higiene,8.69,1,8.69,6,2024-07-11,21,Thursday,7,28
425,2024-05-10 13:28:00,Azúcar Cartavio 1kg,Abarrotes,3.48,3,10.44,5,2024-05-10,13,Friday,5,19
426,2024-06-25 21:01:00,Queso Edam Gloria 250g,Lácteos,12.2,2,24.4,3,2024-06-25,21,Tuesday,6,26
427,2024-08-23 09:53:00,Pañales Huggies T3 x30,Higiene,31.8,3,95.4,6,2024-08-23,9,Friday,8,34
428,2024-03-28 20:33:00,Atún Florida 170g,Conservas,3.86,2,7.72,4,2024-03-28,20,Thursday,3,13
429,2024-04-22 20:20:00,Leche Gloria Entera 1L,Lácteos,4.74,1,4.74,3,2024-04-22,20,Monday,4,17
430,2024-01-06 09:43:00,Leche Gloria Light 1L,Lácteos,5.03,1,5.03,3,2024-01-06,9,Saturday,1,1
431,2024-05-12 07:21:00,Sal Marina 1kg,Abarrotes,1.49,5,7.45,5,2024-05-12,7,Sunday,5,19
432,2024-02-29 11:11:00,Pasta Dental Colgate,Higiene,5.55,3,16.65,6,2024-02-29,11,Thursday,2,9
433,2024-01-08 12:28:00,Papel Higiénico Elite x4,Higiene,8.86,3,26.58,6,2024-01-08,12,Monday,1,2
434,2024-06-29 08:48:00,Inca Kola 500ml,Bebidas,2.51,1,2.51,1,2024-06-29,8,Saturday,6,26
435,2024-02-17 20:29:00,Chancay 60g,Panadería,0.49,1,0.49,8,2024-02-17,20,Saturday,2,7
436,2024-05-15 16:38:00,Galletas Soda Field,Snacks,2.82,2,5.64,7,2024-05-15,16,Wednesday,5,20
437,2024-01-30 21:39:00,Queso Edam Gloria 250g,Lácteos,12.74,1,12.74,3,2024-01-30,21,Tuesday,1,5
438,2024-08-23 08:43:00,Atún Florida 170g,Conservas,3.86,1,3.86,4,2024-08-23,8,Friday,8,34
439,2024-03-19 08:44:00,Sal Marina 1kg,Abarrotes,1.5,2,3.0,5,2024-03-19,8,Tuesday,3,12
440,2024-06-01 08:27:00,Pañales Huggies T3 x30,Higiene,32.47,1,32.47,6,2024-06-01,8,Saturday,6,22
441,2024-06-26 11:35:00,Chancay 60g,Panadería,0.5,1,0.5,8,2024-06-26,11,Wednesday,6,26
442,2024-02-17 21:39:00,Leche Evaporada Gloria,Lácteos,3.27,1,3.27,3,2024-02-17,21,Saturday,2,7
443,2024-05-04 08:35:00,Inca Kola 500ml,Bebidas,2.52,5,12.6,1,2024-05-04,8,Saturday,5,18
444,2024-06-24 21:31:00,Pañales Huggies T3 x30,Higiene,31.69,1,31.69,6,2024-06-24,21,Monday,6,26
445,2024-07-22 15:02:00,Inca Kola 1.5L,Bebidas,5.41,3,16.23,1,2024-07-22,15,Monday,7,30
446,2024-02-13 21:35:00,Harina Blanca Flor 1kg,Abarrotes,3.13,5,15.65,4,2024-02-13,21,Tuesday,2,7
447,2024-03-09 17:34:00,Leche Gloria Light 1L,Lácteos,4.98,1,4.98,3,2024-03-09,17,Saturday,3,10
448,2024-05-19 08:06:00,Shampoo Head&Shoulders,Higiene,18.87,3,56.61,6,2024-05-19,8,Sunday,5,20
449,2024-03-17 07:28:00,Sal Marina 1kg,Abarrotes,1.49,3,4.47,5,2024-03-17,7,Sunday,3,11
450,2024-04-22 09:49:00,Agua San Luis 2.5L,Bebidas,3.44,2,6.88,1,2024-04-22,9,Monday,4,17
451,2024-06-25 21:10:00,Queso Edam Gloria 250g,Lácteos,12.23,3,36.69,3,2024-06-25,21,Tuesday,6,26
452,2024-07-27 07:36:00,Arroz Costeño 5kg,Abarrotes,17.53,3,52.59,4,2024-07-27,7,Saturday,7,30
453,2024-02-13 21:18:00,Chancay 60g,Panadería,0.49,3,1.47,8,2024-02-13,21,Tuesday,2,7
454,2024-08-18 09:08:00,Chifles La Doña 80g,Snacks,2.05,2,4.1,7,2024-08-18,9,Sunday,8,33
455,2024-08-09 10:15:00,Fideos Lavaggi 500g,Abarrotes,2.53,2,5.06,4,2024-08-09,10,Friday,8,32
456,2024-07-13 18:31:00,Sal Marina 1kg,Abarrotes,1.51,2,3.02,5,2024-07-13,18,Saturday,7,28
457,2024-06-09 21:04:00,Fideos Lavaggi 500g,Abarrotes,2.49,1,2.49,4,2024-06-09,21,Sunday,6,23
458,2024-06-26 17:29:00,Fideos Lavaggi 500g,Abarrotes,2.47,4,9.88,4,2024-06-26,17,Wednesday,6,26
459,2024-08-10 08:46:00,Inca Kola 500ml,Bebidas,2.52,4,10.08,1,2024-08-10,8,Saturday,8,32
460,2024-08-05 09:25:00,Detergente Ariel 850g,Limpieza,12.85,1,12.85,6,2024-08-05,9,Monday,8,32
461,2024-05-06 08:21:00,Arroz Costeño 5kg,Abarrotes,17.58,5,87.9,4,2024-05-06,8,Monday,5,19
462,2024-08-06 21:57:00,Mantequilla Gloria 100g,Lácteos,4.27,3,12.81,3,2024-08-06,21,Tuesday,8,32
463,2024-01-26 20:01:00,Coca-Cola 500ml,Bebidas,2.56,1,2.56,2,2024-01-26,20,Friday,1,4
464,2024-04-22 21:12:00,Aceite Primor 1L,Abarrotes,9.1,2,18.2,4,2024-04-22,21,Monday,4,17
465,2024-02-10 14:05:00,Atún Florida 170g,Conservas,3.87,3,11.61,4,2024-02-10,14,Saturday,2,6
466,2024-04-05 11:03:00,Agua San Luis 2.5L,Bebidas,3.53,4,14.12,1,2024-04-05,11,Friday,4,14
467,2024-04-19 09:00:00,Azúcar Cartavio 1kg,Abarrotes,3.5,2,7.0,5,2024-04-19,9,Friday,4,16
468,2024-05-31 09:28:00,Leche Evaporada Gloria,Lácteos,3.11,1,3.11,3,2024-05-31,9,Friday,5,22
469,2024-07-28 08:44:00,Jabón Bolivar 230g,Limpieza,2.8,1,2.8,6,2024-07-28,8,Sunday,7,30
470,2024-04-08 07:06:00,Azúcar Cartavio 1kg,Abarrotes,3.47,3,10.41,5,2024-04-08,7,Monday,4,15
471,2024-02-05 20:41:00,Atún Florida 170g,Conservas,3.82,3,11.46,4,2024-02-05,20,Monday,2,6
472,2024-05-24 09:10:00,Sublime 36g,Snacks,1.49,2,2.98,7,2024-05-24,9,Friday,5,21
473,2024-06-09 19:39:00,Arroz Costeño 5kg,Abarrotes,17.88,4,71.52,4,2024-06-09,19,Sunday,6,23
474,2024-08-17 07:37:00,Agua San Luis 2.5L,Bebidas,3.47,4,13.88,1,2024-08-17,7,Saturday,8,33
475,2024-03-21 13:17:00,Pañales Huggies T4 x28,Higiene,33.15,3,99.45,6,2024-03-21,13,Thursday,3,12
476,2024-06-02 15:49:00,Pan de Molde Bimbo 500g,Panadería,6.32,3,18.96,8,2024-06-02,15,Sunday,6,22
477,2024-02-22 20:47:00,Atún Florida 170g,Conservas,3.85,2,7.7,4,2024-02-22,20,Thursday,2,8
478,2024-07-19 13:31:00,Pepsi 500ml,Bebidas,2.25,4,9.0,2,2024-07-19,13,Friday,7,29
479,2024-06-12 06:23:00,Galletas Soda Field,Snacks,2.74,2,5.48,7,2024-06-12,6,Wednesday,6,24
480,2024-04-17 20:48:00,Mantequilla Gloria 100g,Lácteos,4.31,2,8.62,3,2024-04-17,20,Wednesday,4,16
481,2024-01-05 06:16:00,Agua San Luis 500ml,Bebidas,1.17,2,2.34,1,2024-01-05,6,Friday,1,1
482,2024-08-30 15:40:00,Pepsi 500ml,Bebidas,2.34,5,11.7,2,2024-08-30,15,Friday,8,35
483,2024-06-28 20:17:00,Pañales Huggies T4 x28,Higiene,33.61,1,33.61,6,2024-06-28,20,Friday,6,26
484,2024-08-23 07:34:00,Chifles La Doña 80g,Snacks,1.99,2,3.98,7,2024-08-23,7,Friday,8,34
485,2024-03-20 13:03:00,Agua San Luis 500ml,Bebidas,1.17,2,2.34,1,2024-03-20,13,Wednesday,3,12
486,2024-01-30 20:19:00,Pañales Huggies T4 x28,Higiene,34.49,3,103.47,6,2024-01-30,20,Tuesday,1,5
487,2024-01-31 07:44:00,Aceite Primor 500ml,Abarrotes,5.1,1,5.1,4,2024-01-31,7,Wednesday,1,5
488,2024-05-13 21:10:00,Detergente Ariel 850g,Limpieza,12.22,2,24.44,6,2024-05-13,21,Monday,5,20
489,2024-07-06 06:21:00,Fideos Lavaggi 500g,Abarrotes,2.47,4,9.88,4,2024-07-06,6,Saturday,7,27
490,2024-03-08 08:31:00,Agua San Luis 500ml,Bebidas,1.2,4,4.8,1,2024-03-08,8,Friday,3,10
491,2024-05-07 11:23:00,Pepsi 500ml,Bebidas,2.27,2,4.54,2,2024-05-07,11,Tuesday,5,19
492,2024-08-16 09:14:00,Leche Gloria Entera 1L,Lácteos,4.8,3,14.4,3,2024-08-16,9,Friday,8,33
493,2024-08-07 13:02:00,Coca-Cola 500ml,Bebidas,2.48,4,9.92,2,2024-08-07,13,Wednesday,8,32
494,2024-02-15 07:35:00,Yogurt Gloria Fresa 1kg,Lácteos,6.59,3,19.77,3,2024-02-15,7,Thursday,2,7
495,2024-02-27 21:58:00,Pañales Huggies T3 x30,Higiene,32.15,3,96.45,6,2024-02-27,21,Tuesday,2,9
496,2024-05-26 20:11:00,Agua San Luis 500ml,Bebidas,1.22,2,2.44,1,2024-05-26,20,Sunday,5,21
497,2024-04-12 08:55:00,Coca-Cola 500ml,Bebidas,2.54,3,7.62,2,2024-04-12,8,Friday,4,15
498,2024-03-24 08:00:00,Atún Florida 170g,Conservas,3.83,2,7.66,4,2024-03-24,8,Sunday,3,12
499,2024-07-19 20:29:00,Mantequilla Gloria 100g,Lácteos,4.22,2,8.44,3,2024-07-19,20,Friday,7,29
500,2024-07-16 13:09:00,Galletas Soda Field,Snacks,2.87,1,2.87,7,2024-07-16,13,Tuesday,7,29
501,2024-02-29 20:21:00,Inca Kola 1.5L,Bebidas,5.59,1,5.59,1,2024-02-29,20,Thursday,2,9
502,2024-08-05 15:06:00,Lejía Clorox 900ml,Limpieza,4.51,1,4.51,6,2024-08-05,15,Monday,8,32
503,2024-04-17 20:09:00,Sal Marina 1kg,Abarrotes,1.46,3,4.38,5,2024-04-17,20,Wednesday,4,16
504,2024-08-17 19:44:00,Azúcar Cartavio 1kg,Abarrotes,3.49,3,10.47,5,2024-08-17,19,Saturday,8,33
505,2024-05-28 07:40:00,Agua San Luis 2.5L,Bebidas,3.41,4,13.64,1,2024-05-28,7,Tuesday,5,22
506,2024-01-16 20:15:00,Mantequilla Gloria 100g,Lácteos,4.14,2,8.28,3,2024-01-16,20,Tuesday,1,3
507,2024-08-25 16:20:00,Sardina Florida 425g,Conservas,4.14,2,8.28,4,2024-08-25,16,Sunday,8,34
508,2024-08-29 09:06:00,Agua San Luis 500ml,Bebidas,1.17,2,2.34,1,2024-08-29,9,Thursday,8,35
509,2024-04-29 20:34:00,Shampoo Head&Shoulders,Higiene,19.02,2,38.04,6,2024-04-29,20,Monday,4,18
510,2024-04-25 21:54:00,Arroz Costeño 5kg,Abarrotes,17.07,1,17.07,4,2024-04-25,21,Thursday,4,17
511,2024-07-30 07:13:00,Atún Florida 170g,Conservas,3.82,2,7.64,4,2024-07-30,7,Tuesday,7,31
512,2024-04-01 20:43:00,Sal Marina 1kg,Abarrotes,1.48,3,4.44,5,2024-04-01,20,Monday,4,14
513,2024-01-08 20:35:00,Aceite Primor 500ml,Abarrotes,5.12,5,25.6,4,2024-01-08,20,Monday,1,2
514,2024-01-27 10:07:00,Pasta Dental Colgate,Higiene,5.36,1,5.36,6,2024-01-27,10,Saturday,1,4
515,2024-02-03 08:23:00,Azúcar Cartavio 1kg,Abarrotes,3.52,1,3.52,5,2024-02-03,8,Saturday,2,5
516,2024-08-22 06:04:00,Fideos Don Vittorio 500g,Abarrotes,2.87,2,5.74,4,2024-08-22,6,Thursday,8,34
517,2024-07-26 08:07:00,Shampoo Head&Shoulders,Higiene,18.99,1,18.99,6,2024-07-26,8,Friday,7,30
518,2024-02-13 19:52:00,Pepsi 500ml,Bebidas,2.3,4,9.2,2,2024-02-13,19,Tuesday,2,7
519,2024-06-23 21:13:00,Lejía Clorox 900ml,Limpieza,4.44,1,4.44,6,2024-06-23,21,Sunday,6,25
520,2024-08-14 09:39:00,Shampoo Head&Shoulders,Higiene,18.22,3,54.66,6,2024-08-14,9,Wednesday,8,33
521,2024-05-07 21:03:00,Harina Blanca Flor 1kg,Abarrotes,3.16,1,3.16,4,2024-05-07,21,Tuesday,5,19
522,2024-04-17 09:15:00,Leche Evaporada Gloria,Lácteos,3.29,3,9.87,3,2024-04-17,9,Wednesday,4,16
523,2024-07-22 08:50:00,Chancay 60g,Panadería,0.5,3,1.5,8,2024-07-22,8,Monday,7,30
524,2024-07-19 21:24:00,Chancay 60g,Panadería,0.49,2,0.98,8,2024-07-19,21,Friday,7,29
525,2024-06-01 08:03:00,Sardina Florida 425g,Conservas,4.21,2,8.42,4,2024-06-01,8,Saturday,6,22
526,2024-02-29 09:15:00,Queso Edam Gloria 250g,Lácteos,12.31,3,36.93,3,2024-02-29,9,Thursday,2,9
527,2024-07-27 07:48:00,Chancay 60g,Panadería,0.5,1,0.5,8,2024-07-27,7,Saturday,7,30
528,2024-03-31 11:11:00,Lejía Clorox 900ml,Limpieza,4.52,1,4.52,6,2024-03-31,11,Sunday,3,13
529,2024-08-21 17:36:00,Detergente Ariel 850g,Limpieza,12.23,3,36.69,6,2024-08-21,17,Wednesday,8,34
530,2024-08-02 21:34:00,Arroz Costeño 1kg,Abarrotes,3.73,3,11.19,4,2024-08-02,21,Friday,8,31
531,2024-01-24 09:14:00,Coca-Cola 500ml,Bebidas,2.5,1,2.5,2,2024-01-24,9,Wednesday,1,4
532,2024-03-25 12:51:00,Inca Kola 500ml,Bebidas,2.48,2,4.96,1,2024-03-25,12,Monday,3,13
533,2024-08-23 16:03:00,Aceite Primor 500ml,Abarrotes,5.09,1,5.09,4,2024-08-23,16,Friday,8,34
534,2024-07-17 09:55:00,Yogurt Gloria Fresa 1kg,Lácteos,6.68,2,13.36,3,2024-07-17,9,Wednesday,7,29
535,2024-06-29 18:37:00,Detergente Ace 850g,Limpieza,11.78,1,11.78,6,2024-06-29,18,Saturday,6,26
536,2024-02-04 19:50:00,Sardina Florida 425g,Conservas,4.32,3,12.96,4,2024-02-04,19,Sunday,2,5
537,2024-02-14 17:14:00,Sardina Florida 425g,Conservas,4.22,3,12.66,4,2024-02-14,17,Wednesday,2,7
538,2024-04-06 21:08:00,Aceite Primor 500ml,Abarrotes,5.27,2,10.54,4,2024-04-06,21,Saturday,4,14
539,2024-04-10 07:11:00,Mantequilla Gloria 100g,Lácteos,4.15,3,12.45,3,2024-04-10,7,Wednesday,4,15
540,2024-06-12 21:09:00,Azúcar Cartavio 1kg,Abarrotes,3.55,3,10.65,5,2024-06-12,21,Wednesday,6,24
541,2024-03-29 11:40:00,Sal Marina 1kg,Abarrotes,1.53,1,1.53,5,2024-03-29,11,Friday,3,13
542,2024-04-24 07:15:00,Jabón Bolivar 230g,Limpieza,2.73,3,8.19,6,2024-04-24,7,Wednesday,4,17
543,2024-07-20 07:03:00,Fideos Don Vittorio 500g,Abarrotes,2.79,4,11.16,4,2024-07-20,7,Saturday,7,29
544,2024-02-12 21:56:00,Pañales Huggies T3 x30,Higiene,32.21,2,64.42,6,2024-02-12,21,Monday,2,7
545,2024-01-26 13:10:00,Lejía Clorox 900ml,Limpieza,4.38,2,8.76,6,2024-01-26,13,Friday,1,4
546,2024-03-16 08:06:00,Coca-Cola 500ml,Bebidas,2.48,1,2.48,2,2024-03-16,8,Saturday,3,11
547,2024-02-11 08:21:00,Lejía Clorox 900ml,Limpieza,4.63,3,13.89,6,2024-02-11,8,Sunday,2,6
548,2024-06-29 09:10:00,Galletas Oreo 36g,Snacks,1.54,3,4.62,7,2024-06-29,9,Saturday,6,26
549,2024-01-14 07:12:00,Aceite Primor 1L,Abarrotes,9.01,4,36.04,4,2024-01-14,7,Sunday,1,2
550,2024-03-08 15:15:00,Chancay 60g,Panadería,0.49,1,0.49,8,2024-03-08,15,Friday,3,10
551,2024-05-20 10:03:00,Mantequilla Gloria 100g,Lácteos,4.07,2,8.14,3,2024-05-20,10,Monday,5,21
552,2024-03-16 21:12:00,Agua San Luis 2.5L,Bebidas,3.4,1,3.4,1,2024-03-16,21,Saturday,3,11
553,2024-06-12 07:30:00,Aceite Primor 1L,Abarrotes,8.8,1,8.8,4,2024-06-12,7,Wednesday,6,24
554,2024-04-30 21:05:00,Papel Higiénico Elite x4,Higiene,8.92,3,26.76,6,2024-04-30,21,Tuesday,4,18
555,2024-04-04 17:11:00,Aceite Primor 500ml,Abarrotes,5.06,4,20.24,4,2024-04-04,17,Thursday,4,14
556,2024-04-29 08:36:00,Shampoo Head&Shoulders,Higiene,18.11,1,18.11,6,2024-04-29,8,Monday,4,18
557,2024-01-22 19:48:00,Leche Gloria Entera 1L,Lácteos,4.72,3,14.16,3,2024-01-22,19,Monday,1,4
558,2024-08-03 21:34:00,Pepsi 500ml,Bebidas,2.31,4,9.24,2,2024-08-03,21,Saturday,8,31
559,2024-05-01 08:57:00,Sal Marina 1kg,Abarrotes,1.5,1,1.5,5,2024-05-01,8,Wednesday,5,18
560,2024-07-23 10:07:00,Sublime 36g,Snacks,1.47,2,2.94,7,2024-07-23,10,Tuesday,7,30
561,2024-02-24 10:02:00,Aceite Primor 1L,Abarrotes,8.67,4,34.68,4,2024-02-24,10,Saturday,2,8
562,2024-02-21 10:53:00,Pañales Huggies T4 x28,Higiene,33.51,3,100.53,6,2024-02-21,10,Wednesday,2,8
563,2024-01-23 21:35:00,Agua San Luis 500ml,Bebidas,1.23,3,3.69,1,2024-01-23,21,Tuesday,1,4
564,2024-04-27 06:50:00,Sublime 36g,Snacks,1.51,3,4.53,7,2024-04-27,6,Saturday,4,17
565,2024-07-19 21:09:00,Sublime 36g,Snacks,1.51,1,1.51,7,2024-07-19,21,Friday,7,29
566,2024-07-13 09:59:00,Queso Edam Gloria 250g,Lácteos,12.55,1,12.55,3,2024-07-13,9,Saturday,7,28
567,2024-07-20 09:56:00,Leche Gloria Entera 1L,Lácteos,4.91,2,9.82,3,2024-07-20,9,Saturday,7,29
568,2024-04-08 21:02:00,Fideos Don Vittorio 500g,Abarrotes,2.76,2,5.52,4,2024-04-08,21,Monday,4,15
569,2024-06-07 18:02:00,Yogurt Gloria Fresa 1kg,Lácteos,6.65,2,13.3,3,2024-06-07,18,Friday,6,23
570,2024-06-25 09:30:00,Jabón Bolivar 230g,Limpieza,2.87,2,5.74,6,2024-06-25,9,Tuesday,6,26
571,2024-03-27 15:19:00,Inca Kola 1.5L,Bebidas,5.61,3,16.83,1,2024-03-27,15,Wednesday,3,13
572,2024-08-10 08:47:00,Leche Gloria Entera 1L,Lácteos,4.88,2,9.76,3,2024-08-10,8,Saturday,8,32
573,2024-03-09 08:12:00,Sardina Florida 425g,Conservas,4.13,2,8.26,4,2024-03-09,8,Saturday,3,10
574,2024-07-08 21:52:00,Pañales Huggies T3 x30,Higiene,32.53,1,32.53,6,2024-07-08,21,Monday,7,28
575,2024-01-17 21:08:00,Aceite Primor 1L,Abarrotes,9.1,5,45.5,4,2024-01-17,21,Wednesday,1,3
576,2024-02-14 07:53:00,Inca Kola 1.5L,Bebidas,5.42,1,5.42,1,2024-02-14,7,Wednesday,2,7
577,2024-01-13 12:17:00,Pasta Dental Colgate,Higiene,5.61,2,11.22,6,2024-01-13,12,Saturday,1,2
578,2024-04-11 09:43:00,Chifles La Doña 80g,Snacks,1.97,1,1.97,7,2024-04-11,9,Thursday,4,15
579,2024-06-01 21:37:00,Galletas Soda Field,Snacks,2.77,3,8.31,7,2024-06-01,21,Saturday,6,22
580,2024-08-02 08:18:00,Aceite Primor 1L,Abarrotes,8.84,1,8.84,4,2024-08-02,8,Friday,8,31
581,2024-08-06 12:54:00,Aceite Primor 1L,Abarrotes,8.98,2,17.96,4,2024-08-06,12,Tuesday,8,32
582,2024-03-09 06:55:00,Arroz Costeño 5kg,Abarrotes,17.47,1,17.47,4,2024-03-09,6,Saturday,3,10
583,2024-06-14 07:14:00,Leche Evaporada Gloria,Lácteos,3.22,2,6.44,3,2024-06-14,7,Friday,6,24
584,2024-07-01 14:27:00,Atún Florida 170g,Conservas,3.98,2,7.96,4,2024-07-01,14,Monday,7,27
585,2024-03-05 08:43:00,Pasta Dental Colgate,Higiene,5.61,3,16.83,6,2024-03-05,8,Tuesday,3,10
586,2024-05-29 09:42:00,Papel Higiénico Elite x4,Higiene,8.93,2,17.86,6,2024-05-29,9,Wednesday,5,22
587,2024-03-17 21:04:00,Harina Blanca Flor 1kg,Abarrotes,3.29,3,9.87,4,2024-03-17,21,Sunday,3,11
588,2024-08-08 09:45:00,Sardina Florida 425g,Conservas,4.15,3,12.45,4,2024-08-08,9,Thursday,8,32
589,2024-05-12 07:51:00,Yogurt Gloria Fresa 1kg,Lácteos,6.46,3,19.38,3,2024-05-12,7,Sunday,5,19
590,2024-06-23 07:41:00,Sardina Florida 425g,Conservas,4.33,2,8.66,4,2024-06-23,7,Sunday,6,25
591,2024-08-20 21:47:00,Fideos Don Vittorio 500g,Abarrotes,2.81,1,2.81,4,2024-08-20,21,Tuesday,8,34
592,2024-07-27 09:45:00,Mantequilla Gloria 100g,Lácteos,4.25,1,4.25,3,2024-07-27,9,Saturday,7,30
593,2024-08-20 17:32:00,Galletas Oreo 36g,Snacks,1.53,2,3.06,7,2024-08-20,17,Tuesday,8,34
594,2024-02-16 08:08:00,Pan de Molde Bimbo 500g,Panadería,6.41,3,19.23,8,2024-02-16,8,Friday,2,7
595,2024-07-14 16:41:00,Pan de Molde Bimbo 500g,Panadería,6.39,1,6.39,8,2024-07-14,16,Sunday,7,28
596,2024-07-09 19:50:00,Azúcar Cartavio 1kg,Abarrotes,3.47,3,10.41,5,2024-07-09,19,Tuesday,7,28
597,2024-03-16 20:30:00,Queso Edam Gloria 250g,Lácteos,12.77,1,12.77,3,2024-03-16,20,Saturday,3,11
598,2024-05-28 08:30:00,Queso Edam Gloria 250g,Lácteos,12.5,1,12.5,3,2024-05-28,8,Tuesday,5,22
599,2024-05-15 07:55:00,Lejía Clorox 900ml,Limpieza,4.4,1,4.4,6,2024-05-15,7,Wednesday,5,20
600,2024-03-28 21:09:00,Arroz Costeño 1kg,Abarrotes,3.88,3,11.64,4,2024-03-28,21,Thursday,3,13
601,2024-07-18 08:40:00,Aceite Primor 500ml,Abarrotes,5.14,2,10.28,4,2024-07-18,8,Thursday,7,29
602,2024-01-02 20:48:00,Pepsi 500ml,Bebidas,2.31,2,4.62,2,2024-01-02,20,Tuesday,1,1
603,2024-05-05 08:08:00,Aceite Primor 1L,Abarrotes,8.86,5,44.3,4,2024-05-05,8,Sunday,5,18
604,2024-04-13 21:24:00,Pañales Huggies T4 x28,Higiene,33.06,1,33.06,6,2024-04-13,21,Saturday,4,15
605,2024-07-06 20:57:00,Arroz Costeño 1kg,Abarrotes,3.86,3,11.58,4,2024-07-06,20,Saturday,7,27
606,2024-02-18 07:40:00,Sublime 36g,Snacks,1.48,3,4.44,7,2024-02-18,7,Sunday,2,7
607,2024-03-20 08:32:00,Detergente Ariel 850g,Limpieza,12.35,3,37.05,6,2024-03-20,8,Wednesday,3,12
608,2024-07-29 08:29:00,Agua San Luis 500ml,Bebidas,1.21,5,6.05,1,2024-07-29,8,Monday,7,31
609,2024-04-21 10:21:00,Jabón Bolivar 230g,Limpieza,2.78,2,5.56,6,2024-04-21,10,Sunday,4,16
610,2024-02-12 18:01:00,Arroz Costeño 1kg,Abarrotes,3.74,2,7.48,4,2024-02-12,18,Monday,2,7
611,2024-02-24 11:07:00,Leche Evaporada Gloria,Lácteos,3.24,2,6.48,3,2024-02-24,11,Saturday,2,8
612,2024-04-06 14:49:00,Coca-Cola 500ml,Bebidas,2.52,5,12.6,2,2024-04-06,14,Saturday,4,14
613,2024-06-18 07:03:00,Pepsi 500ml,Bebidas,2.29,1,2.29,2,2024-06-18,7,Tuesday,6,25
614,2024-02-01 21:44:00,Lejía Clorox 900ml,Limpieza,4.42,1,4.42,6,2024-02-01,21,Thursday,2,5
615,2024-03-18 20:42:00,Inca Kola 500ml,Bebidas,2.47,5,12.35,1,2024-03-18,20,Monday,3,12
616,2024-04-17 09:32:00,Leche Evaporada Gloria,Lácteos,3.22,3,9.66,3,2024-04-17,9,Wednesday,4,16
617,2024-01-30 21:12:00,Harina Blanca Flor 1kg,Abarrotes,3.14,5,15.7,4,2024-01-30,21,Tuesday,1,5
618,2024-07-31 20:22:00,Fideos Don Vittorio 500g,Abarrotes,2.77,4,11.08,4,2024-07-31,20,Wednesday,7,31
619,2024-05-20 20:44:00,Coca-Cola 500ml,Bebidas,2.47,4,9.88,2,2024-05-20,20,Monday,5,21
620,2024-01-04 09:53:00,Inca Kola 500ml,Bebidas,2.53,5,12.65,1,2024-01-04,9,Thursday,1,1
621,2024-08-31 09:04:00,Yogurt Gloria Fresa 1kg,Lácteos,6.59,3,19.77,3,2024-08-31,9,Saturday,8,35
622,2024-06-13 08:16:00,Fideos Don Vittorio 500g,Abarrotes,2.72,4,10.88,4,2024-06-13,8,Thursday,6,24
623,2024-08-11 08:23:00,Aceite Primor 500ml,Abarrotes,5.18,3,15.54,4,2024-08-11,8,Sunday,8,32
624,2024-01-25 07:00:00,Leche Gloria Light 1L,Lácteos,4.95,1,4.95,3,2024-01-25,7,Thursday,1,4
625,2024-03-25 21:39:00,Aceite Primor 1L,Abarrotes,9.1,3,27.3,4,2024-03-25,21,Monday,3,13
626,2024-04-05 11:07:00,Agua San Luis 2.5L,Bebidas,3.48,4,13.92,1,2024-04-05,11,Friday,4,14
627,2024-03-10 21:51:00,Pasta Dental Colgate,Higiene,5.55,2,11.1,6,2024-03-10,21,Sunday,3,10
628,2024-01-29 09:03:00,Aceite Primor 1L,Abarrotes,8.69,2,17.38,4,2024-01-29,9,Monday,1,5
629,2024-05-03 20:11:00,Queso Edam Gloria 250g,Lácteos,12.41,3,37.23,3,2024-05-03,20,Friday,5,18
630,2024-06-05 09:56:00,Detergente Ariel 850g,Limpieza,12.86,3,38.58,6,2024-06-05,9,Wednesday,6,23
631,2024-05-03 09:56:00,Leche Evaporada Gloria,Lácteos,3.19,2,6.38,3,2024-05-03,9,Friday,5,18
632,2024-03-07 06:45:00,Agua San Luis 500ml,Bebidas,1.22,5,6.1,1,2024-03-07,6,Thursday,3,10
633,2024-07-04 16:33:00,Mantequilla Gloria 100g,Lácteos,4.25,3,12.75,3,2024-07-04,16,Thursday,7,27
634,2024-04-20 13:30:00,Leche Gloria Entera 1L,Lácteos,4.85,2,9.7,3,2024-04-20,13,Saturday,4,16
635,2024-02-08 07:00:00,Lejía Clorox 900ml,Limpieza,4.62,3,13.86,6,2024-02-08,7,Thursday,2,6
636,2024-08-05 21:55:00,Chifles La Doña 80g,Snacks,1.95,1,1.95,7,2024-08-05,21,Monday,8,32
637,2024-03-23 08:03:00,Galletas Soda Field,Snacks,2.75,3,8.25,7,2024-03-23,8,Saturday,3,12
638,2024-04-13 08:29:00,Lejía Clorox 900ml,Limpieza,4.58,2,9.16,6,2024-04-13,8,Saturday,4,15
639,2024-01-23 20:20:00,Shampoo Head&Shoulders,Higiene,19.03,1,19.03,6,2024-01-23,20,Tuesday,1,4
640,2024-01-27 20:35:00,Inca Kola 1.5L,Bebidas,5.34,5,26.7,1,2024-01-27,20,Saturday,1,4
641,2024-07-21 15:56:00,Agua San Luis 2.5L,Bebidas,3.51,5,17.55,1,2024-07-21,15,Sunday,7,29
642,2024-08-31 20:52:00,Pasta Dental Colgate,Higiene,5.61,1,5.61,6,2024-08-31,20,Saturday,8,35
643,2024-05-23 21:45:00,Jabón Bolivar 230g,Limpieza,2.78,3,8.34,6,2024-05-23,21,Thursday,5,21
644,2024-01-30 09:14:00,Shampoo Head&Shoulders,Higiene,18.32,1,18.32,6,2024-01-30,9,Tuesday,1,5
645,2024-05-20 20:02:00,Harina Blanca Flor 1kg,Abarrotes,3.2,2,6.4,4,2024-05-20,20,Monday,5,21
646,2024-01-28 07:12:00,Pañales Huggies T3 x30,Higiene,33.34,1,33.34,6,2024-01-28,7,Sunday,1,4
647,2024-02-25 20:45:00,Papel Higiénico Elite x4,Higiene,8.69,2,17.38,6,2024-02-25,20,Sunday,2,8
648,2024-01-12 09:49:00,Pañales Huggies T3 x30,Higiene,32.42,2,64.84,6,2024-01-12,9,Friday,1,2
649,2024-05-09 08:00:00,Queso Edam Gloria 250g,Lácteos,12.68,3,38.04,3,2024-05-09,8,Thursday,5,19
650,2024-08-27 21:59:00,Pan de Molde Bimbo 500g,Panadería,6.61,3,19.83,8,2024-08-27,21,Tuesday,8,35
651,2024-06-26 10:06:00,Aceite Primor 500ml,Abarrotes,5.25,4,21.0,4,2024-06-26,10,Wednesday,6,26
652,2024-05-09 19:38:00,Sardina Florida 425g,Conservas,4.27,3,12.81,4,2024-05-09,19,Thursday,5,19
653,2024-04-11 15:28:00,Fideos Lavaggi 500g,Abarrotes,2.45,2,4.9,4,2024-04-11,15,Thursday,4,15
654,2024-03-17 16:45:00,Chifles La Doña 80g,Snacks,2.05,3,6.15,7,2024-03-17,16,Sunday,3,11
655,2024-02-21 09:18:00,Arroz Costeño 5kg,Abarrotes,17.94,3,53.82,4,2024-02-21,9,Wednesday,2,8
656,2024-06-30 11:32:00,Leche Evaporada Gloria,Lácteos,3.24,3,9.72,3,2024-06-30,11,Sunday,6,26
657,2024-06-30 08:35:00,Sardina Florida 425g,Conservas,4.22,2,8.44,4,2024-06-30,8,Sunday,6,26
658,2024-06-21 15:56:00,Pañales Huggies T3 x30,Higiene,33.1,2,66.2,6,2024-06-21,15,Friday,6,25
659,2024-01-28 07:03:00,Sublime 36g,Snacks,1.46,3,4.38,7,2024-01-28,7,Sunday,1,4
660,2024-07-11 15:43:00,Fideos Lavaggi 500g,Abarrotes,2.45,3,7.35,4,2024-07-11,15,Thursday,7,28
661,2024-06-25 12:48:00,Pepsi 500ml,Bebidas,2.24,5,11.2,2,2024-06-25,12,Tuesday,6,26
662,2024-01-27 13:47:00,Shampoo Head&Shoulders,Higiene,18.57,3,55.71,6,2024-01-27,13,Saturday,1,4
663,2024-05-10 15:44:00,Sal Marina 1kg,Abarrotes,1.54,1,1.54,5,2024-05-10,15,Friday,5,19
664,2024-04-16 16:35:00,Lejía Clorox 900ml,Limpieza,4.37,1,4.37,6,2024-04-16,16,Tuesday,4,16
665,2024-02-21 20:53:00,Fideos Don Vittorio 500g,Abarrotes,2.87,2,5.74,4,2024-02-21,20,Wednesday,2,8
666,2024-07-12 12:49:00,Detergente Ace 850g,Limpieza,12.23,3,36.69,6,2024-07-12,12,Friday,7,28
667,2024-04-24 09:04:00,Harina Blanca Flor 1kg,Abarrotes,3.29,2,6.58,4,2024-04-24,9,Wednesday,4,17
668,2024-01-31 21:17:00,Chifles La Doña 80g,Snacks,1.97,3,5.91,7,2024-01-31,21,Wednesday,1,5
669,2024-05-29 06:21:00,Aceite Primor 1L,Abarrotes,9.01,4,36.04,4,2024-05-29,6,Wednesday,5,22
670,2024-01-11 08:38:00,Yogurt Gloria Fresa 1kg,Lácteos,6.61,1,6.61,3,2024-01-11,8,Thursday,1,2
671,2024-05-05 17:04:00,Atún Florida 170g,Conservas,3.86,3,11.58,4,2024-05-05,17,Sunday,5,18
672,2024-02-17 20:26:00,Azúcar Cartavio 1kg,Abarrotes,3.51,5,17.55,5,2024-02-17,20,Saturday,2,7
673,2024-03-30 07:42:00,Agua San Luis 2.5L,Bebidas,3.46,3,10.38,1,2024-03-30,7,Saturday,3,13
674,2024-02-25 21:35:00,Harina Blanca Flor 1kg,Abarrotes,3.13,1,3.13,4,2024-02-25,21,Sunday,2,8
675,2024-04-24 09:39:00,Detergente Ariel 850g,Limpieza,12.31,3,36.93,6,2024-04-24,9,Wednesday,4,17
676,2024-06-23 18:58:00,Coca-Cola 500ml,Bebidas,2.48,1,2.48,2,2024-06-23,18,Sunday,6,25
677,2024-07-04 09:52:00,Chancay 60g,Panadería,0.5,2,1.0,8,2024-07-04,9,Thursday,7,27
678,2024-04-24 21:57:00,Chifles La Doña 80g,Snacks,1.96,3,5.88,7,2024-04-24,21,Wednesday,4,17
679,2024-01-22 11:49:00,Chifles La Doña 80g,Snacks,2.0,3,6.0,7,2024-01-22,11,Monday,1,4
680,2024-02-23 12:55:00,Agua San Luis 500ml,Bebidas,1.22,4,4.88,1,2024-02-23,12,Friday,2,8
681,2024-05-17 19:41:00,Arroz Costeño 5kg,Abarrotes,17.76,1,17.76,4,2024-05-17,19,Friday,5,20
682,2024-01-07 21:02:00,Yogurt Gloria Fresa 1kg,Lácteos,6.33,1,6.33,3,2024-01-07,21,Sunday,1,1
683,2024-07-22 07:36:00,Aceite Primor 500ml,Abarrotes,5.33,2,10.66,4,2024-07-22,7,Monday,7,30
684,2024-04-09 21:27:00,Pañales Huggies T3 x30,Higiene,31.56,2,63.12,6,2024-04-09,21,Tuesday,4,15
685,2024-05-16 09:39:00,Leche Gloria Light 1L,Lácteos,4.98,1,4.98,3,2024-05-16,9,Thursday,5,20
686,2024-01-12 08:22:00,Queso Edam Gloria 250g,Lácteos,12.2,3,36.6,3,2024-01-12,8,Friday,1,2
687,2024-06-04 08:24:00,Atún Florida 170g,Conservas,3.98,2,7.96,4,2024-06-04,8,Tuesday,6,23
688,2024-05-01 07:08:00,Inca Kola 1.5L,Bebidas,5.6,4,22.4,1,2024-05-01,7,Wednesday,5,18
689,2024-03-16 10:19:00,Chancay 60g,Panadería,0.51,3,1.53,8,2024-03-16,10,Saturday,3,11
690,2024-08-31 09:09:00,Detergente Ace 850g,Limpieza,11.57,1,11.57,6,2024-08-31,9,Saturday,8,35
691,2024-06-01 20:19:00,Mantequilla Gloria 100g,Lácteos,4.26,1,4.26,3,2024-06-01,20,Saturday,6,22
692,2024-02-24 20:10:00,Detergente Ariel 850g,Limpieza,12.29,1,12.29,6,2024-02-24,20,Saturday,2,8
693,2024-02-19 09:51:00,Fideos Don Vittorio 500g,Abarrotes,2.86,5,14.3,4,2024-02-19,9,Monday,2,8
694,2024-04-28 08:18:00,Pan de Molde Bimbo 500g,Panadería,6.33,3,18.99,8,2024-04-28,8,Sunday,4,17
695,2024-02-20 21:21:00,Leche Gloria Entera 1L,Lácteos,4.69,2,9.38,3,2024-02-20,21,Tuesday,2,8
696,2024-01-26 07:57:00,Sal Marina 1kg,Abarrotes,1.48,2,2.96,5,2024-01-26,7,Friday,1,4
697,2024-03-25 15:44:00,Shampoo Head&Shoulders,Higiene,18.11,3,54.33,6,2024-03-25,15,Monday,3,13
698,2024-04-03 19:10:00,Mantequilla Gloria 100g,Lácteos,4.15,1,4.15,3,2024-04-03,19,Wednesday,4,14
699,2024-07-01 19:17:00,Azúcar Cartavio 1kg,Abarrotes,3.42,3,10.26,5,2024-07-01,19,Monday,7,27
700,2024-08-12 21:22:00,Jabón Bolivar 230g,Limpieza,2.8,2,5.6,6,2024-08-12,21,Monday,8,33
701,2024-02-14 08:53:00,Leche Gloria Entera 1L,Lácteos,4.9,2,9.8,3,2024-02-14,8,Wednesday,2,7
702,2024-08-16 21:46:00,Leche Evaporada Gloria,Lácteos,3.12,3,9.36,3,2024-08-16,21,Friday,8,33
703,2024-08-16 09:40:00,Agua San Luis 500ml,Bebidas,1.22,1,1.22,1,2024-08-16,9,Friday,8,33
704,2024-04-13 12:58:00,Queso Edam Gloria 250g,Lácteos,12.54,1,12.54,3,2024-04-13,12,Saturday,4,15
705,2024-08-16 21:41:00,Chancay 60g,Panadería,0.5,1,0.5,8,2024-08-16,21,Friday,8,33
706,2024-08-16 15:08:00,Azúcar Cartavio 1kg,Abarrotes,3.5,4,14.0,5,2024-08-16,15,Friday,8,33
707,2024-04-11 20:42:00,Agua San Luis 2.5L,Bebidas,3.57,2,7.14,1,2024-04-11,20,Thursday,4,15
708,2024-07-12 21:10:00,Aceite Primor 1L,Abarrotes,8.94,2,17.88,4,2024-07-12,21,Friday,7,28
709,2024-06-17 10:47:00,Mantequilla Gloria 100g,Lácteos,4.2,3,12.6,3,2024-06-17,10,Monday,6,25
710,2024-01-11 08:14:00,Detergente Ariel 850g,Limpieza,12.32,1,12.32,6,2024-01-11,8,Thursday,1,2
711,2024-01-11 17:24:00,Azúcar Cartavio 1kg,Abarrotes,3.59,4,14.36,5,2024-01-11,17,Thursday,1,2
712,2024-01-11 16:06:00,Coca-Cola 500ml,Bebidas,2.52,5,12.6,2,2024-01-11,16,Thursday,1,2
713,2024-08-01 11:24:00,Fideos Lavaggi 500g,Abarrotes,2.48,4,9.92,4,2024-08-01,11,Thursday,8,31
714,2024-05-12 07:33:00,Agua San Luis 500ml,Bebidas,1.19,4,4.76,1,2024-05-12,7,Sunday,5,19
715,2024-05-04 06:32:00,Detergente Ariel 850g,Limpieza,12.45,1,12.45,6,2024-05-04,6,Saturday,5,18
716,2024-01-20 21:13:00,Azúcar Cartavio 1kg,Abarrotes,3.43,2,6.86,5,2024-01-20,21,Saturday,1,3
717,2024-06-03 09:42:00,Detergente Ace 850g,Limpieza,11.84,1,11.84,6,2024-06-03,9,Monday,6,23
718,2024-07-03 09:30:00,Jabón Bolivar 230g,Limpieza,2.75,2,5.5,6,2024-07-03,9,Wednesday,7,27
719,2024-06-14 06:15:00,Aceite Primor 1L,Abarrotes,8.7,1,8.7,4,2024-06-14,6,Friday,6,24
720,2024-02-11 09:02:00,Queso Edam Gloria 250g,Lácteos,12.24,3,36.72,3,2024-02-11,9,Sunday,2,6
721,2024-03-07 18:38:00,Aceite Primor 1L,Abarrotes,8.97,5,44.85,4,2024-03-07,18,Thursday,3,10
722,2024-08-30 08:38:00,Harina Blanca Flor 1kg,Abarrotes,3.27,4,13.08,4,2024-08-30,8,Friday,8,35
723,2024-02-26 10:50:00,Aceite Primor 1L,Abarrotes,9.07,5,45.35,4,2024-02-26,10,Monday,2,9
724,2024-06-08 14:10:00,Aceite Primor 500ml,Abarrotes,5.33,3,15.99,4,2024-06-08,14,Saturday,6,23
725,2024-01-18 08:08:00,Queso Edam Gloria 250g,Lácteos,12.14,1,12.14,3,2024-01-18,8,Thursday,1,3
726,2024-08-08 19:52:00,Sublime 36g,Snacks,1.51,1,1.51,7,2024-08-08,19,Thursday,8,32
727,2024-05-01 07:56:00,Aceite Primor 500ml,Abarrotes,5.2,5,26.0,4,2024-05-01,7,Wednesday,5,18
728,2024-01-24 20:57:00,Leche Gloria Light 1L,Lácteos,4.91,3,14.73,3,2024-01-24,20,Wednesday,1,4
729,2024-08-17 19:33:00,Inca Kola 500ml,Bebidas,2.48,4,9.92,1,2024-08-17,19,Saturday,8,33
730,2024-06-27 20:51:00,Coca-Cola 500ml,Bebidas,2.54,4,10.16,2,2024-06-27,20,Thursday,6,26
731,2024-03-30 09:27:00,Lejía Clorox 900ml,Limpieza,4.43,1,4.43,6,2024-03-30,9,Saturday,3,13
732,2024-08-20 15:38:00,Azúcar Cartavio 1kg,Abarrotes,3.48,5,17.4,5,2024-08-20,15,Tuesday,8,34
733,2024-01-02 06:36:00,Arroz Costeño 1kg,Abarrotes,3.71,5,18.55,4,2024-01-02,6,Tuesday,1,1
734,2024-04-06 16:26:00,Inca Kola 500ml,Bebidas,2.44,3,7.32,1,2024-04-06,16,Saturday,4,14
735,2024-06-15 14:54:00,Pañales Huggies T4 x28,Higiene,33.84,3,101.52,6,2024-06-15,14,Saturday,6,24
736,2024-06-05 09:25:00,Detergente Ace 850g,Limpieza,11.84,1,11.84,6,2024-06-05,9,Wednesday,6,23
737,2024-05-03 09:35:00,Pan de Molde Bimbo 500g,Panadería,6.4,2,12.8,8,2024-05-03,9,Friday,5,18
738,2024-05-27 21:47:00,Atún Florida 170g,Conservas,3.98,1,3.98,4,2024-05-27,21,Monday,5,22
739,2024-07-10 09:10:00,Leche Gloria Light 1L,Lácteos,4.82,1,4.82,3,2024-07-10,9,Wednesday,7,28
740,2024-07-20 20:10:00,Papel Higiénico Elite x4,Higiene,9.15,2,18.3,6,2024-07-20,20,Saturday,7,29
741,2024-07-24 07:30:00,Inca Kola 500ml,Bebidas,2.49,5,12.45,1,2024-07-24,7,Wednesday,7,30
742,2024-03-08 07:38:00,Agua San Luis 500ml,Bebidas,1.22,1,1.22,1,2024-03-08,7,Friday,3,10
743,2024-06-06 15:45:00,Papel Higiénico Elite x4,Higiene,8.66,3,25.98,6,2024-06-06,15,Thursday,6,23
744,2024-06-12 20:12:00,Aceite Primor 500ml,Abarrotes,5.13,5,25.65,4,2024-06-12,20,Wednesday,6,24
745,2024-07-19 13:39:00,Coca-Cola 500ml,Bebidas,2.53,2,5.06,2,2024-07-19,13,Friday,7,29
746,2024-03-02 11:05:00,Detergente Ace 850g,Limpieza,12.1,2,24.2,6,2024-03-02,11,Saturday,3,9
747,2024-06-20 20:33:00,Detergente Ariel 850g,Limpieza,12.68,1,12.68,6,2024-06-20,20,Thursday,6,25
748,2024-08-23 08:46:00,Agua San Luis 500ml,Bebidas,1.23,5,6.15,1,2024-08-23,8,Friday,8,34
749,2024-03-29 14:14:00,Detergente Ariel 850g,Limpieza,12.85,3,38.55,6,2024-03-29,14,Friday,3,13
750,2024-08-26 20:16:00,Pasta Dental Colgate,Higiene,5.47,1,5.47,6,2024-08-26,20,Monday,8,35
751,2024-05-23 08:21:00,Leche Gloria Entera 1L,Lácteos,4.89,1,4.89,3,2024-05-23,8,Thursday,5,21
752,2024-08-12 21:44:00,Fideos Don Vittorio 500g,Abarrotes,2.88,4,11.52,4,2024-08-12,21,Monday,8,33
753,2024-05-03 16:49:00,Mantequilla Gloria 100g,Lácteos,4.25,2,8.5,3,2024-05-03,16,Friday,5,18
754,2024-08-08 07:16:00,Queso Edam Gloria 250g,Lácteos,12.41,1,12.41,3,2024-08-08,7,Thursday,8,32
755,2024-06-22 16:26:00,Azúcar Cartavio 1kg,Abarrotes,3.5,3,10.5,5,2024-06-22,16,Saturday,6,25
756,2024-06-28 13:18:00,Inca Kola 500ml,Bebidas,2.48,1,2.48,1,2024-06-28,13,Friday,6,26
757,2024-01-20 11:30:00,Jabón Bolivar 230g,Limpieza,2.78,2,5.56,6,2024-01-20,11,Saturday,1,3
758,2024-03-09 09:43:00,Mantequilla Gloria 100g,Lácteos,4.2,1,4.2,3,2024-03-09,9,Saturday,3,10
759,2024-03-01 14:13:00,Arroz Costeño 1kg,Abarrotes,3.73,2,7.46,4,2024-03-01,14,Friday,3,9
760,2024-08-02 10:49:00,Sal Marina 1kg,Abarrotes,1.47,1,1.47,5,2024-08-02,10,Friday,8,31
761,2024-06-22 21:39:00,Agua San Luis 2.5L,Bebidas,3.56,1,3.56,1,2024-06-22,21,Saturday,6,25
762,2024-01-11 17:39:00,Chancay 60g,Panadería,0.5,2,1.0,8,2024-01-11,17,Thursday,1,2
763,2024-08-10 07:48:00,Mantequilla Gloria 100g,Lácteos,4.14,3,12.42,3,2024-08-10,7,Saturday,8,32
764,2024-07-11 07:33:00,Azúcar Cartavio 1kg,Abarrotes,3.5,4,14.0,5,2024-07-11,7,Thursday,7,28
765,2024-01-09 21:55:00,Chancay 60g,Panadería,0.51,3,1.53,8,2024-01-09,21,Tuesday,1,2
766,2024-01-31 20:20:00,Pasta Dental Colgate,Higiene,5.34,3,16.02,6,2024-01-31,20,Wednesday,1,5
767,2024-04-07 16:23:00,Arroz Costeño 5kg,Abarrotes,17.88,5,89.4,4,2024-04-07,16,Sunday,4,14
768,2024-05-20 08:30:00,Aceite Primor 500ml,Abarrotes,5.15,5,25.75,4,2024-05-20,8,Monday,5,21
769,2024-05-07 21:44:00,Aceite Primor 500ml,Abarrotes,5.16,3,15.48,4,2024-05-07,21,Tuesday,5,19
770,2024-03-12 20:36:00,Papel Higiénico Elite x4,Higiene,8.76,3,26.28,6,2024-03-12,20,Tuesday,3,11
771,2024-07-03 07:35:00,Leche Gloria Entera 1L,Lácteos,4.9,2,9.8,3,2024-07-03,7,Wednesday,7,27
772,2024-02-07 10:30:00,Arroz Costeño 1kg,Abarrotes,3.73,1,3.73,4,2024-02-07,10,Wednesday,2,6
773,2024-02-04 16:50:00,Galletas Soda Field,Snacks,2.77,2,5.54,7,2024-02-04,16,Sunday,2,5
774,2024-08-07 18:06:00,Pan de Molde Bimbo 500g,Panadería,6.37,3,19.11,8,2024-08-07,18,Wednesday,8,32
775,2024-07-27 09:06:00,Arroz Costeño 5kg,Abarrotes,17.76,4,71.04,4,2024-07-27,9,Saturday,7,30
776,2024-04-02 21:22:00,Fideos Don Vittorio 500g,Abarrotes,2.79,1,2.79,4,2024-04-02,21,Tuesday,4,14
777,2024-08-10 12:36:00,Detergente Ariel 850g,Limpieza,12.61,3,37.83,6,2024-08-10,12,Saturday,8,32
778,2024-02-14 15:22:00,Chancay 60g,Panadería,0.51,2,1.02,8,2024-02-14,15,Wednesday,2,7
779,2024-07-17 08:24:00,Galletas Soda Field,Snacks,2.76,3,8.28,7,2024-07-17,8,Wednesday,7,29
780,2024-08-10 08:26:00,Yogurt Gloria Fresa 1kg,Lácteos,6.54,3,19.62,3,2024-08-10,8,Saturday,8,32
781,2024-08-05 08:10:00,Papel Higiénico Elite x4,Higiene,8.75,2,17.5,6,2024-08-05,8,Monday,8,32
782,2024-06-16 08:38:00,Sardina Florida 425g,Conservas,4.17,3,12.51,4,2024-06-16,8,Sunday,6,24
783,2024-07-18 17:47:00,Shampoo Head&Shoulders,Higiene,18.52,3,55.56,6,2024-07-18,17,Thursday,7,29
784,2024-04-15 07:08:00,Shampoo Head&Shoulders,Higiene,18.21,3,54.63,6,2024-04-15,7,Monday,4,16
785,2024-08-28 08:13:00,Fideos Don Vittorio 500g,Abarrotes,2.78,2,5.56,4,2024-08-28,8,Wednesday,8,35
786,2024-01-17 21:35:00,Leche Gloria Entera 1L,Lácteos,4.66,1,4.66,3,2024-01-17,21,Wednesday,1,3
787,2024-05-14 08:06:00,Papel Higiénico Elite x4,Higiene,8.96,2,17.92,6,2024-05-14,8,Tuesday,5,20
788,2024-06-16 18:19:00,Agua San Luis 2.5L,Bebidas,3.45,2,6.9,1,2024-06-16,18,Sunday,6,24
789,2024-04-23 10:33:00,Harina Blanca Flor 1kg,Abarrotes,3.11,2,6.22,4,2024-04-23,10,Tuesday,4,17
790,2024-08-08 21:29:00,Detergente Ariel 850g,Limpieza,12.83,3,38.49,6,2024-08-08,21,Thursday,8,32
791,2024-04-23 09:34:00,Pan de Molde Bimbo 500g,Panadería,6.54,1,6.54,8,2024-04-23,9,Tuesday,4,17
792,2024-06-10 19:33:00,Pasta Dental Colgate,Higiene,5.55,3,16.65,6,2024-06-10,19,Monday,6,24
793,2024-08-20 20:51:00,Atún Florida 170g,Conservas,3.89,1,3.89,4,2024-08-20,20,Tuesday,8,34
794,2024-04-15 08:00:00,Detergente Ace 850g,Limpieza,11.92,1,11.92,6,2024-04-15,8,Monday,4,16
795,2024-03-29 09:00:00,Leche Evaporada Gloria,Lácteos,3.28,3,9.84,3,2024-03-29,9,Friday,3,13
796,2024-03-17 08:51:00,Galletas Oreo 36g,Snacks,1.51,2,3.02,7,2024-03-17,8,Sunday,3,11
797,2024-05-20 21:56:00,Inca Kola 500ml,Bebidas,2.49,5,12.45,1,2024-05-20,21,Monday,5,21
798,2024-02-11 18:53:00,Sal Marina 1kg,Abarrotes,1.47,4,5.88,5,2024-02-11,18,Sunday,2,6
799,2024-04-18 14:18:00,Agua San Luis 2.5L,Bebidas,3.56,5,17.8,1,2024-04-18,14,Thursday,4,16
800,2024-02-18 11:08:00,Pañales Huggies T3 x30,Higiene,31.74,2,63.48,6,2024-02-18,11,Sunday,2,7
801,2024-06-07 21:12:00,Pasta Dental Colgate,Higiene,5.34,2,10.68,6,2024-06-07,21,Friday,6,23
802,2024-05-16 07:18:00,Pepsi 500ml,Bebidas,2.25,3,6.75,2,2024-05-16,7,Thursday,5,20
803,2024-07-05 07:09:00,Shampoo Head&Shoulders,Higiene,18.49,1,18.49,6,2024-07-05,7,Friday,7,27
804,2024-04-17 21:23:00,Jabón Bolivar 230g,Limpieza,2.83,2,5.66,6,2024-04-17,21,Wednesday,4,16
805,2024-03-25 07:03:00,Coca-Cola 500ml,Bebidas,2.54,3,7.62,2,2024-03-25,7,Monday,3,13
806,2024-05-19 20:57:00,Agua San Luis 500ml,Bebidas,1.22,3,3.66,1,2024-05-19,20,Sunday,5,20
807,2024-02-01 13:24:00,Inca Kola 500ml,Bebidas,2.46,4,9.84,1,2024-02-01,13,Thursday,2,5
808,2024-02-20 20:33:00,Coca-Cola 500ml,Bebidas,2.5,2,5.0,2,2024-02-20,20,Tuesday,2,8
809,2024-08-27 20:47:00,Atún Florida 170g,Conservas,3.9,3,11.7,4,2024-08-27,20,Tuesday,8,35
810,2024-05-03 12:23:00,Fideos Don Vittorio 500g,Abarrotes,2.86,1,2.86,4,2024-05-03,12,Friday,5,18
811,2024-01-29 08:20:00,Arroz Costeño 5kg,Abarrotes,17.15,1,17.15,4,2024-01-29,8,Monday,1,5
812,2024-05-29 07:00:00,Fideos Lavaggi 500g,Abarrotes,2.51,1,2.51,4,2024-05-29,7,Wednesday,5,22
813,2024-06-25 17:49:00,Galletas Oreo 36g,Snacks,1.48,1,1.48,7,2024-06-25,17,Tuesday,6,26
814,2024-01-24 16:59:00,Galletas Soda Field,Snacks,2.73,3,8.19,7,2024-01-24,16,Wednesday,1,4
815,2024-06-14 09:50:00,Detergente Ariel 850g,Limpieza,12.22,1,12.22,6,2024-06-14,9,Friday,6,24
816,2024-03-22 17:51:00,Azúcar Cartavio 1kg,Abarrotes,3.55,4,14.2,5,2024-03-22,17,Friday,3,12
817,2024-06-25 20:16:00,Inca Kola 1.5L,Bebidas,5.5,1,5.5,1,2024-06-25,20,Tuesday,6,26
818,2024-05-23 09:31:00,Shampoo Head&Shoulders,Higiene,18.57,1,18.57,6,2024-05-23,9,Thursday,5,21
819,2024-03-30 21:17:00,Chancay 60g,Panadería,0.51,3,1.53,8,2024-03-30,21,Saturday,3,13
820,2024-02-11 07:28:00,Pan de Molde Bimbo 500g,Panadería,6.62,2,13.24,8,2024-02-11,7,Sunday,2,6
821,2024-04-03 21:46:00,Chancay 60g,Panadería,0.51,1,0.51,8,2024-04-03,21,Wednesday,4,14
822,2024-07-17 16:46:00,Detergente Ace 850g,Limpieza,12.01,1,12.01,6,2024-07-17,16,Wednesday,7,29
823,2024-07-28 21:49:00,Chancay 60g,Panadería,0.49,3,1.47,8,2024-07-28,21,Sunday,7,30
824,2024-03-23 21:07:00,Harina Blanca Flor 1kg,Abarrotes,3.2,1,3.2,4,2024-03-23,21,Saturday,3,12
825,2024-01-12 10:11:00,Agua San Luis 500ml,Bebidas,1.18,1,1.18,1,2024-01-12,10,Friday,1,2
826,2024-02-19 09:41:00,Galletas Soda Field,Snacks,2.83,2,5.66,7,2024-02-19,9,Monday,2,8
827,2024-06-08 14:03:00,Sublime 36g,Snacks,1.47,2,2.94,7,2024-06-08,14,Saturday,6,23
828,2024-01-04 12:41:00,Agua San Luis 500ml,Bebidas,1.23,4,4.92,1,2024-01-04,12,Thursday,1,1
829,2024-04-29 07:23:00,Agua San Luis 2.5L,Bebidas,3.55,5,17.75,1,2024-04-29,7,Monday,4,18
830,2024-07-29 20:52:00,Pañales Huggies T3 x30,Higiene,32.04,3,96.12,6,2024-07-29,20,Monday,7,31
831,2024-07-06 08:04:00,Coca-Cola 500ml,Bebidas,2.57,2,5.14,2,2024-07-06,8,Saturday,7,27
832,2024-01-26 18:12:00,Leche Gloria Entera 1L,Lácteos,4.81,1,4.81,3,2024-01-26,18,Friday,1,4
833,2024-05-25 11:35:00,Sal Marina 1kg,Abarrotes,1.49,5,7.45,5,2024-05-25,11,Saturday,5,21
834,2024-07-15 17:43:00,Leche Gloria Entera 1L,Lácteos,4.86,2,9.72,3,2024-07-15,17,Monday,7,29
835,2024-08-14 07:35:00,Pañales Huggies T4 x28,Higiene,34.01,2,68.02,6,2024-08-14,7,Wednesday,8,33
836,2024-05-16 20:59:00,Aceite Primor 1L,Abarrotes,9.11,3,27.33,4,2024-05-16,20,Thursday,5,20
837,2024-03-24 19:48:00,Pan de Molde Bimbo 500g,Panadería,6.47,3,19.41,8,2024-03-24,19,Sunday,3,12
838,2024-06-04 09:13:00,Sardina Florida 425g,Conservas,4.27,2,8.54,4,2024-06-04,9,Tuesday,6,23
839,2024-04-02 20:25:00,Fideos Don Vittorio 500g,Abarrotes,2.84,1,2.84,4,2024-04-02,20,Tuesday,4,14
840,2024-06-01 07:56:00,Harina Blanca Flor 1kg,Abarrotes,3.11,3,9.33,4,2024-06-01,7,Saturday,6,22
841,2024-02-24 06:49:00,Azúcar Cartavio 1kg,Abarrotes,3.59,3,10.77,5,2024-02-24,6,Saturday,2,8
842,2024-05-22 10:06:00,Chifles La Doña 80g,Snacks,2.0,1,2.0,7,2024-05-22,10,Wednesday,5,21
843,2024-02-05 09:15:00,Yogurt Gloria Fresa 1kg,Lácteos,6.4,1,6.4,3,2024-02-05,9,Monday,2,6
844,2024-01-24 12:46:00,Atún Florida 170g,Conservas,3.95,1,3.95,4,2024-01-24,12,Wednesday,1,4
845,2024-02-14 20:38:00,Galletas Oreo 36g,Snacks,1.48,3,4.44,7,2024-02-14,20,Wednesday,2,7
846,2024-04-07 07:58:00,Mantequilla Gloria 100g,Lácteos,4.16,2,8.32,3,2024-04-07,7,Sunday,4,14
847,2024-04-16 09:55:00,Pañales Huggies T4 x28,Higiene,34.51,1,34.51,6,2024-04-16,9,Tuesday,4,16
848,2024-06-11 18:03:00,Inca Kola 500ml,Bebidas,2.5,3,7.5,1,2024-06-11,18,Tuesday,6,24
849,2024-05-18 16:32:00,Sardina Florida 425g,Conservas,4.13,3,12.39,4,2024-05-18,16,Saturday,5,20
850,2024-06-21 18:28:00,Pepsi 500ml,Bebidas,2.31,5,11.55,2,2024-06-21,18,Friday,6,25
851,2024-02-26 21:09:00,Agua San Luis 2.5L,Bebidas,3.47,2,6.94,1,2024-02-26,21,Monday,2,9
852,2024-05-26 18:16:00,Galletas Oreo 36g,Snacks,1.49,1,1.49,7,2024-05-26,18,Sunday,5,21
853,2024-07-17 10:30:00,Pañales Huggies T4 x28,Higiene,33.38,3,100.14,6,2024-07-17,10,Wednesday,7,29
854,2024-06-15 13:15:00,Papel Higiénico Elite x4,Higiene,8.78,1,8.78,6,2024-06-15,13,Saturday,6,24
855,2024-03-23 08:07:00,Pañales Huggies T4 x28,Higiene,33.82,3,101.46,6,2024-03-23,8,Saturday,3,12
856,2024-03-30 08:38:00,Detergente Ace 850g,Limpieza,11.56,3,34.68,6,2024-03-30,8,Saturday,3,13
857,2024-02-13 20:39:00,Atún Florida 170g,Conservas,3.89,1,3.89,4,2024-02-13,20,Tuesday,2,7
858,2024-02-21 10:48:00,Azúcar Cartavio 1kg,Abarrotes,3.42,1,3.42,5,2024-02-21,10,Wednesday,2,8
859,2024-03-03 10:55:00,Pepsi 500ml,Bebidas,2.23,3,6.69,2,2024-03-03,10,Sunday,3,9
860,2024-03-19 20:21:00,Leche Gloria Light 1L,Lácteos,4.97,1,4.97,3,2024-03-19,20,Tuesday,3,12
861,2024-02-22 21:35:00,Arroz Costeño 5kg,Abarrotes,17.63,4,70.52,4,2024-02-22,21,Thursday,2,8
862,2024-06-26 06:24:00,Yogurt Gloria Fresa 1kg,Lácteos,6.66,3,19.98,3,2024-06-26,6,Wednesday,6,26
863,2024-01-12 07:18:00,Sublime 36g,Snacks,1.53,1,1.53,7,2024-01-12,7,Friday,1,2
864,2024-01-14 20:04:00,Fideos Lavaggi 500g,Abarrotes,2.52,4,10.08,4,2024-01-14,20,Sunday,1,2
865,2024-08-09 08:55:00,Detergente Ace 850g,Limpieza,11.82,3,35.46,6,2024-08-09,8,Friday,8,32
866,2024-05-10 09:57:00,Lejía Clorox 900ml,Limpieza,4.5,2,9.0,6,2024-05-10,9,Friday,5,19
867,2024-01-23 09:29:00,Chancay 60g,Panadería,0.51,3,1.53,8,2024-01-23,9,Tuesday,1,4
868,2024-01-11 09:19:00,Inca Kola 1.5L,Bebidas,5.5,3,16.5,1,2024-01-11,9,Thursday,1,2
869,2024-01-05 21:22:00,Aceite Primor 1L,Abarrotes,8.76,3,26.28,4,2024-01-05,21,Friday,1,1
870,2024-03-11 14:56:00,Chifles La Doña 80g,Snacks,2.05,2,4.1,7,2024-03-11,14,Monday,3,11
871,2024-08-29 14:14:00,Inca Kola 1.5L,Bebidas,5.45,2,10.9,1,2024-08-29,14,Thursday,8,35
872,2024-06-17 09:24:00,Papel Higiénico Elite x4,Higiene,9.15,3,27.45,6,2024-06-17,9,Monday,6,25
873,2024-04-16 07:27:00,Azúcar Cartavio 1kg,Abarrotes,3.59,3,10.77,5,2024-04-16,7,Tuesday,4,16
874,2024-04-24 20:41:00,Jabón Bolivar 230g,Limpieza,2.81,1,2.81,6,2024-04-24,20,Wednesday,4,17
875,2024-08-08 09:45:00,Arroz Costeño 1kg,Abarrotes,3.89,5,19.45,4,2024-08-08,9,Thursday,8,32
876,2024-08-20 10:41:00,Pañales Huggies T4 x28,Higiene,34.85,3,104.55,6,2024-08-20,10,Tuesday,8,34
877,2024-01-18 09:11:00,Sardina Florida 425g,Conservas,4.29,2,8.58,4,2024-01-18,9,Thursday,1,3
878,2024-07-05 08:56:00,Yogurt Gloria Fresa 1kg,Lácteos,6.68,2,13.36,3,2024-07-05,8,Friday,7,27
879,2024-04-23 14:09:00,Atún Florida 170g,Conservas,3.81,1,3.81,4,2024-04-23,14,Tuesday,4,17
880,2024-01-07 14:38:00,Aceite Primor 500ml,Abarrotes,5.24,5,26.2,4,2024-01-07,14,Sunday,1,1
881,2024-02-29 17:05:00,Azúcar Cartavio 1kg,Abarrotes,3.42,4,13.68,5,2024-02-29,17,Thursday,2,9
882,2024-07-01 11:54:00,Galletas Oreo 36g,Snacks,1.5,2,3.0,7,2024-07-01,11,Monday,7,27
883,2024-02-11 07:26:00,Leche Evaporada Gloria,Lácteos,3.28,1,3.28,3,2024-02-11,7,Sunday,2,6
884,2024-02-26 12:48:00,Pañales Huggies T3 x30,Higiene,31.65,1,31.65,6,2024-02-26,12,Monday,2,9
885,2024-08-09 16:55:00,Shampoo Head&Shoulders,Higiene,18.93,2,37.86,6,2024-08-09,16,Friday,8,32
886,2024-04-13 18:46:00,Pañales Huggies T4 x28,Higiene,33.78,2,67.56,6,2024-04-13,18,Saturday,4,15
887,2024-06-01 20:33:00,Mantequilla Gloria 100g,Lácteos,4.19,1,4.19,3,2024-06-01,20,Saturday,6,22
888,2024-08-12 18:47:00,Coca-Cola 500ml,Bebidas,2.51,1,2.51,2,2024-08-12,18,Monday,8,33
889,2024-07-14 07:12:00,Sublime 36g,Snacks,1.49,2,2.98,7,2024-07-14,7,Sunday,7,28
890,2024-07-17 20:10:00,Atún Florida 170g,Conservas,3.85,2,7.7,4,2024-07-17,20,Wednesday,7,29
891,2024-06-25 20:29:00,Pepsi 500ml,Bebidas,2.24,4,8.96,2,2024-06-25,20,Tuesday,6,26
892,2024-01-29 09:57:00,Chifles La Doña 80g,Snacks,2.01,3,6.03,7,2024-01-29,9,Monday,1,5
893,2024-04-15 20:11:00,Papel Higiénico Elite x4,Higiene,8.95,2,17.9,6,2024-04-15,20,Monday,4,16
894,2024-08-13 21:20:00,Arroz Costeño 1kg,Abarrotes,3.85,2,7.7,4,2024-08-13,21,Tuesday,8,33
895,2024-01-24 08:40:00,Leche Gloria Light 1L,Lácteos,4.78,2,9.56,3,2024-01-24,8,Wednesday,1,4
896,2024-07-05 11:24:00,Lejía Clorox 900ml,Limpieza,4.47,3,13.41,6,2024-07-05,11,Friday,7,27
897,2024-08-21 20:10:00,Aceite Primor 1L,Abarrotes,8.73,2,17.46,4,2024-08-21,20,Wednesday,8,34
898,2024-04-17 21:18:00,Pepsi 500ml,Bebidas,2.25,2,4.5,2,2024-04-17,21,Wednesday,4,16
899,2024-02-21 08:00:00,Leche Evaporada Gloria,Lácteos,3.2,2,6.4,3,2024-02-21,8,Wednesday,2,8
900,2024-05-19 21:15:00,Galletas Soda Field,Snacks,2.81,1,2.81,7,2024-05-19,21,Sunday,5,20
901,2024-04-26 20:38:00,Galletas Oreo 36g,Snacks,1.46,3,4.38,7,2024-04-26,20,Friday,4,17
902,2024-03-12 12:03:00,Pan de Molde Bimbo 500g,Panadería,6.36,1,6.36,8,2024-03-12,12,Tuesday,3,11
903,2024-01-10 07:42:00,Detergente Ariel 850g,Limpieza,12.75,3,38.25,6,2024-01-10,7,Wednesday,1,2
904,2024-03-25 07:06:00,Atún Florida 170g,Conservas,4.02,2,8.04,4,2024-03-25,7,Monday,3,13
905,2024-06-21 09:44:00,Aceite Primor 1L,Abarrotes,8.94,5,44.7,4,2024-06-21,9,Friday,6,25
906,2024-02-15 17:59:00,Pan de Molde Bimbo 500g,Panadería,6.34,1,6.34,8,2024-02-15,17,Thursday,2,7
907,2024-03-23 21:52:00,Atún Florida 170g,Conservas,3.96,1,3.96,4,2024-03-23,21,Saturday,3,12
908,2024-01-17 07:07:00,Pan de Molde Bimbo 500g,Panadería,6.64,3,19.92,8,2024-01-17,7,Wednesday,1,3
909,2024-05-14 20:44:00,Jabón Bolivar 230g,Limpieza,2.82,1,2.82,6,2024-05-14,20,Tuesday,5,20
910,2024-05-26 08:30:00,Leche Gloria Entera 1L,Lácteos,4.85,3,14.55,3,2024-05-26,8,Sunday,5,21
911,2024-04-19 16:16:00,Harina Blanca Flor 1kg,Abarrotes,3.21,5,16.05,4,2024-04-19,16,Friday,4,16
912,2024-08-25 09:31:00,Detergente Ariel 850g,Limpieza,12.67,3,38.01,6,2024-08-25,9,Sunday,8,34
913,2024-05-06 13:45:00,Galletas Soda Field,Snacks,2.88,2,5.76,7,2024-05-06,13,Monday,5,19
914,2024-01-31 09:50:00,Inca Kola 500ml,Bebidas,2.54,1,2.54,1,2024-01-31,9,Wednesday,1,5
915,2024-07-23 19:26:00,Arroz Costeño 5kg,Abarrotes,17.33,1,17.33,4,2024-07-23,19,Tuesday,7,30
916,2024-07-25 06:40:00,Pan de Molde Bimbo 500g,Panadería,6.57,1,6.57,8,2024-07-25,6,Thursday,7,30
917,2024-07-21 08:32:00,Fideos Don Vittorio 500g,Abarrotes,2.77,5,13.85,4,2024-07-21,8,Sunday,7,29
918,2024-01-30 16:25:00,Inca Kola 500ml,Bebidas,2.52,5,12.6,1,2024-01-30,16,Tuesday,1,5
919,2024-08-01 08:53:00,Inca Kola 1.5L,Bebidas,5.64,3,16.92,1,2024-08-01,8,Thursday,8,31
920,2024-08-22 20:41:00,Galletas Oreo 36g,Snacks,1.5,1,1.5,7,2024-08-22,20,Thursday,8,34
921,2024-08-16 16:29:00,Pasta Dental Colgate,Higiene,5.64,2,11.28,6,2024-08-16,16,Friday,8,33
922,2024-08-01 21:35:00,Pepsi 500ml,Bebidas,2.23,5,11.15,2,2024-08-01,21,Thursday,8,31
923,2024-06-24 21:04:00,Mantequilla Gloria 100g,Lácteos,4.14,1,4.14,3,2024-06-24,21,Monday,6,26
924,2024-03-27 11:36:00,Inca Kola 1.5L,Bebidas,5.46,5,27.3,1,2024-03-27,11,Wednesday,3,13
925,2024-08-09 15:45:00,Leche Gloria Light 1L,Lácteos,4.96,2,9.92,3,2024-08-09,15,Friday,8,32
926,2024-04-15 07:23:00,Fideos Lavaggi 500g,Abarrotes,2.55,4,10.2,4,2024-04-15,7,Monday,4,16
927,2024-02-25 20:07:00,Atún Florida 170g,Conservas,3.97,2,7.94,4,2024-02-25,20,Sunday,2,8
928,2024-08-21 09:01:00,Arroz Costeño 1kg,Abarrotes,3.89,4,15.56,4,2024-08-21,9,Wednesday,8,34
929,2024-02-18 21:46:00,Yogurt Gloria Fresa 1kg,Lácteos,6.43,3,19.29,3,2024-02-18,21,Sunday,2,7
930,2024-02-06 09:52:00,Sardina Florida 425g,Conservas,4.24,3,12.72,4,2024-02-06,9,Tuesday,2,6
931,2024-02-22 20:24:00,Leche Evaporada Gloria,Lácteos,3.27,3,9.81,3,2024-02-22,20,Thursday,2,8
932,2024-01-02 20:43:00,Leche Gloria Light 1L,Lácteos,5.01,3,15.03,3,2024-01-02,20,Tuesday,1,1
933,2024-04-29 09:33:00,Jabón Bolivar 230g,Limpieza,2.84,3,8.52,6,2024-04-29,9,Monday,4,18
934,2024-05-27 12:20:00,Inca Kola 1.5L,Bebidas,5.4,2,10.8,1,2024-05-27,12,Monday,5,22
935,2024-05-16 21:42:00,Fideos Lavaggi 500g,Abarrotes,2.47,1,2.47,4,2024-05-16,21,Thursday,5,20
936,2024-03-11 09:35:00,Aceite Primor 1L,Abarrotes,8.69,5,43.45,4,2024-03-11,9,Monday,3,11
937,2024-03-30 21:09:00,Chancay 60g,Panadería,0.51,3,1.53,8,2024-03-30,21,Saturday,3,13
938,2024-03-03 08:39:00,Mantequilla Gloria 100g,Lácteos,4.21,2,8.42,3,2024-03-03,8,Sunday,3,9
939,2024-02-03 09:03:00,Pepsi 500ml,Bebidas,2.28,1,2.28,2,2024-02-03,9,Saturday,2,5
940,2024-04-19 21:39:00,Agua San Luis 2.5L,Bebidas,3.46,3,10.38,1,2024-04-19,21,Friday,4,16
941,2024-07-01 08:59:00,Arroz Costeño 1kg,Abarrotes,3.82,4,15.28,4,2024-07-01,8,Monday,7,27
942,2024-07-27 20:06:00,Agua San Luis 2.5L,Bebidas,3.46,4,13.84,1,2024-07-27,20,Saturday,7,30
943,2024-04-30 07:09:00,Pasta Dental Colgate,Higiene,5.42,3,16.26,6,2024-04-30,7,Tuesday,4,18
944,2024-04-10 09:21:00,Detergente Ace 850g,Limpieza,11.87,2,23.74,6,2024-04-10,9,Wednesday,4,15
945,2024-01-17 21:30:00,Inca Kola 1.5L,Bebidas,5.61,4,22.44,1,2024-01-17,21,Wednesday,1,3
946,2024-07-15 20:32:00,Harina Blanca Flor 1kg,Abarrotes,3.18,1,3.18,4,2024-07-15,20,Monday,7,29
947,2024-03-24 08:50:00,Leche Gloria Entera 1L,Lácteos,4.81,2,9.62,3,2024-03-24,8,Sunday,3,12
948,2024-05-31 20:35:00,Papel Higiénico Elite x4,Higiene,9.15,1,9.15,6,2024-05-31,20,Friday,5,22
949,2024-01-17 21:50:00,Lejía Clorox 900ml,Limpieza,4.52,2,9.04,6,2024-01-17,21,Wednesday,1,3
950,2024-05-19 11:42:00,Jabón Bolivar 230g,Limpieza,2.73,3,8.19,6,2024-05-19,11,Sunday,5,20
951,2024-08-02 21:20:00,Mantequilla Gloria 100g,Lácteos,4.1,3,12.3,3,2024-08-02,21,Friday,8,31
952,2024-02-15 21:04:00,Shampoo Head&Shoulders,Higiene,18.07,3,54.21,6,2024-02-15,21,Thursday,2,7
953,2024-03-24 20:05:00,Lejía Clorox 900ml,Limpieza,4.59,1,4.59,6,2024-03-24,20,Sunday,3,12
954,2024-08-19 06:48:00,Queso Edam Gloria 250g,Lácteos,12.62,1,12.62,3,2024-08-19,6,Monday,8,34
955,2024-05-16 09:36:00,Shampoo Head&Shoulders,Higiene,18.16,2,36.32,6,2024-05-16,9,Thursday,5,20
956,2024-03-17 15:58:00,Sardina Florida 425g,Conservas,4.25,2,8.5,4,2024-03-17,15,Sunday,3,11
957,2024-01-23 18:54:00,Detergente Ariel 850g,Limpieza,12.76,1,12.76,6,2024-01-23,18,Tuesday,1,4
958,2024-04-04 07:00:00,Pepsi 500ml,Bebidas,2.34,5,11.7,2,2024-04-04,7,Thursday,4,14
959,2024-01-29 06:15:00,Detergente Ariel 850g,Limpieza,12.65,2,25.3,6,2024-01-29,6,Monday,1,5
960,2024-06-09 21:25:00,Papel Higiénico Elite x4,Higiene,8.87,2,17.74,6,2024-06-09,21,Sunday,6,23
961,2024-06-18 07:12:00,Arroz Costeño 5kg,Abarrotes,17.38,5,86.9,4,2024-06-18,7,Tuesday,6,25
962,2024-08-03 21:55:00,Detergente Ace 850g,Limpieza,11.63,3,34.89,6,2024-08-03,21,Saturday,8,31
963,2024-01-19 10:46:00,Inca Kola 500ml,Bebidas,2.52,4,10.08,1,2024-01-19,10,Friday,1,3
964,2024-01-22 08:55:00,Leche Evaporada Gloria,Lácteos,3.28,2,6.56,3,2024-01-22,8,Monday,1,4
965,2024-06-08 09:27:00,Pañales Huggies T4 x28,Higiene,34.65,3,103.95,6,2024-06-08,9,Saturday,6,23
966,2024-03-31 08:38:00,Lejía Clorox 900ml,Limpieza,4.52,1,4.52,6,2024-03-31,8,Sunday,3,13
967,2024-07-01 21:59:00,Sal Marina 1kg,Abarrotes,1.51,5,7.55,5,2024-07-01,21,Monday,7,27
968,2024-01-10 17:07:00,Coca-Cola 500ml,Bebidas,2.5,5,12.5,2,2024-01-10,17,Wednesday,1,2
969,2024-02-06 14:29:00,Agua San Luis 2.5L,Bebidas,3.41,5,17.05,1,2024-02-06,14,Tuesday,2,6
970,2024-03-03 20:43:00,Agua San Luis 2.5L,Bebidas,3.56,5,17.8,1,2024-03-03,20,Sunday,3,9
971,2024-06-05 08:34:00,Atún Florida 170g,Conservas,3.89,1,3.89,4,2024-06-05,8,Wednesday,6,23
972,2024-08-19 21:26:00,Chifles La Doña 80g,Snacks,2.06,2,4.12,7,2024-08-19,21,Monday,8,34
973,2024-03-15 09:59:00,Harina Blanca Flor 1kg,Abarrotes,3.25,5,16.25,4,2024-03-15,9,Friday,3,11
974,2024-03-07 08:37:00,Mantequilla Gloria 100g,Lácteos,4.22,1,4.22,3,2024-03-07,8,Thursday,3,10
975,2024-07-26 06:18:00,Harina Blanca Flor 1kg,Abarrotes,3.12,4,12.48,4,2024-07-26,6,Friday,7,30
976,2024-01-20 14:16:00,Chifles La Doña 80g,Snacks,2.01,1,2.01,7,2024-01-20,14,Saturday,1,3
977,2024-08-07 09:07:00,Fideos Lavaggi 500g,Abarrotes,2.45,5,12.25,4,2024-08-07,9,Wednesday,8,32
978,2024-07-08 08:23:00,Queso Edam Gloria 250g,Lácteos,12.32,1,12.32,3,2024-07-08,8,Monday,7,28
979,2024-05-04 09:55:00,Sal Marina 1kg,Abarrotes,1.49,1,1.49,5,2024-05-04,9,Saturday,5,18
980,2024-02-07 10:53:00,Agua San Luis 2.5L,Bebidas,3.55,4,14.2,1,2024-02-07,10,Wednesday,2,6
981,2024-07-16 21:46:00,Pañales Huggies T3 x30,Higiene,31.85,3,95.55,6,2024-07-16,21,Tuesday,7,29
982,2024-07-06 07:41:00,Mantequilla Gloria 100g,Lácteos,4.26,2,8.52,3,2024-07-06,7,Saturday,7,27
983,2024-01-14 08:30:00,Leche Gloria Light 1L,Lácteos,4.89,2,9.78,3,2024-01-14,8,Sunday,1,2
984,2024-02-29 21:30:00,Chancay 60g,Panadería,0.49,2,0.98,8,2024-02-29,21,Thursday,2,9
985,2024-01-04 08:24:00,Pañales Huggies T4 x28,Higiene,33.62,3,100.86,6,2024-01-04,8,Thursday,1,1
986,2024-06-23 09:58:00,Sublime 36g,Snacks,1.51,3,4.53,7,2024-06-23,9,Sunday,6,25
987,2024-06-05 14:21:00,Pañales Huggies T4 x28,Higiene,33.52,2,67.04,6,2024-06-05,14,Wednesday,6,23
988,2024-03-06 18:29:00,Leche Gloria Entera 1L,Lácteos,4.87,3,14.61,3,2024-03-06,18,Wednesday,3,10
989,2024-07-16 08:43:00,Queso Edam Gloria 250g,Lácteos,12.87,3,38.61,3,2024-07-16,8,Tuesday,7,29
990,2024-05-20 07:53:00,Sardina Florida 425g,Conservas,4.08,1,4.08,4,2024-05-20,7,Monday,5,21
991,2024-05-14 08:22:00,Leche Gloria Entera 1L,Lácteos,4.86,1,4.86,3,2024-05-14,8,Tuesday,5,20
992,2024-02-19 09:05:00,Fideos Don Vittorio 500g,Abarrotes,2.87,1,2.87,4,2024-02-19,9,Monday,2,8
993,2024-08-31 09:45:00,Arroz Costeño 5kg,Abarrotes,17.07,1,17.07,4,2024-08-31,9,Saturday,8,35
994,2024-04-06 11:57:00,Leche Evaporada Gloria,Lácteos,3.24,1,3.24,3,2024-04-06,11,Saturday,4,14
995,2024-03-16 20:40:00,Fideos Don Vittorio 500g,Abarrotes,2.87,4,11.48,4,2024-03-16,20,Saturday,3,11
996,2024-07-15 21:16:00,Fideos Lavaggi 500g,Abarrotes,2.54,2,5.08,4,2024-07-15,21,Monday,7,29
997,2024-07-17 08:21:00,Fideos Lavaggi 500g,Abarrotes,2.46,1,2.46,4,2024-07-17,8,Wednesday,7,29
998,2024-02-15 21:59:00,Fideos Don Vittorio 500g,Abarrotes,2.82,2,5.64,4,2024-02-15,21,Thursday,2,7
999,2024-06-14 20:34:00,Aceite Primor 500ml,Abarrotes,5.11,4,20.44,4,2024-06-14,20,Friday,6,24
1000,2024-08-21 21:06:00,Leche Gloria Entera 1L,Lácteos,4.68,1,4.68,3,2024-08-21,21,Wednesday,8,34
1001,2024-07-05 08:01:00,Mantequilla Gloria 100g,Lácteos,4.11,2,8.22,3,2024-07-05,8,Friday,7,27
1002,2024-08-26 08:17:00,Inca Kola 500ml,Bebidas,2.53,2,5.06,1,2024-08-26,8,Monday,8,35
1003,2024-05-27 09:49:00,Papel Higiénico Elite x4,Higiene,8.89,2,17.78,6,2024-05-27,9,Monday,5,22
1004,2024-08-04 08:34:00,Papel Higiénico Elite x4,Higiene,8.63,1,8.63,6,2024-08-04,8,Sunday,8,31
1005,2024-02-01 17:21:00,Galletas Oreo 36g,Snacks,1.48,3,4.44,7,2024-02-01,17,Thursday,2,5
1006,2024-06-10 08:23:00,Pepsi 500ml,Bebidas,2.35,5,11.75,2,2024-06-10,8,Monday,6,24
1007,2024-01-21 15:41:00,Jabón Bolivar 230g,Limpieza,2.75,1,2.75,6,2024-01-21,15,Sunday,1,3
1008,2024-04-08 15:44:00,Coca-Cola 500ml,Bebidas,2.56,4,10.24,2,2024-04-08,15,Monday,4,15
1009,2024-05-04 09:28:00,Detergente Ariel 850g,Limpieza,12.27,3,36.81,6,2024-05-04,9,Saturday,5,18
1010,2024-02-19 09:15:00,Coca-Cola 500ml,Bebidas,2.48,4,9.92,2,2024-02-19,9,Monday,2,8
1011,2024-06-13 21:01:00,Chancay 60g,Panadería,0.5,1,0.5,8,2024-06-13,21,Thursday,6,24
1012,2024-07-20 18:07:00,Jabón Bolivar 230g,Limpieza,2.85,1,2.85,6,2024-07-20,18,Saturday,7,29
1013,2024-04-27 10:47:00,Sublime 36g,Snacks,1.48,3,4.44,7,2024-04-27,10,Saturday,4,17
1014,2024-01-10 21:41:00,Agua San Luis 500ml,Bebidas,1.2,1,1.2,1,2024-01-10,21,Wednesday,1,2
1015,2024-03-03 10:00:00,Coca-Cola 500ml,Bebidas,2.52,2,5.04,2,2024-03-03,10,Sunday,3,9
1016,2024-07-29 20:39:00,Atún Florida 170g,Conservas,3.98,1,3.98,4,2024-07-29,20,Monday,7,31
1017,2024-07-28 09:31:00,Agua San Luis 500ml,Bebidas,1.22,5,6.1,1,2024-07-28,9,Sunday,7,30
1018,2024-01-17 19:21:00,Azúcar Cartavio 1kg,Abarrotes,3.46,4,13.84,5,2024-01-17,19,Wednesday,1,3
1019,2024-05-19 07:48:00,Mantequilla Gloria 100g,Lácteos,4.22,1,4.22,3,2024-05-19,7,Sunday,5,20
1020,2024-01-17 07:48:00,Jabón Bolivar 230g,Limpieza,2.74,2,5.48,6,2024-01-17,7,Wednesday,1,3
1021,2024-05-21 07:59:00,Detergente Ace 850g,Limpieza,11.57,3,34.71,6,2024-05-21,7,Tuesday,5,21
1022,2024-07-21 18:49:00,Leche Gloria Entera 1L,Lácteos,4.66,1,4.66,3,2024-07-21,18,Sunday,7,29
1023,2024-01-21 07:59:00,Galletas Soda Field,Snacks,2.83,1,2.83,7,2024-01-21,7,Sunday,1,3
1024,2024-08-15 09:51:00,Queso Edam Gloria 250g,Lácteos,12.64,2,25.28,3,2024-08-15,9,Thursday,8,33
1025,2024-02-06 20:26:00,Arroz Costeño 5kg,Abarrotes,17.96,2,35.92,4,2024-02-06,20,Tuesday,2,6
1026,2024-06-01 08:39:00,Coca-Cola 500ml,Bebidas,2.52,1,2.52,2,2024-06-01,8,Saturday,6,22
1027,2024-03-30 20:12:00,Atún Florida 170g,Conservas,4.01,1,4.01,4,2024-03-30,20,Saturday,3,13
1028,2024-06-07 20:29:00,Leche Gloria Entera 1L,Lácteos,4.85,3,14.55,3,2024-06-07,20,Friday,6,23
1029,2024-01-14 07:43:00,Fideos Lavaggi 500g,Abarrotes,2.5,4,10.0,4,2024-01-14,7,Sunday,1,2
1030,2024-06-20 07:41:00,Aceite Primor 1L,Abarrotes,8.79,3,26.37,4,2024-06-20,7,Thursday,6,25
1031,2024-03-05 21:02:00,Pañales Huggies T4 x28,Higiene,34.49,1,34.49,6,2024-03-05,21,Tuesday,3,10
1032,2024-02-15 07:31:00,Chancay 60g,Panadería,0.49,3,1.47,8,2024-02-15,7,Thursday,2,7
1033,2024-07-03 21:26:00,Sal Marina 1kg,Abarrotes,1.52,2,3.04,5,2024-07-03,21,Wednesday,7,27
1034,2024-02-28 16:14:00,Sardina Florida 425g,Conservas,4.13,1,4.13,4,2024-02-28,16,Wednesday,2,9
1035,2024-08-10 07:04:00,Pañales Huggies T3 x30,Higiene,32.67,2,65.34,6,2024-08-10,7,Saturday,8,32
1036,2024-08-15 20:59:00,Pepsi 500ml,Bebidas,2.29,5,11.45,2,2024-08-15,20,Thursday,8,33
1037,2024-04-05 09:12:00,Lejía Clorox 900ml,Limpieza,4.46,3,13.38,6,2024-04-05,9,Friday,4,14
1038,2024-02-21 20:44:00,Fideos Lavaggi 500g,Abarrotes,2.43,5,12.15,4,2024-02-21,20,Wednesday,2,8
1039,2024-01-29 20:26:00,Leche Evaporada Gloria,Lácteos,3.25,1,3.25,3,2024-01-29,20,Monday,1,5
1040,2024-08-14 07:50:00,Azúcar Cartavio 1kg,Abarrotes,3.59,5,17.95,5,2024-08-14,7,Wednesday,8,33
1041,2024-05-21 08:26:00,Mantequilla Gloria 100g,Lácteos,4.2,3,12.6,3,2024-05-21,8,Tuesday,5,21
1042,2024-05-31 21:17:00,Arroz Costeño 5kg,Abarrotes,17.74,1,17.74,4,2024-05-31,21,Friday,5,22
1043,2024-03-04 20:57:00,Sal Marina 1kg,Abarrotes,1.54,5,7.7,5,2024-03-04,20,Monday,3,10
1044,2024-08-17 07:02:00,Mantequilla Gloria 100g,Lácteos,4.26,2,8.52,3,2024-08-17,7,Saturday,8,33
1045,2024-01-09 21:30:00,Chifles La Doña 80g,Snacks,2.04,3,6.12,7,2024-01-09,21,Tuesday,1,2
1046,2024-05-06 09:48:00,Shampoo Head&Shoulders,Higiene,18.71,1,18.71,6,2024-05-06,9,Monday,5,19
1047,2024-08-31 08:18:00,Pañales Huggies T3 x30,Higiene,32.79,1,32.79,6,2024-08-31,8,Saturday,8,35
1048,2024-01-05 21:10:00,Agua San Luis 2.5L,Bebidas,3.58,4,14.32,1,2024-01-05,21,Friday,1,1
1049,2024-01-07 20:49:00,Queso Edam Gloria 250g,Lácteos,12.78,1,12.78,3,2024-01-07,20,Sunday,1,1
1050,2024-02-17 17:40:00,Papel Higiénico Elite x4,Higiene,9.01,2,18.02,6,2024-02-17,17,Saturday,2,7
1051,2024-08-08 18:57:00,Inca Kola 500ml,Bebidas,2.5,3,7.5,1,2024-08-08,18,Thursday,8,32
1052,2024-04-19 12:50:00,Harina Blanca Flor 1kg,Abarrotes,3.22,1,3.22,4,2024-04-19,12,Friday,4,16
1053,2024-07-07 17:56:00,Jabón Bolivar 230g,Limpieza,2.73,1,2.73,6,2024-07-07,17,Sunday,7,27
1054,2024-04-29 17:23:00,Detergente Ace 850g,Limpieza,12.01,1,12.01,6,2024-04-29,17,Monday,4,18
1055,2024-05-23 12:08:00,Agua San Luis 500ml,Bebidas,1.18,3,3.54,1,2024-05-23,12,Thursday,5,21
1056,2024-06-15 20:48:00,Leche Gloria Light 1L,Lácteos,4.98,3,14.94,3,2024-06-15,20,Saturday,6,24
1057,2024-03-31 19:17:00,Sardina Florida 425g,Conservas,4.09,1,4.09,4,2024-03-31,19,Sunday,3,13
1058,2024-04-25 20:30:00,Detergente Ariel 850g,Limpieza,12.52,3,37.56,6,2024-04-25,20,Thursday,4,17
1059,2024-08-18 09:23:00,Chancay 60g,Panadería,0.51,3,1.53,8,2024-08-18,9,Sunday,8,33
1060,2024-02-18 20:05:00,Agua San Luis 500ml,Bebidas,1.19,1,1.19,1,2024-02-18,20,Sunday,2,7
1061,2024-03-14 08:06:00,Aceite Primor 500ml,Abarrotes,5.13,2,10.26,4,2024-03-14,8,Thursday,3,11
1062,2024-05-07 07:33:00,Yogurt Gloria Fresa 1kg,Lácteos,6.31,3,18.93,3,2024-05-07,7,Tuesday,5,19
1063,2024-06-23 20:30:00,Pañales Huggies T3 x30,Higiene,32.34,2,64.68,6,2024-06-23,20,Sunday,6,25
1064,2024-03-15 07:55:00,Inca Kola 1.5L,Bebidas,5.61,2,11.22,1,2024-03-15,7,Friday,3,11
1065,2024-06-14 21:41:00,Sublime 36g,Snacks,1.53,3,4.59,7,2024-06-14,21,Friday,6,24
1066,2024-05-31 20:29:00,Galletas Soda Field,Snacks,2.81,2,5.62,7,2024-05-31,20,Friday,5,22
1067,2024-02-13 13:30:00,Atún Florida 170g,Conservas,4.01,2,8.02,4,2024-02-13,13,Tuesday,2,7
1068,2024-02-07 21:10:00,Pepsi 500ml,Bebidas,2.36,5,11.8,2,2024-02-07,21,Wednesday,2,6
1069,2024-03-14 07:53:00,Chancay 60g,Panadería,0.51,3,1.53,8,2024-03-14,7,Thursday,3,11
1070,2024-02-11 07:20:00,Yogurt Gloria Fresa 1kg,Lácteos,6.35,3,19.05,3,2024-02-11,7,Sunday,2,6
1071,2024-04-04 09:45:00,Fideos Don Vittorio 500g,Abarrotes,2.83,1,2.83,4,2024-04-04,9,Thursday,4,14
1072,2024-02-07 20:34:00,Detergente Ariel 850g,Limpieza,12.22,2,24.44,6,2024-02-07,20,Wednesday,2,6
1073,2024-04-13 10:29:00,Inca Kola 1.5L,Bebidas,5.39,3,16.17,1,2024-04-13,10,Saturday,4,15
1074,2024-05-09 21:30:00,Chancay 60g,Panadería,0.51,2,1.02,8,2024-05-09,21,Thursday,5,19
1075,2024-06-19 09:46:00,Mantequilla Gloria 100g,Lácteos,4.16,2,8.32,3,2024-06-19,9,Wednesday,6,25
1076,2024-07-06 20:08:00,Leche Gloria Light 1L,Lácteos,4.91,3,14.73,3,2024-07-06,20,Saturday,7,27
1077,2024-01-07 20:28:00,Atún Florida 170g,Conservas,3.8,2,7.6,4,2024-01-07,20,Sunday,1,1
1078,2024-06-04 13:50:00,Pepsi 500ml,Bebidas,2.26,3,6.78,2,2024-06-04,13,Tuesday,6,23
1079,2024-05-17 08:32:00,Agua San Luis 2.5L,Bebidas,3.44,4,13.76,1,2024-05-17,8,Friday,5,20
1080,2024-06-03 07:58:00,Sardina Florida 425g,Conservas,4.16,3,12.48,4,2024-06-03,7,Monday,6,23
1081,2024-07-02 17:24:00,Yogurt Gloria Fresa 1kg,Lácteos,6.31,2,12.62,3,2024-07-02,17,Tuesday,7,27
1082,2024-03-30 21:55:00,Detergente Ariel 850g,Limpieza,12.19,3,36.57,6,2024-03-30,21,Saturday,3,13
1083,2024-07-08 20:18:00,Shampoo Head&Shoulders,Higiene,18.84,1,18.84,6,2024-07-08,20,Monday,7,28
1084,2024-07-05 10:53:00,Pañales Huggies T4 x28,Higiene,34.2,3,102.6,6,2024-07-05,10,Friday,7,27
1085,2024-02-23 21:04:00,Yogurt Gloria Fresa 1kg,Lácteos,6.6,3,19.8,3,2024-02-23,21,Friday,2,8
1086,2024-01-02 21:26:00,Agua San Luis 2.5L,Bebidas,3.51,2,7.02,1,2024-01-02,21,Tuesday,1,1
1087,2024-07-12 12:11:00,Mantequilla Gloria 100g,Lácteos,4.15,2,8.3,3,2024-07-12,12,Friday,7,28
1088,2024-01-11 15:53:00,Galletas Soda Field,Snacks,2.77,3,8.31,7,2024-01-11,15,Thursday,1,2
1089,2024-07-08 20:50:00,Pan de Molde Bimbo 500g,Panadería,6.37,1,6.37,8,2024-07-08,20,Monday,7,28
1090,2024-06-12 21:07:00,Atún Florida 170g,Conservas,3.94,3,11.82,4,2024-06-12,21,Wednesday,6,24
1091,2024-04-16 09:41:00,Harina Blanca Flor 1kg,Abarrotes,3.11,2,6.22,4,2024-04-16,9,Tuesday,4,16
1092,2024-05-06 08:38:00,Fideos Lavaggi 500g,Abarrotes,2.51,3,7.53,4,2024-05-06,8,Monday,5,19
1093,2024-04-21 21:44:00,Mantequilla Gloria 100g,Lácteos,4.17,1,4.17,3,2024-04-21,21,Sunday,4,16
1094,2024-01-05 11:37:00,Mantequilla Gloria 100g,Lácteos,4.11,1,4.11,3,2024-01-05,11,Friday,1,1
1095,2024-08-12 17:10:00,Pasta Dental Colgate,Higiene,5.42,1,5.42,6,2024-08-12,17,Monday,8,33
1096,2024-06-11 17:03:00,Pañales Huggies T3 x30,Higiene,32.09,2,64.18,6,2024-06-11,17,Tuesday,6,24
1097,2024-05-11 09:11:00,Agua San Luis 500ml,Bebidas,1.21,1,1.21,1,2024-05-11,9,Saturday,5,19
1098,2024-05-19 21:52:00,Aceite Primor 1L,Abarrotes,8.78,3,26.34,4,2024-05-19,21,Sunday,5,20
1099,2024-01-25 21:52:00,Detergente Ace 850g,Limpieza,11.55,1,11.55,6,2024-01-25,21,Thursday,1,4
1100,2024-03-13 21:26:00,Sublime 36g,Snacks,1.54,2,3.08,7,2024-03-13,21,Wednesday,3,11
1101,2024-01-27 09:14:00,Aceite Primor 1L,Abarrotes,9.06,2,18.12,4,2024-01-27,9,Saturday,1,4
1102,2024-06-06 09:26:00,Pan de Molde Bimbo 500g,Panadería,6.66,2,13.32,8,2024-06-06,9,Thursday,6,23
1103,2024-07-28 07:30:00,Leche Gloria Light 1L,Lácteos,4.84,2,9.68,3,2024-07-28,7,Sunday,7,30
1104,2024-02-05 16:11:00,Detergente Ace 850g,Limpieza,11.76,3,35.28,6,2024-02-05,16,Monday,2,6
1105,2024-02-26 09:09:00,Leche Gloria Light 1L,Lácteos,4.82,3,14.46,3,2024-02-26,9,Monday,2,9
1106,2024-02-23 07:27:00,Leche Evaporada Gloria,Lácteos,3.25,3,9.75,3,2024-02-23,7,Friday,2,8
1107,2024-01-20 08:48:00,Leche Gloria Light 1L,Lácteos,4.77,2,9.54,3,2024-01-20,8,Saturday,1,3
1108,2024-01-09 07:30:00,Leche Gloria Entera 1L,Lácteos,4.92,1,4.92,3,2024-01-09,7,Tuesday,1,2
1109,2024-01-17 20:48:00,Coca-Cola 500ml,Bebidas,2.54,1,2.54,2,2024-01-17,20,Wednesday,1,3
1110,2024-05-30 11:42:00,Arroz Costeño 5kg,Abarrotes,17.01,3,51.03,4,2024-05-30,11,Thursday,5,22
1111,2024-08-04 14:37:00,Yogurt Gloria Fresa 1kg,Lácteos,6.44,2,12.88,3,2024-08-04,14,Sunday,8,31
1112,2024-07-18 13:32:00,Chifles La Doña 80g,Snacks,1.95,3,5.85,7,2024-07-18,13,Thursday,7,29
1113,2024-07-14 07:45:00,Queso Edam Gloria 250g,Lácteos,12.85,1,12.85,3,2024-07-14,7,Sunday,7,28
1114,2024-08-18 06:46:00,Aceite Primor 1L,Abarrotes,9.13,1,9.13,4,2024-08-18,6,Sunday,8,33
1115,2024-08-05 17:44:00,Chifles La Doña 80g,Snacks,1.96,3,5.88,7,2024-08-05,17,Monday,8,32
1116,2024-02-16 18:27:00,Leche Gloria Entera 1L,Lácteos,4.8,1,4.8,3,2024-02-16,18,Friday,2,7
1117,2024-01-29 16:07:00,Pañales Huggies T3 x30,Higiene,31.74,2,63.48,6,2024-01-29,16,Monday,1,5
1118,2024-05-06 15:35:00,Leche Evaporada Gloria,Lácteos,3.11,3,9.33,3,2024-05-06,15,Monday,5,19
1119,2024-05-06 08:29:00,Sardina Florida 425g,Conservas,4.26,3,12.78,4,2024-05-06,8,Monday,5,19
1120,2024-02-27 15:54:00,Shampoo Head&Shoulders,Higiene,18.15,2,36.3,6,2024-02-27,15,Tuesday,2,9
1121,2024-08-17 21:43:00,Agua San Luis 500ml,Bebidas,1.18,3,3.54,1,2024-08-17,21,Saturday,8,33
1122,2024-06-21 08:33:00,Galletas Soda Field,Snacks,2.83,3,8.49,7,2024-06-21,8,Friday,6,25
1123,2024-02-06 20:47:00,Leche Gloria Light 1L,Lácteos,4.77,1,4.77,3,2024-02-06,20,Tuesday,2,6
1124,2024-03-27 08:07:00,Arroz Costeño 1kg,Abarrotes,3.88,2,7.76,4,2024-03-27,8,Wednesday,3,13
1125,2024-03-12 14:48:00,Galletas Soda Field,Snacks,2.87,3,8.61,7,2024-03-12,14,Tuesday,3,11
1126,2024-05-01 18:31:00,Detergente Ariel 850g,Limpieza,12.33,3,36.99,6,2024-05-01,18,Wednesday,5,18
1127,2024-01-28 08:31:00,Pasta Dental Colgate,Higiene,5.54,1,5.54,6,2024-01-28,8,Sunday,1,4
1128,2024-01-08 07:53:00,Leche Evaporada Gloria,Lácteos,3.2,1,3.2,3,2024-01-08,7,Monday,1,2
1129,2024-02-15 21:09:00,Inca Kola 1.5L,Bebidas,5.54,3,16.62,1,2024-02-15,21,Thursday,2,7
1130,2024-07-13 09:49:00,Leche Gloria Entera 1L,Lácteos,4.88,2,9.76,3,2024-07-13,9,Saturday,7,28
1131,2024-03-16 21:32:00,Arroz Costeño 1kg,Abarrotes,3.81,3,11.43,4,2024-03-16,21,Saturday,3,11
1132,2024-05-19 07:27:00,Chancay 60g,Panadería,0.5,1,0.5,8,2024-05-19,7,Sunday,5,20
1133,2024-08-06 21:02:00,Sardina Florida 425g,Conservas,4.12,1,4.12,4,2024-08-06,21,Tuesday,8,32
1134,2024-08-14 21:27:00,Atún Florida 170g,Conservas,3.86,1,3.86,4,2024-08-14,21,Wednesday,8,33
1135,2024-05-04 21:42:00,Lejía Clorox 900ml,Limpieza,4.55,3,13.65,6,2024-05-04,21,Saturday,5,18
1136,2024-04-30 20:32:00,Mantequilla Gloria 100g,Lácteos,4.17,1,4.17,3,2024-04-30,20,Tuesday,4,18
1137,2024-05-31 17:49:00,Galletas Soda Field,Snacks,2.77,2,5.54,7,2024-05-31,17,Friday,5,22
1138,2024-05-31 08:22:00,Inca Kola 1.5L,Bebidas,5.34,5,26.7,1,2024-05-31,8,Friday,5,22
1139,2024-04-07 08:22:00,Jabón Bolivar 230g,Limpieza,2.78,2,5.56,6,2024-04-07,8,Sunday,4,14
1140,2024-03-04 08:37:00,Sal Marina 1kg,Abarrotes,1.54,1,1.54,5,2024-03-04,8,Monday,3,10
1141,2024-08-10 21:10:00,Agua San Luis 500ml,Bebidas,1.2,1,1.2,1,2024-08-10,21,Saturday,8,32
1142,2024-04-27 19:36:00,Coca-Cola 500ml,Bebidas,2.56,5,12.8,2,2024-04-27,19,Saturday,4,17
1143,2024-01-06 06:20:00,Fideos Lavaggi 500g,Abarrotes,2.51,4,10.04,4,2024-01-06,6,Saturday,1,1
1144,2024-05-26 08:06:00,Sardina Florida 425g,Conservas,4.24,3,12.72,4,2024-05-26,8,Sunday,5,21
1145,2024-05-07 21:10:00,Jabón Bolivar 230g,Limpieza,2.77,3,8.31,6,2024-05-07,21,Tuesday,5,19
1146,2024-02-21 20:53:00,Pañales Huggies T4 x28,Higiene,33.42,3,100.26,6,2024-02-21,20,Wednesday,2,8
1147,2024-01-13 09:25:00,Fideos Don Vittorio 500g,Abarrotes,2.82,2,5.64,4,2024-01-13,9,Saturday,1,2
1148,2024-07-02 09:37:00,Agua San Luis 2.5L,Bebidas,3.45,3,10.35,1,2024-07-02,9,Tuesday,7,27
1149,2024-07-24 21:13:00,Mantequilla Gloria 100g,Lácteos,4.27,2,8.54,3,2024-07-24,21,Wednesday,7,30
1150,2024-05-09 19:42:00,Atún Florida 170g,Conservas,3.86,3,11.58,4,2024-05-09,19,Thursday,5,19
1151,2024-04-12 09:29:00,Pañales Huggies T3 x30,Higiene,33.01,3,99.03,6,2024-04-12,9,Friday,4,15
1152,2024-08-13 09:33:00,Aceite Primor 500ml,Abarrotes,5.22,2,10.44,4,2024-08-13,9,Tuesday,8,33
1153,2024-06-18 20:17:00,Arroz Costeño 5kg,Abarrotes,17.82,5,89.1,4,2024-06-18,20,Tuesday,6,25
1154,2024-08-27 07:33:00,Pañales Huggies T4 x28,Higiene,33.72,1,33.72,6,2024-08-27,7,Tuesday,8,35
1155,2024-03-02 09:48:00,Yogurt Gloria Fresa 1kg,Lácteos,6.63,2,13.26,3,2024-03-02,9,Saturday,3,9
1156,2024-03-22 08:40:00,Pañales Huggies T3 x30,Higiene,33.17,1,33.17,6,2024-03-22,8,Friday,3,12
1157,2024-07-29 07:16:00,Fideos Lavaggi 500g,Abarrotes,2.46,5,12.3,4,2024-07-29,7,Monday,7,31
1158,2024-01-30 07:15:00,Sal Marina 1kg,Abarrotes,1.5,3,4.5,5,2024-01-30,7,Tuesday,1,5
1159,2024-04-21 20:12:00,Pan de Molde Bimbo 500g,Panadería,6.41,1,6.41,8,2024-04-21,20,Sunday,4,16
1160,2024-03-07 14:42:00,Inca Kola 1.5L,Bebidas,5.39,5,26.95,1,2024-03-07,14,Thursday,3,10
1161,2024-07-03 20:03:00,Coca-Cola 500ml,Bebidas,2.47,1,2.47,2,2024-07-03,20,Wednesday,7,27
1162,2024-08-09 08:57:00,Atún Florida 170g,Conservas,3.94,2,7.88,4,2024-08-09,8,Friday,8,32
1163,2024-04-11 10:15:00,Agua San Luis 2.5L,Bebidas,3.51,1,3.51,1,2024-04-11,10,Thursday,4,15
1164,2024-08-26 09:53:00,Chifles La Doña 80g,Snacks,2.05,3,6.15,7,2024-08-26,9,Monday,8,35
1165,2024-03-05 20:15:00,Sublime 36g,Snacks,1.47,3,4.41,7,2024-03-05,20,Tuesday,3,10
1166,2024-03-25 18:51:00,Sardina Florida 425g,Conservas,4.26,3,12.78,4,2024-03-25,18,Monday,3,13
1167,2024-02-25 07:13:00,Pañales Huggies T4 x28,Higiene,33.88,2,67.76,6,2024-02-25,7,Sunday,2,8
1168,2024-08-08 21:34:00,Fideos Don Vittorio 500g,Abarrotes,2.83,3,8.49,4,2024-08-08,21,Thursday,8,32
1169,2024-03-22 21:43:00,Leche Gloria Light 1L,Lácteos,5.04,1,5.04,3,2024-03-22,21,Friday,3,12
1170,2024-04-02 21:52:00,Yogurt Gloria Fresa 1kg,Lácteos,6.31,2,12.62,3,2024-04-02,21,Tuesday,4,14
1171,2024-08-03 07:44:00,Coca-Cola 500ml,Bebidas,2.46,2,4.92,2,2024-08-03,7,Saturday,8,31
1172,2024-03-20 17:57:00,Lejía Clorox 900ml,Limpieza,4.4,3,13.2,6,2024-03-20,17,Wednesday,3,12
1173,2024-08-07 20:58:00,Sal Marina 1kg,Abarrotes,1.54,4,6.16,5,2024-08-07,20,Wednesday,8,32
1174,2024-03-18 07:19:00,Fideos Don Vittorio 500g,Abarrotes,2.86,2,5.72,4,2024-03-18,7,Monday,3,12
1175,2024-08-22 21:56:00,Aceite Primor 1L,Abarrotes,9.05,4,36.2,4,2024-08-22,21,Thursday,8,34
1176,2024-08-09 08:30:00,Fideos Lavaggi 500g,Abarrotes,2.56,4,10.24,4,2024-08-09,8,Friday,8,32
1177,2024-07-02 20:52:00,Jabón Bolivar 230g,Limpieza,2.83,1,2.83,6,2024-07-02,20,Tuesday,7,27
1178,2024-01-17 21:29:00,Chifles La Doña 80g,Snacks,1.94,3,5.82,7,2024-01-17,21,Wednesday,1,3
1179,2024-06-13 20:50:00,Pepsi 500ml,Bebidas,2.23,2,4.46,2,2024-06-13,20,Thursday,6,24
1180,2024-06-09 20:07:00,Arroz Costeño 1kg,Abarrotes,3.74,2,7.48,4,2024-06-09,20,Sunday,6,23
1181,2024-08-04 19:50:00,Leche Evaporada Gloria,Lácteos,3.19,2,6.38,3,2024-08-04,19,Sunday,8,31
1182,2024-03-07 09:52:00,Leche Evaporada Gloria,Lácteos,3.26,2,6.52,3,2024-03-07,9,Thursday,3,10
1183,2024-01-22 20:25:00,Arroz Costeño 1kg,Abarrotes,3.9,4,15.6,4,2024-01-22,20,Monday,1,4
1184,2024-02-27 07:59:00,Mantequilla Gloria 100g,Lácteos,4.24,3,12.72,3,2024-02-27,7,Tuesday,2,9
1185,2024-08-20 08:12:00,Azúcar Cartavio 1kg,Abarrotes,3.54,3,10.62,5,2024-08-20,8,Tuesday,8,34
1186,2024-01-13 21:38:00,Aceite Primor 1L,Abarrotes,8.71,3,26.13,4,2024-01-13,21,Saturday,1,2
1187,2024-02-13 09:00:00,Detergente Ace 850g,Limpieza,11.92,3,35.76,6,2024-02-13,9,Tuesday,2,7
1188,2024-07-30 09:14:00,Pasta Dental Colgate,Higiene,5.4,3,16.2,6,2024-07-30,9,Tuesday,7,31
1189,2024-03-14 18:08:00,Fideos Lavaggi 500g,Abarrotes,2.55,4,10.2,4,2024-03-14,18,Thursday,3,11
1190,2024-07-29 09:12:00,Arroz Costeño 5kg,Abarrotes,17.16,4,68.64,4,2024-07-29,9,Monday,7,31
1191,2024-01-08 08:15:00,Yogurt Gloria Fresa 1kg,Lácteos,6.48,3,19.44,3,2024-01-08,8,Monday,1,2
1192,2024-04-04 20:05:00,Sal Marina 1kg,Abarrotes,1.5,1,1.5,5,2024-04-04,20,Thursday,4,14
1193,2024-06-26 20:45:00,Sardina Florida 425g,Conservas,4.25,2,8.5,4,2024-06-26,20,Wednesday,6,26
1194,2024-01-19 07:03:00,Fideos Don Vittorio 500g,Abarrotes,2.87,3,8.61,4,2024-01-19,7,Friday,1,3
1195,2024-08-20 20:00:00,Galletas Oreo 36g,Snacks,1.5,2,3.0,7,2024-08-20,20,Tuesday,8,34
1196,2024-03-18 17:08:00,Lejía Clorox 900ml,Limpieza,4.38,3,13.14,6,2024-03-18,17,Monday,3,12
1197,2024-03-07 08:59:00,Aceite Primor 500ml,Abarrotes,5.32,3,15.96,4,2024-03-07,8,Thursday,3,10
1198,2024-01-23 21:09:00,Leche Evaporada Gloria,Lácteos,3.13,2,6.26,3,2024-01-23,21,Tuesday,1,4
1199,2024-02-02 21:47:00,Coca-Cola 500ml,Bebidas,2.56,3,7.68,2,2024-02-02,21,Friday,2,5
1200,2024-08-19 14:33:00,Harina Blanca Flor 1kg,Abarrotes,3.19,3,9.57,4,2024-08-19,14,Monday,8,34
1201,2024-03-21 21:48:00,Aceite Primor 1L,Abarrotes,8.93,2,17.86,4,2024-03-21,21,Thursday,3,12
1202,2024-01-14 07:14:00,Shampoo Head&Shoulders,Higiene,17.98,1,17.98,6,2024-01-14,7,Sunday,1,2
1203,2024-02-11 19:07:00,Fideos Don Vittorio 500g,Abarrotes,2.72,4,10.88,4,2024-02-11,19,Sunday,2,6
1204,2024-06-30 20:31:00,Detergente Ariel 850g,Limpieza,12.76,1,12.76,6,2024-06-30,20,Sunday,6,26
1205,2024-02-01 20:55:00,Yogurt Gloria Fresa 1kg,Lácteos,6.38,2,12.76,3,2024-02-01,20,Thursday,2,5
1206,2024-07-10 21:36:00,Aceite Primor 1L,Abarrotes,8.75,5,43.75,4,2024-07-10,21,Wednesday,7,28
1207,2024-05-14 11:26:00,Inca Kola 500ml,Bebidas,2.46,1,2.46,1,2024-05-14,11,Tuesday,5,20
1208,2024-06-22 08:01:00,Galletas Soda Field,Snacks,2.83,2,5.66,7,2024-06-22,8,Saturday,6,25
1209,2024-04-10 20:53:00,Leche Gloria Light 1L,Lácteos,4.8,2,9.6,3,2024-04-10,20,Wednesday,4,15
1210,2024-04-27 21:29:00,Agua San Luis 2.5L,Bebidas,3.52,3,10.56,1,2024-04-27,21,Saturday,4,17
1211,2024-03-25 20:20:00,Inca Kola 500ml,Bebidas,2.44,5,12.2,1,2024-03-25,20,Monday,3,13
1212,2024-07-24 16:51:00,Pepsi 500ml,Bebidas,2.33,1,2.33,2,2024-07-24,16,Wednesday,7,30
1213,2024-08-31 08:25:00,Pan de Molde Bimbo 500g,Panadería,6.37,2,12.74,8,2024-08-31,8,Saturday,8,35
1214,2024-01-23 07:10:00,Papel Higiénico Elite x4,Higiene,9.05,2,18.1,6,2024-01-23,7,Tuesday,1,4
1215,2024-06-14 10:07:00,Harina Blanca Flor 1kg,Abarrotes,3.2,3,9.6,4,2024-06-14,10,Friday,6,24
1216,2024-07-07 15:57:00,Pañales Huggies T4 x28,Higiene,34.21,3,102.63,6,2024-07-07,15,Sunday,7,27
1217,2024-06-19 08:32:00,Detergente Ariel 850g,Limpieza,12.49,1,12.49,6,2024-06-19,8,Wednesday,6,25
1218,2024-05-01 09:27:00,Lejía Clorox 900ml,Limpieza,4.57,1,4.57,6,2024-05-01,9,Wednesday,5,18
1219,2024-06-06 09:27:00,Detergente Ace 850g,Limpieza,11.57,1,11.57,6,2024-06-06,9,Thursday,6,23
1220,2024-04-28 10:59:00,Jabón Bolivar 230g,Limpieza,2.8,2,5.6,6,2024-04-28,10,Sunday,4,17
1221,2024-01-22 08:05:00,Sublime 36g,Snacks,1.48,2,2.96,7,2024-01-22,8,Monday,1,4
1222,2024-06-24 13:33:00,Leche Evaporada Gloria,Lácteos,3.16,2,6.32,3,2024-06-24,13,Monday,6,26
1223,2024-05-21 07:32:00,Pepsi 500ml,Bebidas,2.3,1,2.3,2,2024-05-21,7,Tuesday,5,21
1224,2024-01-25 21:22:00,Pañales Huggies T3 x30,Higiene,32.67,2,65.34,6,2024-01-25,21,Thursday,1,4
1225,2024-01-05 09:29:00,Chifles La Doña 80g,Snacks,2.03,1,2.03,7,2024-01-05,9,Friday,1,1
1226,2024-01-12 09:19:00,Papel Higiénico Elite x4,Higiene,8.95,2,17.9,6,2024-01-12,9,Friday,1,2
1227,2024-07-12 14:21:00,Pasta Dental Colgate,Higiene,5.4,1,5.4,6,2024-07-12,14,Friday,7,28
1228,2024-07-10 14:55:00,Agua San Luis 2.5L,Bebidas,3.49,1,3.49,1,2024-07-10,14,Wednesday,7,28
1229,2024-01-02 20:10:00,Inca Kola 1.5L,Bebidas,5.49,4,21.96,1,2024-01-02,20,Tuesday,1,1
1230,2024-08-10 21:19:00,Papel Higiénico Elite x4,Higiene,9.07,3,27.21,6,2024-08-10,21,Saturday,8,32
1231,2024-06-25 18:51:00,Detergente Ace 850g,Limpieza,11.61,2,23.22,6,2024-06-25,18,Tuesday,6,26
1232,2024-01-04 07:44:00,Leche Evaporada Gloria,Lácteos,3.27,1,3.27,3,2024-01-04,7,Thursday,1,1
1233,2024-05-03 13:27:00,Arroz Costeño 5kg,Abarrotes,17.18,5,85.9,4,2024-05-03,13,Friday,5,18
1234,2024-07-16 21:27:00,Atún Florida 170g,Conservas,3.81,1,3.81,4,2024-07-16,21,Tuesday,7,29
1235,2024-07-08 21:30:00,Yogurt Gloria Fresa 1kg,Lácteos,6.64,1,6.64,3,2024-07-08,21,Monday,7,28
1236,2024-03-03 09:53:00,Queso Edam Gloria 250g,Lácteos,12.16,2,24.32,3,2024-03-03,9,Sunday,3,9
1237,2024-01-27 19:26:00,Inca Kola 500ml,Bebidas,2.54,4,10.16,1,2024-01-27,19,Saturday,1,4
1238,2024-03-15 08:31:00,Pan de Molde Bimbo 500g,Panadería,6.54,3,19.62,8,2024-03-15,8,Friday,3,11
1239,2024-02-29 06:27:00,Galletas Soda Field,Snacks,2.77,3,8.31,7,2024-02-29,6,Thursday,2,9
1240,2024-03-09 19:56:00,Agua San Luis 500ml,Bebidas,1.17,4,4.68,1,2024-03-09,19,Saturday,3,10
1241,2024-04-24 06:10:00,Detergente Ariel 850g,Limpieza,12.67,2,25.34,6,2024-04-24,6,Wednesday,4,17
1242,2024-03-29 20:37:00,Galletas Oreo 36g,Snacks,1.49,3,4.47,7,2024-03-29,20,Friday,3,13
1243,2024-02-03 18:26:00,Pasta Dental Colgate,Higiene,5.55,3,16.65,6,2024-02-03,18,Saturday,2,5
1244,2024-07-22 20:39:00,Detergente Ace 850g,Limpieza,11.74,1,11.74,6,2024-07-22,20,Monday,7,30
1245,2024-06-19 20:12:00,Agua San Luis 2.5L,Bebidas,3.52,2,7.04,1,2024-06-19,20,Wednesday,6,25
1246,2024-07-22 21:19:00,Leche Gloria Entera 1L,Lácteos,4.72,1,4.72,3,2024-07-22,21,Monday,7,30
1247,2024-01-05 21:22:00,Pepsi 500ml,Bebidas,2.26,2,4.52,2,2024-01-05,21,Friday,1,1
1248,2024-01-09 16:27:00,Chifles La Doña 80g,Snacks,2.01,1,2.01,7,2024-01-09,16,Tuesday,1,2
1249,2024-05-23 08:21:00,Leche Gloria Light 1L,Lácteos,4.98,2,9.96,3,2024-05-23,8,Thursday,5,21
1250,2024-03-09 09:45:00,Pan de Molde Bimbo 500g,Panadería,6.67,1,6.67,8,2024-03-09,9,Saturday,3,10
1251,2024-07-23 20:06:00,Shampoo Head&Shoulders,Higiene,18.62,3,55.86,6,2024-07-23,20,Tuesday,7,30
1252,2024-07-29 09:10:00,Leche Gloria Entera 1L,Lácteos,4.69,3,14.07,3,2024-07-29,9,Monday,7,31
1253,2024-08-21 21:45:00,Arroz Costeño 5kg,Abarrotes,17.78,4,71.12,4,2024-08-21,21,Wednesday,8,34
1254,2024-07-06 10:41:00,Galletas Soda Field,Snacks,2.77,2,5.54,7,2024-07-06,10,Saturday,7,27
1255,2024-02-01 20:26:00,Leche Evaporada Gloria,Lácteos,3.15,1,3.15,3,2024-02-01,20,Thursday,2,5
1256,2024-03-28 07:05:00,Galletas Oreo 36g,Snacks,1.49,2,2.98,7,2024-03-28,7,Thursday,3,13
1257,2024-04-02 13:09:00,Pañales Huggies T3 x30,Higiene,32.35,3,97.05,6,2024-04-02,13,Tuesday,4,14
1258,2024-02-05 19:58:00,Azúcar Cartavio 1kg,Abarrotes,3.58,4,14.32,5,2024-02-05,19,Monday,2,6
1259,2024-07-22 06:28:00,Sublime 36g,Snacks,1.52,1,1.52,7,2024-07-22,6,Monday,7,30
1260,2024-08-29 08:20:00,Sublime 36g,Snacks,1.54,2,3.08,7,2024-08-29,8,Thursday,8,35
1261,2024-04-21 07:42:00,Aceite Primor 1L,Abarrotes,9.11,2,18.22,4,2024-04-21,7,Sunday,4,16
1262,2024-06-10 15:26:00,Pepsi 500ml,Bebidas,2.35,4,9.4,2,2024-06-10,15,Monday,6,24
1263,2024-08-11 21:58:00,Pan de Molde Bimbo 500g,Panadería,6.31,2,12.62,8,2024-08-11,21,Sunday,8,32
1264,2024-08-18 20:44:00,Fideos Lavaggi 500g,Abarrotes,2.49,4,9.96,4,2024-08-18,20,Sunday,8,33
1265,2024-08-15 21:44:00,Arroz Costeño 5kg,Abarrotes,17.91,3,53.73,4,2024-08-15,21,Thursday,8,33
1266,2024-07-17 08:05:00,Papel Higiénico Elite x4,Higiene,8.92,1,8.92,6,2024-07-17,8,Wednesday,7,29
1267,2024-07-04 10:33:00,Lejía Clorox 900ml,Limpieza,4.44,3,13.32,6,2024-07-04,10,Thursday,7,27
1268,2024-05-10 16:48:00,Agua San Luis 2.5L,Bebidas,3.4,2,6.8,1,2024-05-10,16,Friday,5,19
1269,2024-05-31 08:46:00,Chancay 60g,Panadería,0.51,2,1.02,8,2024-05-31,8,Friday,5,22
1270,2024-07-06 08:16:00,Leche Gloria Light 1L,Lácteos,4.9,3,14.7,3,2024-07-06,8,Saturday,7,27
1271,2024-01-13 09:28:00,Leche Gloria Light 1L,Lácteos,4.92,2,9.84,3,2024-01-13,9,Saturday,1,2
1272,2024-04-26 20:51:00,Inca Kola 500ml,Bebidas,2.51,5,12.55,1,2024-04-26,20,Friday,4,17
1273,2024-08-04 17:19:00,Chancay 60g,Panadería,0.51,2,1.02,8,2024-08-04,17,Sunday,8,31
1274,2024-06-21 08:33:00,Mantequilla Gloria 100g,Lácteos,4.14,3,12.42,3,2024-06-21,8,Friday,6,25
1275,2024-05-12 17:29:00,Sardina Florida 425g,Conservas,4.11,1,4.11,4,2024-05-12,17,Sunday,5,19
1276,2024-07-31 20:03:00,Pañales Huggies T4 x28,Higiene,34.79,2,69.58,6,2024-07-31,20,Wednesday,7,31
1277,2024-02-24 21:43:00,Galletas Oreo 36g,Snacks,1.49,3,4.47,7,2024-02-24,21,Saturday,2,8
1278,2024-05-12 14:37:00,Pan de Molde Bimbo 500g,Panadería,6.55,2,13.1,8,2024-05-12,14,Sunday,5,19
1279,2024-06-25 21:46:00,Shampoo Head&Shoulders,Higiene,18.86,2,37.72,6,2024-06-25,21,Tuesday,6,26
1280,2024-05-09 09:29:00,Yogurt Gloria Fresa 1kg,Lácteos,6.68,1,6.68,3,2024-05-09,9,Thursday,5,19
1281,2024-08-08 20:29:00,Chifles La Doña 80g,Snacks,1.94,2,3.88,7,2024-08-08,20,Thursday,8,32
1282,2024-08-29 09:38:00,Aceite Primor 1L,Abarrotes,8.69,4,34.76,4,2024-08-29,9,Thursday,8,35
1283,2024-05-26 09:09:00,Detergente Ace 850g,Limpieza,11.81,1,11.81,6,2024-05-26,9,Sunday,5,21
1284,2024-03-18 07:50:00,Detergente Ace 850g,Limpieza,11.64,1,11.64,6,2024-03-18,7,Monday,3,12
1285,2024-04-17 08:56:00,Queso Edam Gloria 250g,Lácteos,12.29,2,24.58,3,2024-04-17,8,Wednesday,4,16
1286,2024-01-01 08:04:00,Galletas Soda Field,Snacks,2.79,1,2.79,7,2024-01-01,8,Monday,1,1
1287,2024-03-20 16:50:00,Mantequilla Gloria 100g,Lácteos,4.19,2,8.38,3,2024-03-20,16,Wednesday,3,12
1288,2024-07-14 09:29:00,Leche Evaporada Gloria,Lácteos,3.23,2,6.46,3,2024-07-14,9,Sunday,7,28
1289,2024-08-09 08:51:00,Yogurt Gloria Fresa 1kg,Lácteos,6.56,3,19.68,3,2024-08-09,8,Friday,8,32
1290,2024-04-09 08:21:00,Pañales Huggies T3 x30,Higiene,31.61,3,94.83,6,2024-04-09,8,Tuesday,4,15
1291,2024-07-07 07:55:00,Shampoo Head&Shoulders,Higiene,18.73,1,18.73,6,2024-07-07,7,Sunday,7,27
1292,2024-06-10 15:35:00,Mantequilla Gloria 100g,Lácteos,4.11,3,12.33,3,2024-06-10,15,Monday,6,24
1293,2024-01-22 09:34:00,Pan de Molde Bimbo 500g,Panadería,6.6,3,19.8,8,2024-01-22,9,Monday,1,4
1294,2024-05-13 08:32:00,Mantequilla Gloria 100g,Lácteos,4.1,1,4.1,3,2024-05-13,8,Monday,5,20
1295,2024-02-16 14:50:00,Chancay 60g,Panadería,0.49,1,0.49,8,2024-02-16,14,Friday,2,7
1296,2024-04-23 09:38:00,Queso Edam Gloria 250g,Lácteos,12.43,2,24.86,3,2024-04-23,9,Tuesday,4,17
1297,2024-05-05 06:21:00,Coca-Cola 500ml,Bebidas,2.45,4,9.8,2,2024-05-05,6,Sunday,5,18
1298,2024-08-08 21:16:00,Inca Kola 1.5L,Bebidas,5.37,1,5.37,1,2024-08-08,21,Thursday,8,32
1299,2024-05-18 07:11:00,Leche Gloria Entera 1L,Lácteos,4.88,2,9.76,3,2024-05-18,7,Saturday,5,20
1300,2024-03-19 11:03:00,Yogurt Gloria Fresa 1kg,Lácteos,6.68,3,20.04,3,2024-03-19,11,Tuesday,3,12
1301,2024-01-07 15:24:00,Aceite Primor 500ml,Abarrotes,5.14,1,5.14,4,2024-01-07,15,Sunday,1,1
1302,2024-08-16 21:52:00,Pañales Huggies T3 x30,Higiene,31.63,1,31.63,6,2024-08-16,21,Friday,8,33
1303,2024-07-11 13:31:00,Sal Marina 1kg,Abarrotes,1.52,5,7.6,5,2024-07-11,13,Thursday,7,28
1304,2024-08-31 07:20:00,Lejía Clorox 900ml,Limpieza,4.51,2,9.02,6,2024-08-31,7,Saturday,8,35
1305,2024-05-03 09:14:00,Agua San Luis 500ml,Bebidas,1.18,1,1.18,1,2024-05-03,9,Friday,5,18
1306,2024-06-21 09:41:00,Queso Edam Gloria 250g,Lácteos,12.35,1,12.35,3,2024-06-21,9,Friday,6,25
1307,2024-04-24 09:32:00,Pañales Huggies T3 x30,Higiene,33.05,1,33.05,6,2024-04-24,9,Wednesday,4,17
1308,2024-04-05 20:50:00,Yogurt Gloria Fresa 1kg,Lácteos,6.51,1,6.51,3,2024-04-05,20,Friday,4,14
1309,2024-08-21 07:00:00,Pañales Huggies T4 x28,Higiene,34.94,2,69.88,6,2024-08-21,7,Wednesday,8,34
1310,2024-06-16 06:03:00,Harina Blanca Flor 1kg,Abarrotes,3.16,4,12.64,4,2024-06-16,6,Sunday,6,24
1311,2024-08-02 17:53:00,Fideos Don Vittorio 500g,Abarrotes,2.81,2,5.62,4,2024-08-02,17,Friday,8,31
1312,2024-03-13 09:34:00,Chifles La Doña 80g,Snacks,1.95,3,5.85,7,2024-03-13,9,Wednesday,3,11
1313,2024-04-11 10:46:00,Agua San Luis 2.5L,Bebidas,3.6,5,18.0,1,2024-04-11,10,Thursday,4,15
1314,2024-02-23 16:56:00,Pañales Huggies T4 x28,Higiene,34.91,3,104.73,6,2024-02-23,16,Friday,2,8
1315,2024-07-11 14:15:00,Fideos Don Vittorio 500g,Abarrotes,2.77,3,8.31,4,2024-07-11,14,Thursday,7,28
1316,2024-06-02 20:41:00,Pasta Dental Colgate,Higiene,5.54,1,5.54,6,2024-06-02,20,Sunday,6,22
1317,2024-08-18 07:26:00,Inca Kola 500ml,Bebidas,2.56,5,12.8,1,2024-08-18,7,Sunday,8,33
1318,2024-07-14 20:50:00,Galletas Soda Field,Snacks,2.83,3,8.49,7,2024-07-14,20,Sunday,7,28
1319,2024-01-08 20:43:00,Chancay 60g,Panadería,0.5,1,0.5,8,2024-01-08,20,Monday,1,2
1320,2024-07-30 18:11:00,Lejía Clorox 900ml,Limpieza,4.63,3,13.89,6,2024-07-30,18,Tuesday,7,31
1321,2024-04-28 20:28:00,Leche Gloria Light 1L,Lácteos,4.82,1,4.82,3,2024-04-28,20,Sunday,4,17
1322,2024-07-13 09:22:00,Inca Kola 1.5L,Bebidas,5.36,2,10.72,1,2024-07-13,9,Saturday,7,28
1323,2024-07-25 13:31:00,Atún Florida 170g,Conservas,3.79,2,7.58,4,2024-07-25,13,Thursday,7,30
1324,2024-08-19 12:00:00,Galletas Soda Field,Snacks,2.88,1,2.88,7,2024-08-19,12,Monday,8,34
1325,2024-01-29 21:10:00,Papel Higiénico Elite x4,Higiene,8.74,3,26.22,6,2024-01-29,21,Monday,1,5
1326,2024-06-21 11:04:00,Mantequilla Gloria 100g,Lácteos,4.11,3,12.33,3,2024-06-21,11,Friday,6,25
1327,2024-02-02 09:54:00,Agua San Luis 500ml,Bebidas,1.23,2,2.46,1,2024-02-02,9,Friday,2,5
1328,2024-02-19 06:44:00,Fideos Lavaggi 500g,Abarrotes,2.52,5,12.6,4,2024-02-19,6,Monday,2,8
1329,2024-08-14 21:41:00,Pan de Molde Bimbo 500g,Panadería,6.67,3,20.01,8,2024-08-14,21,Wednesday,8,33
1330,2024-08-06 19:54:00,Pepsi 500ml,Bebidas,2.27,4,9.08,2,2024-08-06,19,Tuesday,8,32
1331,2024-04-29 20:56:00,Sublime 36g,Snacks,1.48,3,4.44,7,2024-04-29,20,Monday,4,18
1332,2024-08-23 21:20:00,Fideos Lavaggi 500g,Abarrotes,2.48,1,2.48,4,2024-08-23,21,Friday,8,34
1333,2024-01-21 06:47:00,Jabón Bolivar 230g,Limpieza,2.88,1,2.88,6,2024-01-21,6,Sunday,1,3
1334,2024-01-20 12:10:00,Pañales Huggies T4 x28,Higiene,33.61,2,67.22,6,2024-01-20,12,Saturday,1,3
1335,2024-01-08 20:37:00,Leche Gloria Entera 1L,Lácteos,4.93,3,14.79,3,2024-01-08,20,Monday,1,2
1336,2024-03-04 07:21:00,Fideos Don Vittorio 500g,Abarrotes,2.85,1,2.85,4,2024-03-04,7,Monday,3,10
1337,2024-07-22 07:49:00,Sublime 36g,Snacks,1.51,3,4.53,7,2024-07-22,7,Monday,7,30
1338,2024-06-09 20:05:00,Leche Gloria Entera 1L,Lácteos,4.92,1,4.92,3,2024-06-09,20,Sunday,6,23
1339,2024-03-21 08:50:00,Lejía Clorox 900ml,Limpieza,4.38,1,4.38,6,2024-03-21,8,Thursday,3,12
1340,2024-01-15 21:04:00,Shampoo Head&Shoulders,Higiene,18.7,1,18.7,6,2024-01-15,21,Monday,1,3
1341,2024-01-14 08:25:00,Pan de Molde Bimbo 500g,Panadería,6.55,1,6.55,8,2024-01-14,8,Sunday,1,2
1342,2024-02-29 06:29:00,Pañales Huggies T3 x30,Higiene,32.43,2,64.86,6,2024-02-29,6,Thursday,2,9
1343,2024-08-13 09:21:00,Pañales Huggies T4 x28,Higiene,34.89,3,104.67,6,2024-08-13,9,Tuesday,8,33
1344,2024-04-26 20:06:00,Inca Kola 1.5L,Bebidas,5.34,1,5.34,1,2024-04-26,20,Friday,4,17
1345,2024-05-31 12:57:00,Agua San Luis 500ml,Bebidas,1.17,5,5.85,1,2024-05-31,12,Friday,5,22
1346,2024-03-06 21:46:00,Chifles La Doña 80g,Snacks,1.99,3,5.97,7,2024-03-06,21,Wednesday,3,10
1347,2024-02-05 07:08:00,Sal Marina 1kg,Abarrotes,1.51,3,4.53,5,2024-02-05,7,Monday,2,6
1348,2024-06-15 15:37:00,Chifles La Doña 80g,Snacks,2.03,3,6.09,7,2024-06-15,15,Saturday,6,24
1349,2024-04-30 21:18:00,Yogurt Gloria Fresa 1kg,Lácteos,6.68,2,13.36,3,2024-04-30,21,Tuesday,4,18
1350,2024-05-30 10:03:00,Sublime 36g,Snacks,1.5,1,1.5,7,2024-05-30,10,Thursday,5,22
1351,2024-08-07 08:12:00,Pan de Molde Bimbo 500g,Panadería,6.55,1,6.55,8,2024-08-07,8,Wednesday,8,32
1352,2024-07-20 07:42:00,Arroz Costeño 1kg,Abarrotes,3.84,4,15.36,4,2024-07-20,7,Saturday,7,29
1353,2024-06-02 16:39:00,Pasta Dental Colgate,Higiene,5.47,2,10.94,6,2024-06-02,16,Sunday,6,22
1354,2024-01-27 20:31:00,Aceite Primor 1L,Abarrotes,9.12,2,18.24,4,2024-01-27,20,Saturday,1,4
1355,2024-06-26 09:13:00,Azúcar Cartavio 1kg,Abarrotes,3.5,2,7.0,5,2024-06-26,9,Wednesday,6,26
1356,2024-07-25 12:25:00,Jabón Bolivar 230g,Limpieza,2.85,1,2.85,6,2024-07-25,12,Thursday,7,30
1357,2024-04-02 08:01:00,Inca Kola 500ml,Bebidas,2.44,5,12.2,1,2024-04-02,8,Tuesday,4,14
1358,2024-04-22 09:58:00,Harina Blanca Flor 1kg,Abarrotes,3.11,3,9.33,4,2024-04-22,9,Monday,4,17
1359,2024-02-20 07:14:00,Inca Kola 1.5L,Bebidas,5.57,3,16.71,1,2024-02-20,7,Tuesday,2,8
1360,2024-08-04 11:12:00,Jabón Bolivar 230g,Limpieza,2.75,1,2.75,6,2024-08-04,11,Sunday,8,31
1361,2024-08-21 09:08:00,Fideos Don Vittorio 500g,Abarrotes,2.83,4,11.32,4,2024-08-21,9,Wednesday,8,34
1362,2024-03-27 15:29:00,Leche Gloria Light 1L,Lácteos,4.86,1,4.86,3,2024-03-27,15,Wednesday,3,13
1363,2024-06-18 09:51:00,Detergente Ace 850g,Limpieza,12.17,3,36.51,6,2024-06-18,9,Tuesday,6,25
1364,2024-01-31 07:50:00,Agua San Luis 500ml,Bebidas,1.18,2,2.36,1,2024-01-31,7,Wednesday,1,5
1365,2024-06-26 21:40:00,Lejía Clorox 900ml,Limpieza,4.61,1,4.61,6,2024-06-26,21,Wednesday,6,26
1366,2024-02-18 15:50:00,Queso Edam Gloria 250g,Lácteos,12.37,1,12.37,3,2024-02-18,15,Sunday,2,7
1367,2024-06-10 10:54:00,Pepsi 500ml,Bebidas,2.36,5,11.8,2,2024-06-10,10,Monday,6,24
1368,2024-02-23 21:50:00,Galletas Soda Field,Snacks,2.82,3,8.46,7,2024-02-23,21,Friday,2,8
1369,2024-05-10 21:31:00,Aceite Primor 1L,Abarrotes,8.88,5,44.4,4,2024-05-10,21,Friday,5,19
1370,2024-07-01 21:45:00,Sardina Florida 425g,Conservas,4.19,2,8.38,4,2024-07-01,21,Monday,7,27
1371,2024-04-12 07:13:00,Queso Edam Gloria 250g,Lácteos,12.8,1,12.8,3,2024-04-12,7,Friday,4,15
1372,2024-08-08 07:19:00,Shampoo Head&Shoulders,Higiene,18.93,2,37.86,6,2024-08-08,7,Thursday,8,32
1373,2024-02-10 17:16:00,Mantequilla Gloria 100g,Lácteos,4.1,3,12.3,3,2024-02-10,17,Saturday,2,6
1374,2024-03-16 21:14:00,Agua San Luis 2.5L,Bebidas,3.4,5,17.0,1,2024-03-16,21,Saturday,3,11
1375,2024-06-08 21:29:00,Chifles La Doña 80g,Snacks,1.99,2,3.98,7,2024-06-08,21,Saturday,6,23
1376,2024-03-22 07:11:00,Galletas Soda Field,Snacks,2.76,2,5.52,7,2024-03-22,7,Friday,3,12
1377,2024-04-01 15:53:00,Agua San Luis 500ml,Bebidas,1.2,5,6.0,1,2024-04-01,15,Monday,4,14
1378,2024-07-20 07:06:00,Agua San Luis 2.5L,Bebidas,3.41,1,3.41,1,2024-07-20,7,Saturday,7,29
1379,2024-05-19 07:43:00,Coca-Cola 500ml,Bebidas,2.46,3,7.38,2,2024-05-19,7,Sunday,5,20
1380,2024-02-18 10:54:00,Fideos Lavaggi 500g,Abarrotes,2.56,5,12.8,4,2024-02-18,10,Sunday,2,7
1381,2024-07-16 08:50:00,Inca Kola 500ml,Bebidas,2.57,4,10.28,1,2024-07-16,8,Tuesday,7,29
1382,2024-07-12 21:41:00,Queso Edam Gloria 250g,Lácteos,12.87,3,38.61,3,2024-07-12,21,Friday,7,28
1383,2024-08-09 20:46:00,Yogurt Gloria Fresa 1kg,Lácteos,6.39,3,19.17,3,2024-08-09,20,Friday,8,32
1384,2024-05-12 20:46:00,Azúcar Cartavio 1kg,Abarrotes,3.47,4,13.88,5,2024-05-12,20,Sunday,5,19
1385,2024-03-21 19:49:00,Agua San Luis 2.5L,Bebidas,3.44,4,13.76,1,2024-03-21,19,Thursday,3,12
1386,2024-08-06 17:08:00,Shampoo Head&Shoulders,Higiene,18.91,3,56.73,6,2024-08-06,17,Tuesday,8,32
1387,2024-08-29 21:51:00,Atún Florida 170g,Conservas,3.98,3,11.94,4,2024-08-29,21,Thursday,8,35
1388,2024-02-27 21:48:00,Jabón Bolivar 230g,Limpieza,2.81,3,8.43,6,2024-02-27,21,Tuesday,2,9
1389,2024-05-30 07:59:00,Sardina Florida 425g,Conservas,4.11,1,4.11,4,2024-05-30,7,Thursday,5,22
1390,2024-05-25 18:24:00,Jabón Bolivar 230g,Limpieza,2.88,1,2.88,6,2024-05-25,18,Saturday,5,21
1391,2024-05-16 21:06:00,Agua San Luis 500ml,Bebidas,1.21,3,3.63,1,2024-05-16,21,Thursday,5,20
1392,2024-06-12 08:10:00,Shampoo Head&Shoulders,Higiene,18.69,1,18.69,6,2024-06-12,8,Wednesday,6,24
1393,2024-01-09 21:01:00,Aceite Primor 500ml,Abarrotes,5.11,2,10.22,4,2024-01-09,21,Tuesday,1,2
1394,2024-03-13 08:42:00,Lejía Clorox 900ml,Limpieza,4.38,3,13.14,6,2024-03-13,8,Wednesday,3,11
1395,2024-04-04 20:20:00,Pepsi 500ml,Bebidas,2.28,4,9.12,2,2024-04-04,20,Thursday,4,14
1396,2024-02-03 21:47:00,Leche Gloria Light 1L,Lácteos,4.87,1,4.87,3,2024-02-03,21,Saturday,2,5
1397,2024-02-03 15:27:00,Arroz Costeño 5kg,Abarrotes,17.14,4,68.56,4,2024-02-03,15,Saturday,2,5
1398,2024-08-28 20:32:00,Mantequilla Gloria 100g,Lácteos,4.25,3,12.75,3,2024-08-28,20,Wednesday,8,35
1399,2024-02-21 07:28:00,Fideos Lavaggi 500g,Abarrotes,2.55,1,2.55,4,2024-02-21,7,Wednesday,2,8
1400,2024-05-14 21:29:00,Sal Marina 1kg,Abarrotes,1.51,4,6.04,5,2024-05-14,21,Tuesday,5,20
1401,2024-03-14 20:22:00,Agua San Luis 2.5L,Bebidas,3.48,3,10.44,1,2024-03-14,20,Thursday,3,11
1402,2024-04-16 09:46:00,Aceite Primor 500ml,Abarrotes,5.19,4,20.76,4,2024-04-16,9,Tuesday,4,16
1403,2024-06-27 18:44:00,Aceite Primor 500ml,Abarrotes,5.12,1,5.12,4,2024-06-27,18,Thursday,6,26
1404,2024-03-11 15:42:00,Aceite Primor 1L,Abarrotes,9.01,1,9.01,4,2024-03-11,15,Monday,3,11
1405,2024-08-20 20:23:00,Arroz Costeño 5kg,Abarrotes,17.77,1,17.77,4,2024-08-20,20,Tuesday,8,34
1406,2024-07-15 19:28:00,Chifles La Doña 80g,Snacks,1.97,1,1.97,7,2024-07-15,19,Monday,7,29
1407,2024-01-12 20:40:00,Chifles La Doña 80g,Snacks,2.02,3,6.06,7,2024-01-12,20,Friday,1,2
1408,2024-04-07 21:54:00,Pasta Dental Colgate,Higiene,5.47,1,5.47,6,2024-04-07,21,Sunday,4,14
1409,2024-03-05 07:20:00,Inca Kola 500ml,Bebidas,2.5,4,10.0,1,2024-03-05,7,Tuesday,3,10
1410,2024-01-22 20:45:00,Agua San Luis 500ml,Bebidas,1.17,4,4.68,1,2024-01-22,20,Monday,1,4
1411,2024-08-03 07:38:00,Fideos Lavaggi 500g,Abarrotes,2.45,1,2.45,4,2024-08-03,7,Saturday,8,31
1412,2024-05-16 11:04:00,Leche Gloria Light 1L,Lácteos,4.98,3,14.94,3,2024-05-16,11,Thursday,5,20
1413,2024-02-09 20:13:00,Fideos Lavaggi 500g,Abarrotes,2.56,1,2.56,4,2024-02-09,20,Friday,2,6
1414,2024-02-25 20:53:00,Chancay 60g,Panadería,0.51,3,1.53,8,2024-02-25,20,Sunday,2,8
1415,2024-04-09 20:03:00,Leche Gloria Entera 1L,Lácteos,4.66,3,13.98,3,2024-04-09,20,Tuesday,4,15
1416,2024-07-15 07:23:00,Lejía Clorox 900ml,Limpieza,4.42,1,4.42,6,2024-07-15,7,Monday,7,29
1417,2024-04-17 07:21:00,Inca Kola 1.5L,Bebidas,5.56,2,11.12,1,2024-04-17,7,Wednesday,4,16
1418,2024-02-26 09:51:00,Agua San Luis 500ml,Bebidas,1.22,2,2.44,1,2024-02-26,9,Monday,2,9
1419,2024-04-16 21:20:00,Coca-Cola 500ml,Bebidas,2.52,5,12.6,2,2024-04-16,21,Tuesday,4,16
1420,2024-08-27 21:07:00,Arroz Costeño 5kg,Abarrotes,17.2,2,34.4,4,2024-08-27,21,Tuesday,8,35
1421,2024-03-23 08:41:00,Detergente Ariel 850g,Limpieza,12.13,2,24.26,6,2024-03-23,8,Saturday,3,12
1422,2024-04-27 09:52:00,Arroz Costeño 5kg,Abarrotes,17.66,3,52.98,4,2024-04-27,9,Saturday,4,17
1423,2024-01-12 07:26:00,Detergente Ace 850g,Limpieza,12.09,2,24.18,6,2024-01-12,7,Friday,1,2
1424,2024-01-27 11:16:00,Galletas Soda Field,Snacks,2.82,1,2.82,7,2024-01-27,11,Saturday,1,4
1425,2024-06-22 10:21:00,Lejía Clorox 900ml,Limpieza,4.54,1,4.54,6,2024-06-22,10,Saturday,6,25
1426,2024-08-05 08:21:00,Sardina Florida 425g,Conservas,4.23,1,4.23,4,2024-08-05,8,Monday,8,32
1427,2024-04-24 20:32:00,Queso Edam Gloria 250g,Lácteos,12.65,3,37.95,3,2024-04-24,20,Wednesday,4,17
1428,2024-02-29 07:19:00,Inca Kola 500ml,Bebidas,2.54,2,5.08,1,2024-02-29,7,Thursday,2,9
1429,2024-06-07 07:23:00,Sal Marina 1kg,Abarrotes,1.48,4,5.92,5,2024-06-07,7,Friday,6,23
1430,2024-04-06 07:15:00,Yogurt Gloria Fresa 1kg,Lácteos,6.54,3,19.62,3,2024-04-06,7,Saturday,4,14
1431,2024-07-08 10:17:00,Shampoo Head&Shoulders,Higiene,18.66,2,37.32,6,2024-07-08,10,Monday,7,28
1432,2024-05-13 19:41:00,Coca-Cola 500ml,Bebidas,2.54,3,7.62,2,2024-05-13,19,Monday,5,20
1433,2024-08-04 16:15:00,Azúcar Cartavio 1kg,Abarrotes,3.51,2,7.02,5,2024-08-04,16,Sunday,8,31
1434,2024-07-24 13:38:00,Sal Marina 1kg,Abarrotes,1.5,4,6.0,5,2024-07-24,13,Wednesday,7,30
1435,2024-04-23 08:55:00,Aceite Primor 500ml,Abarrotes,5.07,4,20.28,4,2024-04-23,8,Tuesday,4,17
1436,2024-01-14 10:13:00,Arroz Costeño 1kg,Abarrotes,3.71,2,7.42,4,2024-01-14,10,Sunday,1,2
1437,2024-05-20 12:15:00,Queso Edam Gloria 250g,Lácteos,12.18,3,36.54,3,2024-05-20,12,Monday,5,21
1438,2024-03-20 07:15:00,Pasta Dental Colgate,Higiene,5.39,2,10.78,6,2024-03-20,7,Wednesday,3,12
1439,2024-03-18 08:40:00,Sal Marina 1kg,Abarrotes,1.48,2,2.96,5,2024-03-18,8,Monday,3,12
1440,2024-01-21 17:25:00,Galletas Oreo 36g,Snacks,1.47,2,2.94,7,2024-01-21,17,Sunday,1,3
1441,2024-04-18 21:48:00,Shampoo Head&Shoulders,Higiene,18.85,1,18.85,6,2024-04-18,21,Thursday,4,16
1442,2024-01-06 19:54:00,Galletas Oreo 36g,Snacks,1.52,1,1.52,7,2024-01-06,19,Saturday,1,1
1443,2024-06-01 20:16:00,Atún Florida 170g,Conservas,3.89,2,7.78,4,2024-06-01,20,Saturday,6,22
1444,2024-03-13 21:04:00,Pasta Dental Colgate,Higiene,5.38,2,10.76,6,2024-03-13,21,Wednesday,3,11
1445,2024-02-20 07:00:00,Galletas Oreo 36g,Snacks,1.53,1,1.53,7,2024-02-20,7,Tuesday,2,8
1446,2024-05-05 21:25:00,Detergente Ace 850g,Limpieza,11.81,3,35.43,6,2024-05-05,21,Sunday,5,18
1447,2024-03-19 08:26:00,Galletas Soda Field,Snacks,2.88,1,2.88,7,2024-03-19,8,Tuesday,3,12
1448,2024-04-08 11:12:00,Leche Gloria Light 1L,Lácteos,5.03,2,10.06,3,2024-04-08,11,Monday,4,15
1449,2024-05-10 17:44:00,Detergente Ariel 850g,Limpieza,12.61,1,12.61,6,2024-05-10,17,Friday,5,19
1450,2024-07-07 08:02:00,Pañales Huggies T4 x28,Higiene,34.27,2,68.54,6,2024-07-07,8,Sunday,7,27
1451,2024-06-27 10:16:00,Inca Kola 1.5L,Bebidas,5.49,5,27.45,1,2024-06-27,10,Thursday,6,26
1452,2024-03-06 09:42:00,Yogurt Gloria Fresa 1kg,Lácteos,6.31,1,6.31,3,2024-03-06,9,Wednesday,3,10
1453,2024-06-13 18:25:00,Agua San Luis 2.5L,Bebidas,3.6,5,18.0,1,2024-06-13,18,Thursday,6,24
1454,2024-05-12 19:10:00,Agua San Luis 2.5L,Bebidas,3.45,4,13.8,1,2024-05-12,19,Sunday,5,19
1455,2024-05-08 18:37:00,Atún Florida 170g,Conservas,3.95,2,7.9,4,2024-05-08,18,Wednesday,5,19
1456,2024-01-28 17:52:00,Agua San Luis 2.5L,Bebidas,3.45,2,6.9,1,2024-01-28,17,Sunday,1,4
1457,2024-08-26 15:00:00,Arroz Costeño 5kg,Abarrotes,17.83,2,35.66,4,2024-08-26,15,Monday,8,35
1458,2024-01-25 09:26:00,Inca Kola 500ml,Bebidas,2.49,5,12.45,1,2024-01-25,9,Thursday,1,4
1459,2024-07-06 20:23:00,Harina Blanca Flor 1kg,Abarrotes,3.24,2,6.48,4,2024-07-06,20,Saturday,7,27
1460,2024-05-04 07:28:00,Arroz Costeño 1kg,Abarrotes,3.87,5,19.35,4,2024-05-04,7,Saturday,5,18
1461,2024-02-21 07:51:00,Aceite Primor 500ml,Abarrotes,5.12,2,10.24,4,2024-02-21,7,Wednesday,2,8
1462,2024-04-22 09:55:00,Pañales Huggies T3 x30,Higiene,31.85,3,95.55,6,2024-04-22,9,Monday,4,17
1463,2024-01-22 21:04:00,Harina Blanca Flor 1kg,Abarrotes,3.11,3,9.33,4,2024-01-22,21,Monday,1,4
1464,2024-05-02 20:00:00,Sal Marina 1kg,Abarrotes,1.48,1,1.48,5,2024-05-02,20,Thursday,5,18
1465,2024-06-19 07:06:00,Inca Kola 500ml,Bebidas,2.5,2,5.0,1,2024-06-19,7,Wednesday,6,25
1466,2024-04-06 14:59:00,Inca Kola 500ml,Bebidas,2.5,4,10.0,1,2024-04-06,14,Saturday,4,14
1467,2024-06-03 21:43:00,Jabón Bolivar 230g,Limpieza,2.88,2,5.76,6,2024-06-03,21,Monday,6,23
1468,2024-08-28 21:24:00,Sal Marina 1kg,Abarrotes,1.46,5,7.3,5,2024-08-28,21,Wednesday,8,35
1469,2024-08-11 20:00:00,Detergente Ariel 850g,Limpieza,12.78,2,25.56,6,2024-08-11,20,Sunday,8,32
1470,2024-07-04 10:01:00,Papel Higiénico Elite x4,Higiene,8.7,3,26.1,6,2024-07-04,10,Thursday,7,27
1471,2024-03-12 13:23:00,Sublime 36g,Snacks,1.51,2,3.02,7,2024-03-12,13,Tuesday,3,11
1472,2024-05-11 20:00:00,Galletas Oreo 36g,Snacks,1.54,3,4.62,7,2024-05-11,20,Saturday,5,19
1473,2024-01-05 07:51:00,Sardina Florida 425g,Conservas,4.16,3,12.48,4,2024-01-05,7,Friday,1,1
1474,2024-02-29 18:47:00,Shampoo Head&Shoulders,Higiene,18.83,3,56.49,6,2024-02-29,18,Thursday,2,9
1475,2024-04-19 21:42:00,Detergente Ariel 850g,Limpieza,12.8,3,38.4,6,2024-04-19,21,Friday,4,16
1476,2024-03-16 10:55:00,Lejía Clorox 900ml,Limpieza,4.6,3,13.8,6,2024-03-16,10,Saturday,3,11
1477,2024-01-09 07:19:00,Chifles La Doña 80g,Snacks,2.06,3,6.18,7,2024-01-09,7,Tuesday,1,2
1478,2024-02-13 09:30:00,Pasta Dental Colgate,Higiene,5.51,3,16.53,6,2024-02-13,9,Tuesday,2,7
1479,2024-02-24 09:44:00,Sal Marina 1kg,Abarrotes,1.46,1,1.46,5,2024-02-24,9,Saturday,2,8
1480,2024-02-11 16:57:00,Inca Kola 1.5L,Bebidas,5.59,4,22.36,1,2024-02-11,16,Sunday,2,6
1481,2024-07-03 08:57:00,Azúcar Cartavio 1kg,Abarrotes,3.53,1,3.53,5,2024-07-03,8,Wednesday,7,27
1482,2024-06-11 08:50:00,Chancay 60g,Panadería,0.49,3,1.47,8,2024-06-11,8,Tuesday,6,24
1483,2024-08-26 08:41:00,Azúcar Cartavio 1kg,Abarrotes,3.47,3,10.41,5,2024-08-26,8,Monday,8,35
1484,2024-06-16 19:51:00,Lejía Clorox 900ml,Limpieza,4.43,1,4.43,6,2024-06-16,19,Sunday,6,24
1485,2024-03-15 07:21:00,Leche Gloria Light 1L,Lácteos,4.93,3,14.79,3,2024-03-15,7,Friday,3,11
1486,2024-07-09 17:08:00,Arroz Costeño 1kg,Abarrotes,3.9,3,11.7,4,2024-07-09,17,Tuesday,7,28
1487,2024-07-07 07:37:00,Mantequilla Gloria 100g,Lácteos,4.12,3,12.36,3,2024-07-07,7,Sunday,7,27
1488,2024-04-18 21:51:00,Lejía Clorox 900ml,Limpieza,4.62,3,13.86,6,2024-04-18,21,Thursday,4,16
1489,2024-05-13 13:06:00,Leche Evaporada Gloria,Lácteos,3.11,2,6.22,3,2024-05-13,13,Monday,5,20
1490,2024-03-21 08:53:00,Pasta Dental Colgate,Higiene,5.5,1,5.5,6,2024-03-21,8,Thursday,3,12
1491,2024-02-07 10:47:00,Pasta Dental Colgate,Higiene,5.62,3,16.86,6,2024-02-07,10,Wednesday,2,6
1492,2024-06-02 20:17:00,Coca-Cola 500ml,Bebidas,2.5,5,12.5,2,2024-06-02,20,Sunday,6,22
1493,2024-05-06 08:03:00,Arroz Costeño 5kg,Abarrotes,17.14,3,51.42,4,2024-05-06,8,Monday,5,19
1494,2024-08-05 13:44:00,Arroz Costeño 5kg,Abarrotes,17.94,1,17.94,4,2024-08-05,13,Monday,8,32
1495,2024-08-07 21:19:00,Aceite Primor 500ml,Abarrotes,5.35,2,10.7,4,2024-08-07,21,Wednesday,8,32
1496,2024-04-10 21:22:00,Pan de Molde Bimbo 500g,Panadería,6.46,2,12.92,8,2024-04-10,21,Wednesday,4,15
1497,2024-07-05 09:59:00,Sublime 36g,Snacks,1.52,1,1.52,7,2024-07-05,9,Friday,7,27
1498,2024-04-10 08:48:00,Pan de Molde Bimbo 500g,Panadería,6.64,3,19.92,8,2024-04-10,8,Wednesday,4,15
1499,2024-08-05 15:29:00,Pepsi 500ml,Bebidas,2.31,2,4.62,2,2024-08-05,15,Monday,8,32
1500,2024-06-27 20:13:00,Shampoo Head&Shoulders,Higiene,18.84,1,18.84,6,2024-06-27,20,Thursday,6,26
1501,2024-07-07 17:46:00,Arroz Costeño 1kg,Abarrotes,3.71,5,18.55,4,2024-07-07,17,Sunday,7,27
1502,2024-04-06 19:43:00,Yogurt Gloria Fresa 1kg,Lácteos,6.67,1,6.67,3,2024-04-06,19,Saturday,4,14
1503,2024-04-01 11:03:00,Leche Gloria Entera 1L,Lácteos,4.94,1,4.94,3,2024-04-01,11,Monday,4,14
1504,2024-05-31 20:40:00,Jabón Bolivar 230g,Limpieza,2.78,3,8.34,6,2024-05-31,20,Friday,5,22
1505,2024-01-31 08:19:00,Coca-Cola 500ml,Bebidas,2.57,5,12.85,2,2024-01-31,8,Wednesday,1,5
1506,2024-07-17 08:49:00,Lejía Clorox 900ml,Limpieza,4.6,2,9.2,6,2024-07-17,8,Wednesday,7,29
1507,2024-03-11 20:23:00,Lejía Clorox 900ml,Limpieza,4.4,1,4.4,6,2024-03-11,20,Monday,3,11
1508,2024-02-01 20:01:00,Agua San Luis 2.5L,Bebidas,3.52,5,17.6,1,2024-02-01,20,Thursday,2,5
1509,2024-05-02 09:06:00,Mantequilla Gloria 100g,Lácteos,4.12,3,12.36,3,2024-05-02,9,Thursday,5,18
1510,2024-06-14 15:36:00,Galletas Oreo 36g,Snacks,1.46,1,1.46,7,2024-06-14,15,Friday,6,24
1511,2024-07-01 11:25:00,Agua San Luis 500ml,Bebidas,1.19,1,1.19,1,2024-07-01,11,Monday,7,27
1512,2024-07-19 21:04:00,Chancay 60g,Panadería,0.51,3,1.53,8,2024-07-19,21,Friday,7,29
1513,2024-07-01 09:48:00,Chancay 60g,Panadería,0.51,1,0.51,8,2024-07-01,9,Monday,7,27
1514,2024-02-16 11:00:00,Leche Gloria Light 1L,Lácteos,4.88,3,14.64,3,2024-02-16,11,Friday,2,7
1515,2024-02-01 09:13:00,Sardina Florida 425g,Conservas,4.11,3,12.33,4,2024-02-01,9,Thursday,2,5
1516,2024-03-06 07:05:00,Pan de Molde Bimbo 500g,Panadería,6.5,1,6.5,8,2024-03-06,7,Wednesday,3,10
1517,2024-05-19 09:00:00,Detergente Ace 850g,Limpieza,11.76,1,11.76,6,2024-05-19,9,Sunday,5,20
1518,2024-08-19 20:08:00,Sublime 36g,Snacks,1.5,3,4.5,7,2024-08-19,20,Monday,8,34
1519,2024-05-13 17:38:00,Sardina Florida 425g,Conservas,4.2,3,12.6,4,2024-05-13,17,Monday,5,20
1520,2024-06-18 13:02:00,Leche Gloria Entera 1L,Lácteos,4.7,1,4.7,3,2024-06-18,13,Tuesday,6,25
1521,2024-02-04 12:37:00,Arroz Costeño 5kg,Abarrotes,17.27,3,51.81,4,2024-02-04,12,Sunday,2,5
1522,2024-01-20 21:24:00,Pañales Huggies T4 x28,Higiene,34.82,3,104.46,6,2024-01-20,21,Saturday,1,3
1523,2024-04-26 08:43:00,Papel Higiénico Elite x4,Higiene,9.14,2,18.28,6,2024-04-26,8,Friday,4,17
1524,2024-05-17 09:46:00,Yogurt Gloria Fresa 1kg,Lácteos,6.69,2,13.38,3,2024-05-17,9,Friday,5,20
1525,2024-07-01 20:26:00,Arroz Costeño 1kg,Abarrotes,3.76,2,7.52,4,2024-07-01,20,Monday,7,27
1526,2024-04-07 09:15:00,Pañales Huggies T4 x28,Higiene,33.53,1,33.53,6,2024-04-07,9,Sunday,4,14
1527,2024-01-29 19:04:00,Chancay 60g,Panadería,0.5,2,1.0,8,2024-01-29,19,Monday,1,5
1528,2024-08-20 21:09:00,Detergente Ace 850g,Limpieza,11.74,1,11.74,6,2024-08-20,21,Tuesday,8,34
1529,2024-04-06 13:24:00,Leche Gloria Entera 1L,Lácteos,4.88,1,4.88,3,2024-04-06,13,Saturday,4,14
1530,2024-02-14 21:37:00,Leche Gloria Light 1L,Lácteos,4.78,2,9.56,3,2024-02-14,21,Wednesday,2,7
1531,2024-06-28 15:35:00,Detergente Ariel 850g,Limpieza,12.58,2,25.16,6,2024-06-28,15,Friday,6,26
1532,2024-02-13 21:11:00,Pepsi 500ml,Bebidas,2.34,3,7.02,2,2024-02-13,21,Tuesday,2,7
1533,2024-05-21 18:30:00,Chancay 60g,Panadería,0.49,3,1.47,8,2024-05-21,18,Tuesday,5,21
1534,2024-06-24 20:42:00,Inca Kola 500ml,Bebidas,2.45,2,4.9,1,2024-06-24,20,Monday,6,26
1535,2024-07-07 09:40:00,Mantequilla Gloria 100g,Lácteos,4.25,2,8.5,3,2024-07-07,9,Sunday,7,27
1536,2024-06-22 20:11:00,Sal Marina 1kg,Abarrotes,1.54,4,6.16,5,2024-06-22,20,Saturday,6,25
1537,2024-05-08 08:33:00,Pasta Dental Colgate,Higiene,5.63,3,16.89,6,2024-05-08,8,Wednesday,5,19
1538,2024-03-19 08:19:00,Azúcar Cartavio 1kg,Abarrotes,3.56,4,14.24,5,2024-03-19,8,Tuesday,3,12
1539,2024-06-11 09:15:00,Agua San Luis 2.5L,Bebidas,3.43,1,3.43,1,2024-06-11,9,Tuesday,6,24
1540,2024-01-22 21:51:00,Pepsi 500ml,Bebidas,2.36,1,2.36,2,2024-01-22,21,Monday,1,4
1541,2024-06-22 20:30:00,Pañales Huggies T4 x28,Higiene,34.03,2,68.06,6,2024-06-22,20,Saturday,6,25
1542,2024-06-27 07:39:00,Chancay 60g,Panadería,0.51,1,0.51,8,2024-06-27,7,Thursday,6,26
1543,2024-07-01 21:15:00,Inca Kola 500ml,Bebidas,2.53,5,12.65,1,2024-07-01,21,Monday,7,27
1544,2024-06-04 20:43:00,Coca-Cola 500ml,Bebidas,2.56,5,12.8,2,2024-06-04,20,Tuesday,6,23
1545,2024-01-20 20:32:00,Aceite Primor 500ml,Abarrotes,5.34,3,16.02,4,2024-01-20,20,Saturday,1,3
1546,2024-05-06 21:07:00,Pañales Huggies T4 x28,Higiene,34.84,2,69.68,6,2024-05-06,21,Monday,5,19
1547,2024-07-31 20:18:00,Sal Marina 1kg,Abarrotes,1.5,3,4.5,5,2024-07-31,20,Wednesday,7,31
1548,2024-02-24 09:36:00,Fideos Don Vittorio 500g,Abarrotes,2.75,4,11.0,4,2024-02-24,9,Saturday,2,8
1549,2024-08-25 07:59:00,Atún Florida 170g,Conservas,3.99,2,7.98,4,2024-08-25,7,Sunday,8,34
1550,2024-01-15 21:21:00,Galletas Soda Field,Snacks,2.78,2,5.56,7,2024-01-15,21,Monday,1,3
1551,2024-03-30 11:25:00,Inca Kola 500ml,Bebidas,2.43,3,7.29,1,2024-03-30,11,Saturday,3,13
1552,2024-05-05 09:32:00,Pañales Huggies T4 x28,Higiene,33.82,1,33.82,6,2024-05-05,9,Sunday,5,18
1553,2024-01-02 09:16:00,Galletas Soda Field,Snacks,2.8,1,2.8,7,2024-01-02,9,Tuesday,1,1
1554,2024-03-17 20:34:00,Detergente Ace 850g,Limpieza,11.62,2,23.24,6,2024-03-17,20,Sunday,3,11
1555,2024-06-17 11:08:00,Shampoo Head&Shoulders,Higiene,18.77,2,37.54,6,2024-06-17,11,Monday,6,25
1556,2024-04-01 12:07:00,Inca Kola 500ml,Bebidas,2.47,2,4.94,1,2024-04-01,12,Monday,4,14
1557,2024-04-11 21:57:00,Leche Evaporada Gloria,Lácteos,3.13,1,3.13,3,2024-04-11,21,Thursday,4,15
1558,2024-08-30 21:07:00,Arroz Costeño 1kg,Abarrotes,3.8,4,15.2,4,2024-08-30,21,Friday,8,35
1559,2024-07-23 10:20:00,Galletas Soda Field,Snacks,2.8,2,5.6,7,2024-07-23,10,Tuesday,7,30
1560,2024-02-03 07:50:00,Lejía Clorox 900ml,Limpieza,4.4,1,4.4,6,2024-02-03,7,Saturday,2,5
1561,2024-05-08 09:15:00,Detergente Ariel 850g,Limpieza,12.63,1,12.63,6,2024-05-08,9,Wednesday,5,19
1562,2024-04-19 06:27:00,Jabón Bolivar 230g,Limpieza,2.76,2,5.52,6,2024-04-19,6,Friday,4,16
1563,2024-01-22 13:39:00,Galletas Soda Field,Snacks,2.84,1,2.84,7,2024-01-22,13,Monday,1,4
1564,2024-03-04 07:55:00,Aceite Primor 500ml,Abarrotes,5.35,3,16.05,4,2024-03-04,7,Monday,3,10
1565,2024-06-19 12:30:00,Sal Marina 1kg,Abarrotes,1.52,1,1.52,5,2024-06-19,12,Wednesday,6,25
1566,2024-06-05 09:40:00,Chifles La Doña 80g,Snacks,1.96,3,5.88,7,2024-06-05,9,Wednesday,6,23
1567,2024-02-03 21:12:00,Leche Gloria Light 1L,Lácteos,4.88,1,4.88,3,2024-02-03,21,Saturday,2,5
1568,2024-01-24 18:26:00,Arroz Costeño 1kg,Abarrotes,3.76,5,18.8,4,2024-01-24,18,Wednesday,1,4
1569,2024-02-26 21:03:00,Azúcar Cartavio 1kg,Abarrotes,3.48,5,17.4,5,2024-02-26,21,Monday,2,9
1570,2024-03-18 08:17:00,Pepsi 500ml,Bebidas,2.33,3,6.99,2,2024-03-18,8,Monday,3,12
1571,2024-03-22 11:02:00,Sal Marina 1kg,Abarrotes,1.46,1,1.46,5,2024-03-22,11,Friday,3,12
1572,2024-02-24 08:58:00,Sardina Florida 425g,Conservas,4.1,3,12.3,4,2024-02-24,8,Saturday,2,8
1573,2024-03-05 17:21:00,Aceite Primor 500ml,Abarrotes,5.08,3,15.24,4,2024-03-05,17,Tuesday,3,10
1574,2024-06-23 10:21:00,Inca Kola 500ml,Bebidas,2.54,3,7.62,1,2024-06-23,10,Sunday,6,25
1575,2024-07-09 17:15:00,Detergente Ace 850g,Limpieza,11.74,3,35.22,6,2024-07-09,17,Tuesday,7,28
1576,2024-04-08 07:08:00,Queso Edam Gloria 250g,Lácteos,12.68,3,38.04,3,2024-04-08,7,Monday,4,15
1577,2024-01-11 12:12:00,Leche Gloria Light 1L,Lácteos,4.88,3,14.64,3,2024-01-11,12,Thursday,1,2
1578,2024-01-20 16:19:00,Leche Gloria Entera 1L,Lácteos,4.79,3,14.37,3,2024-01-20,16,Saturday,1,3
1579,2024-05-16 07:08:00,Arroz Costeño 1kg,Abarrotes,3.78,2,7.56,4,2024-05-16,7,Thursday,5,20
1580,2024-08-16 17:57:00,Fideos Don Vittorio 500g,Abarrotes,2.79,3,8.37,4,2024-08-16,17,Friday,8,33
1581,2024-08-21 21:26:00,Leche Gloria Light 1L,Lácteos,5.03,3,15.09,3,2024-08-21,21,Wednesday,8,34
1582,2024-07-21 09:17:00,Chifles La Doña 80g,Snacks,2.06,3,6.18,7,2024-07-21,9,Sunday,7,29
1583,2024-01-12 07:50:00,Harina Blanca Flor 1kg,Abarrotes,3.25,2,6.5,4,2024-01-12,7,Friday,1,2
1584,2024-05-06 08:10:00,Papel Higiénico Elite x4,Higiene,9.03,2,18.06,6,2024-05-06,8,Monday,5,19
1585,2024-05-23 18:38:00,Lejía Clorox 900ml,Limpieza,4.42,2,8.84,6,2024-05-23,18,Thursday,5,21
1586,2024-02-10 06:56:00,Inca Kola 500ml,Bebidas,2.49,5,12.45,1,2024-02-10,6,Saturday,2,6
1587,2024-03-07 20:18:00,Sublime 36g,Snacks,1.48,3,4.44,7,2024-03-07,20,Thursday,3,10
1588,2024-02-13 09:15:00,Leche Gloria Light 1L,Lácteos,4.76,2,9.52,3,2024-02-13,9,Tuesday,2,7
1589,2024-08-29 10:17:00,Yogurt Gloria Fresa 1kg,Lácteos,6.56,1,6.56,3,2024-08-29,10,Thursday,8,35
1590,2024-07-29 07:00:00,Sal Marina 1kg,Abarrotes,1.51,3,4.53,5,2024-07-29,7,Monday,7,31
1591,2024-03-24 09:56:00,Detergente Ace 850g,Limpieza,11.73,3,35.19,6,2024-03-24,9,Sunday,3,12
1592,2024-04-14 15:20:00,Leche Evaporada Gloria,Lácteos,3.22,1,3.22,3,2024-04-14,15,Sunday,4,15
1593,2024-07-29 21:11:00,Inca Kola 500ml,Bebidas,2.57,3,7.71,1,2024-07-29,21,Monday,7,31
1594,2024-06-17 09:46:00,Chancay 60g,Panadería,0.51,3,1.53,8,2024-06-17,9,Monday,6,25
1595,2024-08-10 12:52:00,Fideos Don Vittorio 500g,Abarrotes,2.75,4,11.0,4,2024-08-10,12,Saturday,8,32
1596,2024-02-22 18:09:00,Fideos Lavaggi 500g,Abarrotes,2.46,4,9.84,4,2024-02-22,18,Thursday,2,8
1597,2024-04-04 08:05:00,Pañales Huggies T4 x28,Higiene,33.35,2,66.7,6,2024-04-04,8,Thursday,4,14
1598,2024-07-27 12:36:00,Aceite Primor 500ml,Abarrotes,5.34,4,21.36,4,2024-07-27,12,Saturday,7,30
1599,2024-06-14 08:10:00,Aceite Primor 500ml,Abarrotes,5.3,2,10.6,4,2024-06-14,8,Friday,6,24
1600,2024-01-18 08:15:00,Arroz Costeño 1kg,Abarrotes,3.89,4,15.56,4,2024-01-18,8,Thursday,1,3
1601,2024-01-26 10:46:00,Papel Higiénico Elite x4,Higiene,8.96,1,8.96,6,2024-01-26,10,Friday,1,4
1602,2024-04-08 07:48:00,Lejía Clorox 900ml,Limpieza,4.62,3,13.86,6,2024-04-08,7,Monday,4,15
1603,2024-03-04 14:09:00,Leche Evaporada Gloria,Lácteos,3.22,3,9.66,3,2024-03-04,14,Monday,3,10
1604,2024-07-21 09:52:00,Inca Kola 500ml,Bebidas,2.55,3,7.65,1,2024-07-21,9,Sunday,7,29
1605,2024-02-21 09:57:00,Agua San Luis 2.5L,Bebidas,3.57,4,14.28,1,2024-02-21,9,Wednesday,2,8
1606,2024-03-25 20:03:00,Atún Florida 170g,Conservas,3.94,3,11.82,4,2024-03-25,20,Monday,3,13
1607,2024-02-01 07:06:00,Chancay 60g,Panadería,0.49,3,1.47,8,2024-02-01,7,Thursday,2,5
1608,2024-08-14 10:00:00,Chifles La Doña 80g,Snacks,1.94,1,1.94,7,2024-08-14,10,Wednesday,8,33
1609,2024-04-08 09:18:00,Pañales Huggies T4 x28,Higiene,34.86,1,34.86,6,2024-04-08,9,Monday,4,15
1610,2024-06-24 09:31:00,Lejía Clorox 900ml,Limpieza,4.63,1,4.63,6,2024-06-24,9,Monday,6,26
1611,2024-01-27 15:22:00,Azúcar Cartavio 1kg,Abarrotes,3.52,1,3.52,5,2024-01-27,15,Saturday,1,4
1612,2024-04-02 08:57:00,Leche Gloria Light 1L,Lácteos,4.93,1,4.93,3,2024-04-02,8,Tuesday,4,14
1613,2024-04-19 20:43:00,Aceite Primor 500ml,Abarrotes,5.09,4,20.36,4,2024-04-19,20,Friday,4,16
1614,2024-06-08 17:56:00,Atún Florida 170g,Conservas,3.85,1,3.85,4,2024-06-08,17,Saturday,6,23
1615,2024-06-18 21:51:00,Galletas Soda Field,Snacks,2.85,3,8.55,7,2024-06-18,21,Tuesday,6,25
1616,2024-08-08 10:49:00,Inca Kola 500ml,Bebidas,2.47,2,4.94,1,2024-08-08,10,Thursday,8,32
1617,2024-04-24 21:52:00,Lejía Clorox 900ml,Limpieza,4.4,1,4.4,6,2024-04-24,21,Wednesday,4,17
1618,2024-07-05 07:20:00,Pañales Huggies T4 x28,Higiene,33.35,1,33.35,6,2024-07-05,7,Friday,7,27
1619,2024-03-31 21:30:00,Lejía Clorox 900ml,Limpieza,4.63,3,13.89,6,2024-03-31,21,Sunday,3,13
1620,2024-02-05 13:24:00,Jabón Bolivar 230g,Limpieza,2.81,2,5.62,6,2024-02-05,13,Monday,2,6
1621,2024-05-16 20:24:00,Chancay 60g,Panadería,0.5,1,0.5,8,2024-05-16,20,Thursday,5,20
1622,2024-05-14 13:44:00,Pañales Huggies T3 x30,Higiene,31.98,1,31.98,6,2024-05-14,13,Tuesday,5,20
1623,2024-02-22 06:23:00,Inca Kola 500ml,Bebidas,2.5,5,12.5,1,2024-02-22,6,Thursday,2,8
1624,2024-08-23 08:23:00,Leche Evaporada Gloria,Lácteos,3.16,1,3.16,3,2024-08-23,8,Friday,8,34
1625,2024-08-01 19:15:00,Yogurt Gloria Fresa 1kg,Lácteos,6.63,1,6.63,3,2024-08-01,19,Thursday,8,31
1626,2024-07-10 09:45:00,Pepsi 500ml,Bebidas,2.28,2,4.56,2,2024-07-10,9,Wednesday,7,28
1627,2024-06-27 17:03:00,Inca Kola 1.5L,Bebidas,5.55,1,5.55,1,2024-06-27,17,Thursday,6,26
1628,2024-05-02 11:01:00,Agua San Luis 500ml,Bebidas,1.19,2,2.38,1,2024-05-02,11,Thursday,5,18
1629,2024-03-03 09:53:00,Agua San Luis 2.5L,Bebidas,3.43,4,13.72,1,2024-03-03,9,Sunday,3,9
1630,2024-04-30 15:30:00,Aceite Primor 500ml,Abarrotes,5.27,4,21.08,4,2024-04-30,15,Tuesday,4,18
1631,2024-07-19 06:18:00,Shampoo Head&Shoulders,Higiene,18.12,1,18.12,6,2024-07-19,6,Friday,7,29
1632,2024-06-03 11:00:00,Coca-Cola 500ml,Bebidas,2.55,4,10.2,2,2024-06-03,11,Monday,6,23
1633,2024-05-21 14:58:00,Pasta Dental Colgate,Higiene,5.5,3,16.5,6,2024-05-21,14,Tuesday,5,21
1634,2024-04-18 14:05:00,Azúcar Cartavio 1kg,Abarrotes,3.47,5,17.35,5,2024-04-18,14,Thursday,4,16
1635,2024-07-09 09:03:00,Leche Evaporada Gloria,Lácteos,3.18,1,3.18,3,2024-07-09,9,Tuesday,7,28
1636,2024-06-03 20:30:00,Pan de Molde Bimbo 500g,Panadería,6.56,2,13.12,8,2024-06-03,20,Monday,6,23
1637,2024-07-30 20:51:00,Papel Higiénico Elite x4,Higiene,8.98,2,17.96,6,2024-07-30,20,Tuesday,7,31
1638,2024-03-10 07:23:00,Arroz Costeño 1kg,Abarrotes,3.86,5,19.3,4,2024-03-10,7,Sunday,3,10
1639,2024-01-08 07:34:00,Jabón Bolivar 230g,Limpieza,2.73,1,2.73,6,2024-01-08,7,Monday,1,2
1640,2024-07-12 12:35:00,Inca Kola 500ml,Bebidas,2.52,2,5.04,1,2024-07-12,12,Friday,7,28
1641,2024-03-02 09:36:00,Coca-Cola 500ml,Bebidas,2.51,1,2.51,2,2024-03-02,9,Saturday,3,9
1642,2024-01-12 07:19:00,Galletas Oreo 36g,Snacks,1.54,1,1.54,7,2024-01-12,7,Friday,1,2
1643,2024-04-11 21:48:00,Harina Blanca Flor 1kg,Abarrotes,3.24,4,12.96,4,2024-04-11,21,Thursday,4,15
1644,2024-06-28 16:26:00,Leche Evaporada Gloria,Lácteos,3.2,3,9.6,3,2024-06-28,16,Friday,6,26
1645,2024-07-25 06:37:00,Chifles La Doña 80g,Snacks,2.0,2,4.0,7,2024-07-25,6,Thursday,7,30
1646,2024-03-15 09:29:00,Coca-Cola 500ml,Bebidas,2.56,1,2.56,2,2024-03-15,9,Friday,3,11
1647,2024-08-31 12:51:00,Agua San Luis 2.5L,Bebidas,3.56,2,7.12,1,2024-08-31,12,Saturday,8,35
1648,2024-05-08 21:28:00,Aceite Primor 1L,Abarrotes,8.81,2,17.62,4,2024-05-08,21,Wednesday,5,19
1649,2024-06-08 19:02:00,Detergente Ace 850g,Limpieza,12.1,3,36.3,6,2024-06-08,19,Saturday,6,23
1650,2024-03-02 09:38:00,Lejía Clorox 900ml,Limpieza,4.62,1,4.62,6,2024-03-02,9,Saturday,3,9
1651,2024-06-09 09:51:00,Mantequilla Gloria 100g,Lácteos,4.11,1,4.11,3,2024-06-09,9,Sunday,6,23
1652,2024-05-20 08:31:00,Atún Florida 170g,Conservas,3.89,1,3.89,4,2024-05-20,8,Monday,5,21
1653,2024-08-27 07:17:00,Aceite Primor 1L,Abarrotes,8.83,5,44.15,4,2024-08-27,7,Tuesday,8,35
1654,2024-01-19 08:16:00,Agua San Luis 2.5L,Bebidas,3.6,4,14.4,1,2024-01-19,8,Friday,1,3
1655,2024-06-15 09:36:00,Shampoo Head&Shoulders,Higiene,17.99,2,35.98,6,2024-06-15,9,Saturday,6,24
1656,2024-04-12 20:28:00,Harina Blanca Flor 1kg,Abarrotes,3.2,3,9.6,4,2024-04-12,20,Friday,4,15
1657,2024-04-05 08:32:00,Sardina Florida 425g,Conservas,4.14,2,8.28,4,2024-04-05,8,Friday,4,14
1658,2024-06-07 07:47:00,Coca-Cola 500ml,Bebidas,2.53,2,5.06,2,2024-06-07,7,Friday,6,23
1659,2024-01-03 07:18:00,Pan de Molde Bimbo 500g,Panadería,6.37,2,12.74,8,2024-01-03,7,Wednesday,1,1
1660,2024-08-06 08:55:00,Papel Higiénico Elite x4,Higiene,8.99,2,17.98,6,2024-08-06,8,Tuesday,8,32
1661,2024-04-29 21:06:00,Detergente Ariel 850g,Limpieza,12.26,1,12.26,6,2024-04-29,21,Monday,4,18
1662,2024-08-22 18:49:00,Leche Gloria Entera 1L,Lácteos,4.71,2,9.42,3,2024-08-22,18,Thursday,8,34
1663,2024-01-17 21:13:00,Jabón Bolivar 230g,Limpieza,2.84,3,8.52,6,2024-01-17,21,Wednesday,1,3
1664,2024-03-12 20:30:00,Leche Gloria Light 1L,Lácteos,4.94,1,4.94,3,2024-03-12,20,Tuesday,3,11
1665,2024-05-25 09:49:00,Sardina Florida 425g,Conservas,4.09,2,8.18,4,2024-05-25,9,Saturday,5,21
1666,2024-07-21 21:13:00,Detergente Ace 850g,Limpieza,11.69,1,11.69,6,2024-07-21,21,Sunday,7,29
1667,2024-08-31 19:17:00,Inca Kola 1.5L,Bebidas,5.54,3,16.62,1,2024-08-31,19,Saturday,8,35
1668,2024-02-06 08:05:00,Agua San Luis 2.5L,Bebidas,3.58,3,10.74,1,2024-02-06,8,Tuesday,2,6
1669,2024-08-11 20:42:00,Shampoo Head&Shoulders,Higiene,18.15,2,36.3,6,2024-08-11,20,Sunday,8,32
1670,2024-01-24 19:21:00,Pepsi 500ml,Bebidas,2.25,3,6.75,2,2024-01-24,19,Wednesday,1,4
1671,2024-08-29 21:34:00,Detergente Ariel 850g,Limpieza,12.71,3,38.13,6,2024-08-29,21,Thursday,8,35
1672,2024-03-31 18:52:00,Pañales Huggies T4 x28,Higiene,34.12,1,34.12,6,2024-03-31,18,Sunday,3,13
1673,2024-01-20 10:20:00,Arroz Costeño 1kg,Abarrotes,3.69,3,11.07,4,2024-01-20,10,Saturday,1,3
1674,2024-08-27 08:07:00,Pasta Dental Colgate,Higiene,5.47,3,16.41,6,2024-08-27,8,Tuesday,8,35
1675,2024-07-03 08:53:00,Sublime 36g,Snacks,1.51,1,1.51,7,2024-07-03,8,Wednesday,7,27
1676,2024-01-25 09:12:00,Queso Edam Gloria 250g,Lácteos,12.65,2,25.3,3,2024-01-25,9,Thursday,1,4
1677,2024-06-02 21:13:00,Aceite Primor 1L,Abarrotes,9.15,2,18.3,4,2024-06-02,21,Sunday,6,22
1678,2024-01-04 21:01:00,Mantequilla Gloria 100g,Lácteos,4.3,2,8.6,3,2024-01-04,21,Thursday,1,1
1679,2024-07-28 21:41:00,Chifles La Doña 80g,Snacks,1.99,2,3.98,7,2024-07-28,21,Sunday,7,30
1680,2024-03-31 19:33:00,Detergente Ariel 850g,Limpieza,12.21,2,24.42,6,2024-03-31,19,Sunday,3,13
1681,2024-04-27 20:35:00,Aceite Primor 500ml,Abarrotes,5.09,5,25.45,4,2024-04-27,20,Saturday,4,17
1682,2024-04-07 09:44:00,Pañales Huggies T4 x28,Higiene,33.87,3,101.61,6,2024-04-07,9,Sunday,4,14
1683,2024-06-28 09:05:00,Harina Blanca Flor 1kg,Abarrotes,3.12,1,3.12,4,2024-06-28,9,Friday,6,26
1684,2024-06-06 09:31:00,Inca Kola 1.5L,Bebidas,5.64,5,28.2,1,2024-06-06,9,Thursday,6,23
1685,2024-06-11 20:42:00,Leche Gloria Entera 1L,Lácteos,4.9,2,9.8,3,2024-06-11,20,Tuesday,6,24
1686,2024-02-27 18:07:00,Arroz Costeño 5kg,Abarrotes,17.87,2,35.74,4,2024-02-27,18,Tuesday,2,9
1687,2024-03-30 20:26:00,Leche Gloria Light 1L,Lácteos,4.96,3,14.88,3,2024-03-30,20,Saturday,3,13
1688,2024-01-02 13:32:00,Papel Higiénico Elite x4,Higiene,8.78,2,17.56,6,2024-01-02,13,Tuesday,1,1
1689,2024-03-19 19:43:00,Fideos Don Vittorio 500g,Abarrotes,2.72,2,5.44,4,2024-03-19,19,Tuesday,3,12
1690,2024-01-09 07:50:00,Pañales Huggies T3 x30,Higiene,33.16,2,66.32,6,2024-01-09,7,Tuesday,1,2
1691,2024-07-28 16:21:00,Sublime 36g,Snacks,1.54,1,1.54,7,2024-07-28,16,Sunday,7,30
1692,2024-03-02 18:12:00,Pañales Huggies T4 x28,Higiene,34.29,3,102.87,6,2024-03-02,18,Saturday,3,9
1693,2024-07-24 19:08:00,Pepsi 500ml,Bebidas,2.37,4,9.48,2,2024-07-24,19,Wednesday,7,30
1694,2024-04-13 11:27:00,Aceite Primor 500ml,Abarrotes,5.08,2,10.16,4,2024-04-13,11,Saturday,4,15
1695,2024-05-09 09:50:00,Leche Evaporada Gloria,Lácteos,3.27,2,6.54,3,2024-05-09,9,Thursday,5,19
1696,2024-08-02 16:13:00,Fideos Don Vittorio 500g,Abarrotes,2.73,1,2.73,4,2024-08-02,16,Friday,8,31
1697,2024-01-03 10:01:00,Pañales Huggies T4 x28,Higiene,34.42,3,103.26,6,2024-01-03,10,Wednesday,1,1
1698,2024-05-26 20:29:00,Agua San Luis 2.5L,Bebidas,3.43,3,10.29,1,2024-05-26,20,Sunday,5,21
1699,2024-03-17 07:46:00,Azúcar Cartavio 1kg,Abarrotes,3.56,4,14.24,5,2024-03-17,7,Sunday,3,11
1700,2024-03-11 07:40:00,Pepsi 500ml,Bebidas,2.32,1,2.32,2,2024-03-11,7,Monday,3,11
1701,2024-08-09 08:59:00,Queso Edam Gloria 250g,Lácteos,12.22,3,36.66,3,2024-08-09,8,Friday,8,32
1702,2024-03-13 07:05:00,Yogurt Gloria Fresa 1kg,Lácteos,6.5,1,6.5,3,2024-03-13,7,Wednesday,3,11
1703,2024-08-21 18:06:00,Detergente Ace 850g,Limpieza,12.11,2,24.22,6,2024-08-21,18,Wednesday,8,34
1704,2024-01-19 20:13:00,Pañales Huggies T3 x30,Higiene,32.34,3,97.02,6,2024-01-19,20,Friday,1,3
1705,2024-06-11 11:11:00,Sardina Florida 425g,Conservas,4.08,2,8.16,4,2024-06-11,11,Tuesday,6,24
1706,2024-06-17 07:07:00,Aceite Primor 500ml,Abarrotes,5.35,3,16.05,4,2024-06-17,7,Monday,6,25
1707,2024-06-06 06:10:00,Galletas Oreo 36g,Snacks,1.52,3,4.56,7,2024-06-06,6,Thursday,6,23
1708,2024-02-19 06:33:00,Leche Gloria Light 1L,Lácteos,4.98,3,14.94,3,2024-02-19,6,Monday,2,8
1709,2024-08-09 20:01:00,Arroz Costeño 5kg,Abarrotes,17.12,3,51.36,4,2024-08-09,20,Friday,8,32
1710,2024-07-05 10:17:00,Agua San Luis 2.5L,Bebidas,3.5,3,10.5,1,2024-07-05,10,Friday,7,27
1711,2024-03-30 15:29:00,Agua San Luis 2.5L,Bebidas,3.49,4,13.96,1,2024-03-30,15,Saturday,3,13
1712,2024-08-24 07:12:00,Papel Higiénico Elite x4,Higiene,9.08,3,27.24,6,2024-08-24,7,Saturday,8,34
1713,2024-04-10 09:19:00,Fideos Lavaggi 500g,Abarrotes,2.54,2,5.08,4,2024-04-10,9,Wednesday,4,15
1714,2024-04-20 19:38:00,Galletas Soda Field,Snacks,2.76,3,8.28,7,2024-04-20,19,Saturday,4,16
1715,2024-06-08 08:27:00,Sardina Florida 425g,Conservas,4.22,1,4.22,4,2024-06-08,8,Saturday,6,23
1716,2024-08-17 08:28:00,Detergente Ace 850g,Limpieza,12.18,1,12.18,6,2024-08-17,8,Saturday,8,33
1717,2024-03-05 15:38:00,Chifles La Doña 80g,Snacks,2.05,3,6.15,7,2024-03-05,15,Tuesday,3,10
1718,2024-03-31 20:11:00,Sublime 36g,Snacks,1.49,2,2.98,7,2024-03-31,20,Sunday,3,13
1719,2024-04-01 07:42:00,Aceite Primor 500ml,Abarrotes,5.16,3,15.48,4,2024-04-01,7,Monday,4,14
1720,2024-02-01 09:00:00,Sardina Florida 425g,Conservas,4.16,3,12.48,4,2024-02-01,9,Thursday,2,5
1721,2024-05-25 13:35:00,Pasta Dental Colgate,Higiene,5.46,1,5.46,6,2024-05-25,13,Saturday,5,21
1722,2024-05-14 09:17:00,Arroz Costeño 5kg,Abarrotes,17.97,5,89.85,4,2024-05-14,9,Tuesday,5,20
1723,2024-05-26 19:43:00,Agua San Luis 500ml,Bebidas,1.19,4,4.76,1,2024-05-26,19,Sunday,5,21
1724,2024-02-20 08:31:00,Sardina Florida 425g,Conservas,4.32,1,4.32,4,2024-02-20,8,Tuesday,2,8
1725,2024-01-31 07:38:00,Pañales Huggies T3 x30,Higiene,32.68,2,65.36,6,2024-01-31,7,Wednesday,1,5
1726,2024-05-27 07:41:00,Sal Marina 1kg,Abarrotes,1.54,5,7.7,5,2024-05-27,7,Monday,5,22
1727,2024-03-13 08:02:00,Pasta Dental Colgate,Higiene,5.64,3,16.92,6,2024-03-13,8,Wednesday,3,11
1728,2024-03-27 08:30:00,Coca-Cola 500ml,Bebidas,2.55,1,2.55,2,2024-03-27,8,Wednesday,3,13
1729,2024-07-04 21:48:00,Pañales Huggies T3 x30,Higiene,32.31,2,64.62,6,2024-07-04,21,Thursday,7,27
1730,2024-07-17 20:25:00,Pan de Molde Bimbo 500g,Panadería,6.58,2,13.16,8,2024-07-17,20,Wednesday,7,29
1731,2024-05-06 09:53:00,Pasta Dental Colgate,Higiene,5.64,2,11.28,6,2024-05-06,9,Monday,5,19
1732,2024-01-08 07:08:00,Leche Gloria Entera 1L,Lácteos,4.94,1,4.94,3,2024-01-08,7,Monday,1,2
1733,2024-02-27 07:46:00,Pañales Huggies T4 x28,Higiene,34.64,2,69.28,6,2024-02-27,7,Tuesday,2,9
1734,2024-01-02 07:16:00,Chancay 60g,Panadería,0.49,1,0.49,8,2024-01-02,7,Tuesday,1,1
1735,2024-01-20 09:39:00,Atún Florida 170g,Conservas,3.85,2,7.7,4,2024-01-20,9,Saturday,1,3
1736,2024-08-24 08:07:00,Aceite Primor 1L,Abarrotes,8.8,2,17.6,4,2024-08-24,8,Saturday,8,34
1737,2024-07-11 19:40:00,Yogurt Gloria Fresa 1kg,Lácteos,6.57,2,13.14,3,2024-07-11,19,Thursday,7,28
1738,2024-05-15 08:42:00,Sublime 36g,Snacks,1.54,2,3.08,7,2024-05-15,8,Wednesday,5,20
1739,2024-07-16 13:05:00,Sardina Florida 425g,Conservas,4.27,2,8.54,4,2024-07-16,13,Tuesday,7,29
1740,2024-03-31 13:42:00,Agua San Luis 2.5L,Bebidas,3.54,2,7.08,1,2024-03-31,13,Sunday,3,13
1741,2024-05-06 07:42:00,Agua San Luis 500ml,Bebidas,1.2,2,2.4,1,2024-05-06,7,Monday,5,19
1742,2024-02-18 21:13:00,Lejía Clorox 900ml,Limpieza,4.57,3,13.71,6,2024-02-18,21,Sunday,2,7
1743,2024-08-07 21:45:00,Chifles La Doña 80g,Snacks,2.02,2,4.04,7,2024-08-07,21,Wednesday,8,32
1744,2024-01-28 13:58:00,Chifles La Doña 80g,Snacks,1.99,2,3.98,7,2024-01-28,13,Sunday,1,4
1745,2024-08-10 12:49:00,Shampoo Head&Shoulders,Higiene,18.15,2,36.3,6,2024-08-10,12,Saturday,8,32
1746,2024-04-18 08:55:00,Fideos Lavaggi 500g,Abarrotes,2.52,5,12.6,4,2024-04-18,8,Thursday,4,16
1747,2024-04-28 09:15:00,Yogurt Gloria Fresa 1kg,Lácteos,6.65,1,6.65,3,2024-04-28,9,Sunday,4,17
1748,2024-03-09 09:33:00,Aceite Primor 500ml,Abarrotes,5.15,4,20.6,4,2024-03-09,9,Saturday,3,10
1749,2024-08-25 17:27:00,Leche Gloria Light 1L,Lácteos,4.8,1,4.8,3,2024-08-25,17,Sunday,8,34
1750,2024-04-20 20:28:00,Chifles La Doña 80g,Snacks,1.98,2,3.96,7,2024-04-20,20,Saturday,4,16
1751,2024-06-15 21:12:00,Pepsi 500ml,Bebidas,2.26,3,6.78,2,2024-06-15,21,Saturday,6,24
1752,2024-06-01 09:31:00,Aceite Primor 500ml,Abarrotes,5.18,5,25.9,4,2024-06-01,9,Saturday,6,22
1753,2024-06-14 07:14:00,Pepsi 500ml,Bebidas,2.24,1,2.24,2,2024-06-14,7,Friday,6,24
1754,2024-05-27 07:34:00,Coca-Cola 500ml,Bebidas,2.47,1,2.47,2,2024-05-27,7,Monday,5,22
1755,2024-04-10 20:46:00,Papel Higiénico Elite x4,Higiene,8.78,3,26.34,6,2024-04-10,20,Wednesday,4,15
1756,2024-02-13 17:40:00,Arroz Costeño 5kg,Abarrotes,17.72,3,53.16,4,2024-02-13,17,Tuesday,2,7
1757,2024-07-06 07:32:00,Harina Blanca Flor 1kg,Abarrotes,3.2,5,16.0,4,2024-07-06,7,Saturday,7,27
1758,2024-08-06 13:10:00,Atún Florida 170g,Conservas,3.94,2,7.88,4,2024-08-06,13,Tuesday,8,32
1759,2024-02-17 21:09:00,Aceite Primor 1L,Abarrotes,8.99,1,8.99,4,2024-02-17,21,Saturday,2,7
1760,2024-03-26 08:56:00,Pañales Huggies T4 x28,Higiene,33.33,1,33.33,6,2024-03-26,8,Tuesday,3,13
1761,2024-06-01 21:37:00,Inca Kola 500ml,Bebidas,2.5,1,2.5,1,2024-06-01,21,Saturday,6,22
1762,2024-04-30 07:36:00,Sal Marina 1kg,Abarrotes,1.53,3,4.59,5,2024-04-30,7,Tuesday,4,18
1763,2024-05-08 07:49:00,Sublime 36g,Snacks,1.46,1,1.46,7,2024-05-08,7,Wednesday,5,19
1764,2024-04-25 21:34:00,Jabón Bolivar 230g,Limpieza,2.83,2,5.66,6,2024-04-25,21,Thursday,4,17
1765,2024-04-03 21:19:00,Fideos Don Vittorio 500g,Abarrotes,2.87,3,8.61,4,2024-04-03,21,Wednesday,4,14
1766,2024-01-29 09:46:00,Galletas Oreo 36g,Snacks,1.46,3,4.38,7,2024-01-29,9,Monday,1,5
1767,2024-08-07 07:22:00,Pañales Huggies T3 x30,Higiene,31.59,2,63.18,6,2024-08-07,7,Wednesday,8,32
1768,2024-07-08 19:23:00,Mantequilla Gloria 100g,Lácteos,4.26,1,4.26,3,2024-07-08,19,Monday,7,28
1769,2024-08-23 09:17:00,Arroz Costeño 1kg,Abarrotes,3.89,5,19.45,4,2024-08-23,9,Friday,8,34
1770,2024-08-12 21:58:00,Shampoo Head&Shoulders,Higiene,18.33,3,54.99,6,2024-08-12,21,Monday,8,33
1771,2024-04-10 14:19:00,Jabón Bolivar 230g,Limpieza,2.72,1,2.72,6,2024-04-10,14,Wednesday,4,15
1772,2024-06-28 20:27:00,Sublime 36g,Snacks,1.51,2,3.02,7,2024-06-28,20,Friday,6,26
1773,2024-03-14 07:31:00,Detergente Ariel 850g,Limpieza,12.24,3,36.72,6,2024-03-14,7,Thursday,3,11
1774,2024-05-13 11:19:00,Yogurt Gloria Fresa 1kg,Lácteos,6.42,2,12.84,3,2024-05-13,11,Monday,5,20
1775,2024-01-04 20:18:00,Harina Blanca Flor 1kg,Abarrotes,3.13,5,15.65,4,2024-01-04,20,Thursday,1,1
1776,2024-03-19 08:42:00,Galletas Soda Field,Snacks,2.72,1,2.72,7,2024-03-19,8,Tuesday,3,12
1777,2024-03-30 10:05:00,Leche Evaporada Gloria,Lácteos,3.16,3,9.48,3,2024-03-30,10,Saturday,3,13
1778,2024-04-20 08:18:00,Arroz Costeño 1kg,Abarrotes,3.69,2,7.38,4,2024-04-20,8,Saturday,4,16
1779,2024-03-04 18:27:00,Detergente Ariel 850g,Limpieza,12.85,2,25.7,6,2024-03-04,18,Monday,3,10
1780,2024-08-16 08:38:00,Leche Gloria Entera 1L,Lácteos,4.71,2,9.42,3,2024-08-16,8,Friday,8,33
1781,2024-06-22 10:43:00,Pañales Huggies T4 x28,Higiene,33.49,1,33.49,6,2024-06-22,10,Saturday,6,25
1782,2024-05-21 08:05:00,Pañales Huggies T3 x30,Higiene,32.63,2,65.26,6,2024-05-21,8,Tuesday,5,21
1783,2024-05-19 08:06:00,Pasta Dental Colgate,Higiene,5.51,1,5.51,6,2024-05-19,8,Sunday,5,20
1784,2024-05-08 17:29:00,Sardina Florida 425g,Conservas,4.18,2,8.36,4,2024-05-08,17,Wednesday,5,19
1785,2024-04-15 20:49:00,Pañales Huggies T3 x30,Higiene,31.7,2,63.4,6,2024-04-15,20,Monday,4,16
1786,2024-06-06 13:37:00,Leche Evaporada Gloria,Lácteos,3.18,3,9.54,3,2024-06-06,13,Thursday,6,23
1787,2024-08-18 15:03:00,Chancay 60g,Panadería,0.49,2,0.98,8,2024-08-18,15,Sunday,8,33
1788,2024-04-28 20:53:00,Inca Kola 500ml,Bebidas,2.44,1,2.44,1,2024-04-28,20,Sunday,4,17
1789,2024-07-31 09:21:00,Fideos Lavaggi 500g,Abarrotes,2.44,5,12.2,4,2024-07-31,9,Wednesday,7,31
1790,2024-05-24 21:55:00,Harina Blanca Flor 1kg,Abarrotes,3.13,1,3.13,4,2024-05-24,21,Friday,5,21
1791,2024-06-21 20:44:00,Queso Edam Gloria 250g,Lácteos,12.51,1,12.51,3,2024-06-21,20,Friday,6,25
1792,2024-07-08 10:14:00,Pan de Molde Bimbo 500g,Panadería,6.55,3,19.65,8,2024-07-08,10,Monday,7,28
1793,2024-03-18 06:51:00,Yogurt Gloria Fresa 1kg,Lácteos,6.55,2,13.1,3,2024-03-18,6,Monday,3,12
1794,2024-01-30 07:38:00,Arroz Costeño 1kg,Abarrotes,3.8,1,3.8,4,2024-01-30,7,Tuesday,1,5
1795,2024-02-22 07:53:00,Sal Marina 1kg,Abarrotes,1.49,5,7.45,5,2024-02-22,7,Thursday,2,8
1796,2024-08-25 08:30:00,Pepsi 500ml,Bebidas,2.34,2,4.68,2,2024-08-25,8,Sunday,8,34
1797,2024-03-07 20:54:00,Chancay 60g,Panadería,0.5,3,1.5,8,2024-03-07,20,Thursday,3,10
1798,2024-02-07 11:09:00,Pañales Huggies T4 x28,Higiene,34.32,3,102.96,6,2024-02-07,11,Wednesday,2,6
1799,2024-05-10 12:30:00,Aceite Primor 1L,Abarrotes,8.79,4,35.16,4,2024-05-10,12,Friday,5,19
1800,2024-05-30 21:25:00,Leche Gloria Entera 1L,Lácteos,4.86,2,9.72,3,2024-05-30,21,Thursday,5,22
1801,2024-04-28 21:09:00,Leche Gloria Entera 1L,Lácteos,4.74,1,4.74,3,2024-04-28,21,Sunday,4,17
1802,2024-05-24 21:02:00,Leche Gloria Light 1L,Lácteos,4.94,3,14.82,3,2024-05-24,21,Friday,5,21
1803,2024-01-11 17:08:00,Shampoo Head&Shoulders,Higiene,18.92,2,37.84,6,2024-01-11,17,Thursday,1,2
1804,2024-03-11 07:22:00,Pasta Dental Colgate,Higiene,5.62,3,16.86,6,2024-03-11,7,Monday,3,11
1805,2024-02-23 21:32:00,Chifles La Doña 80g,Snacks,1.96,1,1.96,7,2024-02-23,21,Friday,2,8
1806,2024-03-31 16:29:00,Yogurt Gloria Fresa 1kg,Lácteos,6.64,3,19.92,3,2024-03-31,16,Sunday,3,13
1807,2024-03-12 15:59:00,Leche Evaporada Gloria,Lácteos,3.12,2,6.24,3,2024-03-12,15,Tuesday,3,11
1808,2024-04-06 11:36:00,Galletas Oreo 36g,Snacks,1.54,3,4.62,7,2024-04-06,11,Saturday,4,14
1809,2024-03-07 08:37:00,Sublime 36g,Snacks,1.49,3,4.47,7,2024-03-07,8,Thursday,3,10
1810,2024-01-18 09:10:00,Papel Higiénico Elite x4,Higiene,8.68,1,8.68,6,2024-01-18,9,Thursday,1,3
1811,2024-05-07 21:20:00,Leche Gloria Entera 1L,Lácteos,4.94,1,4.94,3,2024-05-07,21,Tuesday,5,19
1812,2024-01-27 11:46:00,Sal Marina 1kg,Abarrotes,1.52,4,6.08,5,2024-01-27,11,Saturday,1,4
1813,2024-08-24 09:16:00,Pañales Huggies T3 x30,Higiene,31.6,1,31.6,6,2024-08-24,9,Saturday,8,34
1814,2024-04-23 06:59:00,Agua San Luis 500ml,Bebidas,1.19,2,2.38,1,2024-04-23,6,Tuesday,4,17
1815,2024-04-06 09:36:00,Shampoo Head&Shoulders,Higiene,18.17,3,54.51,6,2024-04-06,9,Saturday,4,14
1816,2024-05-05 21:14:00,Fideos Don Vittorio 500g,Abarrotes,2.84,2,5.68,4,2024-05-05,21,Sunday,5,18
1817,2024-07-27 20:05:00,Pañales Huggies T4 x28,Higiene,33.03,3,99.09,6,2024-07-27,20,Saturday,7,30
1818,2024-02-22 07:57:00,Leche Gloria Entera 1L,Lácteos,4.76,1,4.76,3,2024-02-22,7,Thursday,2,8
1819,2024-05-25 20:21:00,Pañales Huggies T3 x30,Higiene,32.86,1,32.86,6,2024-05-25,20,Saturday,5,21
1820,2024-05-07 07:36:00,Sublime 36g,Snacks,1.5,2,3.0,7,2024-05-07,7,Tuesday,5,19
1821,2024-06-07 10:51:00,Detergente Ariel 850g,Limpieza,12.45,1,12.45,6,2024-06-07,10,Friday,6,23
1822,2024-08-11 07:08:00,Lejía Clorox 900ml,Limpieza,4.45,3,13.35,6,2024-08-11,7,Sunday,8,32
1823,2024-05-07 09:34:00,Leche Gloria Light 1L,Lácteos,4.76,2,9.52,3,2024-05-07,9,Tuesday,5,19
1824,2024-08-24 18:45:00,Harina Blanca Flor 1kg,Abarrotes,3.12,3,9.36,4,2024-08-24,18,Saturday,8,34
1825,2024-03-14 09:15:00,Aceite Primor 1L,Abarrotes,9.13,5,45.65,4,2024-03-14,9,Thursday,3,11
1826,2024-03-20 20:34:00,Chifles La Doña 80g,Snacks,2.05,3,6.15,7,2024-03-20,20,Wednesday,3,12
1827,2024-04-30 14:41:00,Queso Edam Gloria 250g,Lácteos,12.15,1,12.15,3,2024-04-30,14,Tuesday,4,18
1828,2024-03-07 07:08:00,Pañales Huggies T3 x30,Higiene,32.59,1,32.59,6,2024-03-07,7,Thursday,3,10
1829,2024-08-24 07:15:00,Jabón Bolivar 230g,Limpieza,2.73,2,5.46,6,2024-08-24,7,Saturday,8,34
1830,2024-08-19 07:22:00,Mantequilla Gloria 100g,Lácteos,4.31,1,4.31,3,2024-08-19,7,Monday,8,34
1831,2024-08-15 10:17:00,Agua San Luis 2.5L,Bebidas,3.42,1,3.42,1,2024-08-15,10,Thursday,8,33
1832,2024-05-09 08:27:00,Galletas Soda Field,Snacks,2.77,2,5.54,7,2024-05-09,8,Thursday,5,19
1833,2024-01-06 06:49:00,Azúcar Cartavio 1kg,Abarrotes,3.51,2,7.02,5,2024-01-06,6,Saturday,1,1
1834,2024-06-23 06:35:00,Lejía Clorox 900ml,Limpieza,4.38,2,8.76,6,2024-06-23,6,Sunday,6,25
1835,2024-06-27 09:27:00,Lejía Clorox 900ml,Limpieza,4.4,3,13.2,6,2024-06-27,9,Thursday,6,26
1836,2024-01-31 17:22:00,Shampoo Head&Shoulders,Higiene,18.33,1,18.33,6,2024-01-31,17,Wednesday,1,5
1837,2024-03-01 09:00:00,Pepsi 500ml,Bebidas,2.29,2,4.58,2,2024-03-01,9,Friday,3,9
1838,2024-05-25 07:55:00,Chancay 60g,Panadería,0.49,3,1.47,8,2024-05-25,7,Saturday,5,21
1839,2024-01-20 08:11:00,Pepsi 500ml,Bebidas,2.24,3,6.72,2,2024-01-20,8,Saturday,1,3
1840,2024-06-03 13:18:00,Detergente Ariel 850g,Limpieza,12.58,1,12.58,6,2024-06-03,13,Monday,6,23
1841,2024-06-17 07:04:00,Galletas Oreo 36g,Snacks,1.54,2,3.08,7,2024-06-17,7,Monday,6,25
1842,2024-05-06 17:57:00,Arroz Costeño 5kg,Abarrotes,17.44,2,34.88,4,2024-05-06,17,Monday,5,19
1843,2024-08-29 21:55:00,Atún Florida 170g,Conservas,3.84,3,11.52,4,2024-08-29,21,Thursday,8,35
1844,2024-03-22 09:03:00,Fideos Lavaggi 500g,Abarrotes,2.56,3,7.68,4,2024-03-22,9,Friday,3,12
1845,2024-03-12 07:53:00,Galletas Soda Field,Snacks,2.75,3,8.25,7,2024-03-12,7,Tuesday,3,11
1846,2024-02-23 09:52:00,Pan de Molde Bimbo 500g,Panadería,6.32,1,6.32,8,2024-02-23,9,Friday,2,8
1847,2024-06-27 21:07:00,Sal Marina 1kg,Abarrotes,1.5,1,1.5,5,2024-06-27,21,Thursday,6,26
1848,2024-03-10 08:19:00,Coca-Cola 500ml,Bebidas,2.43,1,2.43,2,2024-03-10,8,Sunday,3,10
1849,2024-05-06 08:24:00,Lejía Clorox 900ml,Limpieza,4.38,2,8.76,6,2024-05-06,8,Monday,5,19
1850,2024-04-07 08:34:00,Arroz Costeño 5kg,Abarrotes,17.67,1,17.67,4,2024-04-07,8,Sunday,4,14
1851,2024-05-18 06:58:00,Coca-Cola 500ml,Bebidas,2.54,5,12.7,2,2024-05-18,6,Saturday,5,20
1852,2024-08-24 14:51:00,Jabón Bolivar 230g,Limpieza,2.75,3,8.25,6,2024-08-24,14,Saturday,8,34
1853,2024-03-28 19:55:00,Inca Kola 1.5L,Bebidas,5.59,4,22.36,1,2024-03-28,19,Thursday,3,13
1854,2024-07-25 08:46:00,Pepsi 500ml,Bebidas,2.35,3,7.05,2,2024-07-25,8,Thursday,7,30
1855,2024-04-28 21:10:00,Chancay 60g,Panadería,0.5,2,1.0,8,2024-04-28,21,Sunday,4,17
1856,2024-02-03 14:51:00,Sal Marina 1kg,Abarrotes,1.46,3,4.38,5,2024-02-03,14,Saturday,2,5
1857,2024-07-16 21:36:00,Sal Marina 1kg,Abarrotes,1.46,4,5.84,5,2024-07-16,21,Tuesday,7,29
1858,2024-04-02 08:50:00,Fideos Lavaggi 500g,Abarrotes,2.43,5,12.15,4,2024-04-02,8,Tuesday,4,14
1859,2024-05-25 14:54:00,Atún Florida 170g,Conservas,3.89,1,3.89,4,2024-05-25,14,Saturday,5,21
1860,2024-04-22 07:22:00,Inca Kola 1.5L,Bebidas,5.55,4,22.2,1,2024-04-22,7,Monday,4,17
1861,2024-02-25 20:17:00,Pan de Molde Bimbo 500g,Panadería,6.52,3,19.56,8,2024-02-25,20,Sunday,2,8
1862,2024-04-22 08:16:00,Agua San Luis 500ml,Bebidas,1.17,4,4.68,1,2024-04-22,8,Monday,4,17
1863,2024-02-07 07:14:00,Aceite Primor 500ml,Abarrotes,5.25,1,5.25,4,2024-02-07,7,Wednesday,2,6
1864,2024-06-24 21:37:00,Aceite Primor 500ml,Abarrotes,5.06,3,15.18,4,2024-06-24,21,Monday,6,26
1865,2024-01-16 14:16:00,Azúcar Cartavio 1kg,Abarrotes,3.54,1,3.54,5,2024-01-16,14,Tuesday,1,3
1866,2024-05-18 13:22:00,Detergente Ariel 850g,Limpieza,12.18,1,12.18,6,2024-05-18,13,Saturday,5,20
1867,2024-01-29 20:13:00,Shampoo Head&Shoulders,Higiene,18.58,2,37.16,6,2024-01-29,20,Monday,1,5
1868,2024-01-19 15:09:00,Pañales Huggies T3 x30,Higiene,32.16,1,32.16,6,2024-01-19,15,Friday,1,3
1869,2024-03-26 17:30:00,Detergente Ace 850g,Limpieza,11.99,2,23.98,6,2024-03-26,17,Tuesday,3,13
1870,2024-04-04 07:58:00,Aceite Primor 1L,Abarrotes,8.65,5,43.25,4,2024-04-04,7,Thursday,4,14
1871,2024-07-25 21:13:00,Arroz Costeño 5kg,Abarrotes,17.85,4,71.4,4,2024-07-25,21,Thursday,7,30
1872,2024-06-17 18:48:00,Coca-Cola 500ml,Bebidas,2.57,1,2.57,2,2024-06-17,18,Monday,6,25
1873,2024-05-24 21:34:00,Azúcar Cartavio 1kg,Abarrotes,3.57,1,3.57,5,2024-05-24,21,Friday,5,21
1874,2024-07-23 08:42:00,Sublime 36g,Snacks,1.5,3,4.5,7,2024-07-23,8,Tuesday,7,30
1875,2024-03-09 09:18:00,Sardina Florida 425g,Conservas,4.16,1,4.16,4,2024-03-09,9,Saturday,3,10
1876,2024-02-29 20:44:00,Detergente Ace 850g,Limpieza,11.86,1,11.86,6,2024-02-29,20,Thursday,2,9
1877,2024-04-02 09:32:00,Pañales Huggies T3 x30,Higiene,33.31,1,33.31,6,2024-04-02,9,Tuesday,4,14
1878,2024-06-03 08:14:00,Galletas Oreo 36g,Snacks,1.53,3,4.59,7,2024-06-03,8,Monday,6,23
1879,2024-08-24 21:43:00,Leche Evaporada Gloria,Lácteos,3.23,3,9.69,3,2024-08-24,21,Saturday,8,34
1880,2024-07-22 08:07:00,Fideos Don Vittorio 500g,Abarrotes,2.78,1,2.78,4,2024-07-22,8,Monday,7,30
1881,2024-02-07 12:57:00,Chifles La Doña 80g,Snacks,2.05,1,2.05,7,2024-02-07,12,Wednesday,2,6
1882,2024-02-12 08:48:00,Inca Kola 500ml,Bebidas,2.53,5,12.65,1,2024-02-12,8,Monday,2,7
1883,2024-07-09 07:53:00,Galletas Oreo 36g,Snacks,1.46,2,2.92,7,2024-07-09,7,Tuesday,7,28
1884,2024-01-19 09:58:00,Aceite Primor 1L,Abarrotes,9.12,4,36.48,4,2024-01-19,9,Friday,1,3
1885,2024-02-02 20:45:00,Detergente Ariel 850g,Limpieza,12.21,2,24.42,6,2024-02-02,20,Friday,2,5
1886,2024-05-31 09:46:00,Jabón Bolivar 230g,Limpieza,2.73,1,2.73,6,2024-05-31,9,Friday,5,22
1887,2024-08-31 21:40:00,Detergente Ariel 850g,Limpieza,12.68,2,25.36,6,2024-08-31,21,Saturday,8,35
1888,2024-03-15 10:46:00,Pañales Huggies T4 x28,Higiene,34.46,1,34.46,6,2024-03-15,10,Friday,3,11
1889,2024-08-22 08:09:00,Queso Edam Gloria 250g,Lácteos,12.57,1,12.57,3,2024-08-22,8,Thursday,8,34
1890,2024-06-21 18:20:00,Detergente Ace 850g,Limpieza,11.67,2,23.34,6,2024-06-21,18,Friday,6,25
1891,2024-03-12 09:14:00,Queso Edam Gloria 250g,Lácteos,12.49,2,24.98,3,2024-03-12,9,Tuesday,3,11
1892,2024-05-24 21:18:00,Pepsi 500ml,Bebidas,2.28,3,6.84,2,2024-05-24,21,Friday,5,21
1893,2024-02-06 09:56:00,Aceite Primor 500ml,Abarrotes,5.18,2,10.36,4,2024-02-06,9,Tuesday,2,6
1894,2024-05-27 16:06:00,Fideos Lavaggi 500g,Abarrotes,2.47,3,7.41,4,2024-05-27,16,Monday,5,22
1895,2024-03-14 08:14:00,Leche Gloria Light 1L,Lácteos,4.84,1,4.84,3,2024-03-14,8,Thursday,3,11
1896,2024-06-04 13:42:00,Fideos Don Vittorio 500g,Abarrotes,2.74,3,8.22,4,2024-06-04,13,Tuesday,6,23
1897,2024-05-21 11:01:00,Arroz Costeño 5kg,Abarrotes,17.92,5,89.6,4,2024-05-21,11,Tuesday,5,21
1898,2024-05-17 06:31:00,Chancay 60g,Panadería,0.5,1,0.5,8,2024-05-17,6,Friday,5,20
1899,2024-08-29 19:46:00,Harina Blanca Flor 1kg,Abarrotes,3.2,4,12.8,4,2024-08-29,19,Thursday,8,35
1900,2024-03-16 09:28:00,Pasta Dental Colgate,Higiene,5.5,2,11.0,6,2024-03-16,9,Saturday,3,11
1901,2024-08-09 08:46:00,Agua San Luis 2.5L,Bebidas,3.6,1,3.6,1,2024-08-09,8,Friday,8,32
1902,2024-07-09 08:20:00,Agua San Luis 2.5L,Bebidas,3.5,2,7.0,1,2024-07-09,8,Tuesday,7,28
1903,2024-04-26 08:45:00,Fideos Lavaggi 500g,Abarrotes,2.56,3,7.68,4,2024-04-26,8,Friday,4,17
1904,2024-04-20 09:50:00,Coca-Cola 500ml,Bebidas,2.47,5,12.35,2,2024-04-20,9,Saturday,4,16
1905,2024-06-18 07:40:00,Pan de Molde Bimbo 500g,Panadería,6.31,3,18.93,8,2024-06-18,7,Tuesday,6,25
1906,2024-05-30 20:43:00,Leche Evaporada Gloria,Lácteos,3.15,1,3.15,3,2024-05-30,20,Thursday,5,22
1907,2024-05-04 21:18:00,Yogurt Gloria Fresa 1kg,Lácteos,6.38,1,6.38,3,2024-05-04,21,Saturday,5,18
1908,2024-08-31 20:00:00,Agua San Luis 2.5L,Bebidas,3.41,4,13.64,1,2024-08-31,20,Saturday,8,35
1909,2024-06-05 07:02:00,Pan de Molde Bimbo 500g,Panadería,6.57,2,13.14,8,2024-06-05,7,Wednesday,6,23
1910,2024-06-10 17:30:00,Lejía Clorox 900ml,Limpieza,4.54,3,13.62,6,2024-06-10,17,Monday,6,24
1911,2024-08-12 20:56:00,Aceite Primor 500ml,Abarrotes,5.25,3,15.75,4,2024-08-12,20,Monday,8,33
1912,2024-07-22 17:34:00,Galletas Soda Field,Snacks,2.77,2,5.54,7,2024-07-22,17,Monday,7,30
1913,2024-01-29 15:26:00,Azúcar Cartavio 1kg,Abarrotes,3.46,4,13.84,5,2024-01-29,15,Monday,1,5
1914,2024-01-30 08:42:00,Pañales Huggies T4 x28,Higiene,33.69,1,33.69,6,2024-01-30,8,Tuesday,1,5
1915,2024-06-29 08:53:00,Papel Higiénico Elite x4,Higiene,8.95,2,17.9,6,2024-06-29,8,Saturday,6,26
1916,2024-01-08 09:13:00,Sal Marina 1kg,Abarrotes,1.46,4,5.84,5,2024-01-08,9,Monday,1,2
1917,2024-03-07 19:25:00,Sardina Florida 425g,Conservas,4.18,2,8.36,4,2024-03-07,19,Thursday,3,10
1918,2024-08-21 08:46:00,Fideos Don Vittorio 500g,Abarrotes,2.77,2,5.54,4,2024-08-21,8,Wednesday,8,34
1919,2024-03-19 20:36:00,Coca-Cola 500ml,Bebidas,2.51,2,5.02,2,2024-03-19,20,Tuesday,3,12
1920,2024-08-30 16:08:00,Leche Gloria Light 1L,Lácteos,4.91,3,14.73,3,2024-08-30,16,Friday,8,35
1921,2024-07-24 21:58:00,Inca Kola 1.5L,Bebidas,5.59,3,16.77,1,2024-07-24,21,Wednesday,7,30
1922,2024-01-17 12:23:00,Pan de Molde Bimbo 500g,Panadería,6.38,3,19.14,8,2024-01-17,12,Wednesday,1,3
1923,2024-08-02 20:18:00,Aceite Primor 1L,Abarrotes,9.12,2,18.24,4,2024-08-02,20,Friday,8,31
1924,2024-04-15 09:15:00,Jabón Bolivar 230g,Limpieza,2.72,1,2.72,6,2024-04-15,9,Monday,4,16
1925,2024-07-12 09:32:00,Inca Kola 1.5L,Bebidas,5.6,4,22.4,1,2024-07-12,9,Friday,7,28
1926,2024-02-10 07:14:00,Coca-Cola 500ml,Bebidas,2.43,2,4.86,2,2024-02-10,7,Saturday,2,6
1927,2024-07-27 18:08:00,Leche Gloria Light 1L,Lácteos,5.01,3,15.03,3,2024-07-27,18,Saturday,7,30
1928,2024-01-20 09:45:00,Agua San Luis 2.5L,Bebidas,3.4,4,13.6,1,2024-01-20,9,Saturday,1,3
1929,2024-06-03 09:47:00,Chancay 60g,Panadería,0.51,3,1.53,8,2024-06-03,9,Monday,6,23
1930,2024-07-31 15:50:00,Arroz Costeño 1kg,Abarrotes,3.78,3,11.34,4,2024-07-31,15,Wednesday,7,31
1931,2024-03-18 07:06:00,Inca Kola 1.5L,Bebidas,5.65,3,16.95,1,2024-03-18,7,Monday,3,12
1932,2024-04-30 21:05:00,Mantequilla Gloria 100g,Lácteos,4.32,1,4.32,3,2024-04-30,21,Tuesday,4,18
1933,2024-03-12 20:24:00,Pan de Molde Bimbo 500g,Panadería,6.69,1,6.69,8,2024-03-12,20,Tuesday,3,11
1934,2024-08-31 20:28:00,Papel Higiénico Elite x4,Higiene,8.94,1,8.94,6,2024-08-31,20,Saturday,8,35
1935,2024-04-11 20:23:00,Inca Kola 1.5L,Bebidas,5.52,4,22.08,1,2024-04-11,20,Thursday,4,15
1936,2024-03-26 09:05:00,Atún Florida 170g,Conservas,3.91,1,3.91,4,2024-03-26,9,Tuesday,3,13
1937,2024-08-09 13:05:00,Arroz Costeño 5kg,Abarrotes,17.4,2,34.8,4,2024-08-09,13,Friday,8,32
1938,2024-05-13 13:03:00,Galletas Oreo 36g,Snacks,1.48,2,2.96,7,2024-05-13,13,Monday,5,20
1939,2024-07-08 20:02:00,Atún Florida 170g,Conservas,3.94,2,7.88,4,2024-07-08,20,Monday,7,28
1940,2024-08-11 09:13:00,Pañales Huggies T3 x30,Higiene,33.07,3,99.21,6,2024-08-11,9,Sunday,8,32
1941,2024-05-07 20:20:00,Chancay 60g,Panadería,0.51,2,1.02,8,2024-05-07,20,Tuesday,5,19
1942,2024-05-22 08:58:00,Chifles La Doña 80g,Snacks,1.99,1,1.99,7,2024-05-22,8,Wednesday,5,21
1943,2024-04-06 07:10:00,Agua San Luis 500ml,Bebidas,1.22,5,6.1,1,2024-04-06,7,Saturday,4,14
1944,2024-02-20 20:02:00,Aceite Primor 1L,Abarrotes,8.9,4,35.6,4,2024-02-20,20,Tuesday,2,8
1945,2024-05-04 09:26:00,Sublime 36g,Snacks,1.46,2,2.92,7,2024-05-04,9,Saturday,5,18
1946,2024-04-21 14:33:00,Leche Gloria Light 1L,Lácteos,4.93,2,9.86,3,2024-04-21,14,Sunday,4,16
1947,2024-05-24 10:18:00,Detergente Ace 850g,Limpieza,12.03,3,36.09,6,2024-05-24,10,Friday,5,21
1948,2024-05-12 21:29:00,Detergente Ace 850g,Limpieza,12.21,1,12.21,6,2024-05-12,21,Sunday,5,19
1949,2024-02-12 21:00:00,Leche Evaporada Gloria,Lácteos,3.18,2,6.36,3,2024-02-12,21,Monday,2,7
1950,2024-04-30 07:19:00,Yogurt Gloria Fresa 1kg,Lácteos,6.38,3,19.14,3,2024-04-30,7,Tuesday,4,18
1951,2024-05-17 20:03:00,Leche Gloria Entera 1L,Lácteos,4.79,3,14.37,3,2024-05-17,20,Friday,5,20
1952,2024-01-18 20:22:00,Aceite Primor 1L,Abarrotes,9.13,1,9.13,4,2024-01-18,20,Thursday,1,3
1953,2024-03-13 19:37:00,Fideos Lavaggi 500g,Abarrotes,2.48,3,7.44,4,2024-03-13,19,Wednesday,3,11
1954,2024-08-27 09:41:00,Papel Higiénico Elite x4,Higiene,8.74,3,26.22,6,2024-08-27,9,Tuesday,8,35
1955,2024-02-09 07:17:00,Queso Edam Gloria 250g,Lácteos,12.32,1,12.32,3,2024-02-09,7,Friday,2,6
1956,2024-02-02 18:21:00,Leche Gloria Entera 1L,Lácteos,4.88,3,14.64,3,2024-02-02,18,Friday,2,5
1957,2024-06-03 09:55:00,Queso Edam Gloria 250g,Lácteos,12.63,3,37.89,3,2024-06-03,9,Monday,6,23
1958,2024-02-23 07:13:00,Galletas Oreo 36g,Snacks,1.54,1,1.54,7,2024-02-23,7,Friday,2,8
1959,2024-02-06 07:20:00,Yogurt Gloria Fresa 1kg,Lácteos,6.65,1,6.65,3,2024-02-06,7,Tuesday,2,6
1960,2024-02-05 21:27:00,Pepsi 500ml,Bebidas,2.28,4,9.12,2,2024-02-05,21,Monday,2,6
1961,2024-07-13 09:25:00,Chifles La Doña 80g,Snacks,2.03,2,4.06,7,2024-07-13,9,Saturday,7,28
1962,2024-03-31 21:33:00,Galletas Oreo 36g,Snacks,1.53,1,1.53,7,2024-03-31,21,Sunday,3,13
1963,2024-02-12 14:45:00,Arroz Costeño 5kg,Abarrotes,17.86,2,35.72,4,2024-02-12,14,Monday,2,7
1964,2024-04-23 21:43:00,Pan de Molde Bimbo 500g,Panadería,6.52,1,6.52,8,2024-04-23,21,Tuesday,4,17
1965,2024-06-15 20:55:00,Pañales Huggies T4 x28,Higiene,34.72,2,69.44,6,2024-06-15,20,Saturday,6,24
1966,2024-07-05 20:24:00,Detergente Ariel 850g,Limpieza,12.26,2,24.52,6,2024-07-05,20,Friday,7,27
1967,2024-02-20 20:00:00,Inca Kola 500ml,Bebidas,2.47,5,12.35,1,2024-02-20,20,Tuesday,2,8
1968,2024-08-21 21:32:00,Leche Gloria Entera 1L,Lácteos,4.83,1,4.83,3,2024-08-21,21,Wednesday,8,34
1969,2024-06-14 08:25:00,Coca-Cola 500ml,Bebidas,2.57,1,2.57,2,2024-06-14,8,Friday,6,24
1970,2024-03-11 06:55:00,Fideos Don Vittorio 500g,Abarrotes,2.88,4,11.52,4,2024-03-11,6,Monday,3,11
1971,2024-05-05 09:55:00,Pasta Dental Colgate,Higiene,5.58,3,16.74,6,2024-05-05,9,Sunday,5,18
1972,2024-01-10 20:45:00,Leche Gloria Entera 1L,Lácteos,4.71,3,14.13,3,2024-01-10,20,Wednesday,1,2
1973,2024-01-22 20:03:00,Leche Evaporada Gloria,Lácteos,3.23,2,6.46,3,2024-01-22,20,Monday,1,4
1974,2024-03-21 09:17:00,Pepsi 500ml,Bebidas,2.32,2,4.64,2,2024-03-21,9,Thursday,3,12
1975,2024-03-26 16:57:00,Inca Kola 1.5L,Bebidas,5.63,2,11.26,1,2024-03-26,16,Tuesday,3,13
1976,2024-07-03 06:42:00,Queso Edam Gloria 250g,Lácteos,12.44,2,24.88,3,2024-07-03,6,Wednesday,7,27
1977,2024-01-17 09:09:00,Pepsi 500ml,Bebidas,2.24,3,6.72,2,2024-01-17,9,Wednesday,1,3
1978,2024-01-12 07:44:00,Shampoo Head&Shoulders,Higiene,18.4,3,55.2,6,2024-01-12,7,Friday,1,2
1979,2024-03-20 08:07:00,Inca Kola 500ml,Bebidas,2.49,3,7.47,1,2024-03-20,8,Wednesday,3,12
1980,2024-05-24 08:07:00,Agua San Luis 2.5L,Bebidas,3.43,1,3.43,1,2024-05-24,8,Friday,5,21
1981,2024-02-17 20:49:00,Agua San Luis 2.5L,Bebidas,3.56,2,7.12,1,2024-02-17,20,Saturday,2,7
1982,2024-06-12 20:56:00,Arroz Costeño 5kg,Abarrotes,17.3,2,34.6,4,2024-06-12,20,Wednesday,6,24
1983,2024-07-10 10:19:00,Arroz Costeño 1kg,Abarrotes,3.77,1,3.77,4,2024-07-10,10,Wednesday,7,28
1984,2024-02-15 09:20:00,Harina Blanca Flor 1kg,Abarrotes,3.15,4,12.6,4,2024-02-15,9,Thursday,2,7
1985,2024-03-10 11:18:00,Arroz Costeño 1kg,Abarrotes,3.85,3,11.55,4,2024-03-10,11,Sunday,3,10
1986,2024-01-24 21:22:00,Fideos Don Vittorio 500g,Abarrotes,2.79,5,13.95,4,2024-01-24,21,Wednesday,1,4
1987,2024-01-10 18:09:00,Aceite Primor 1L,Abarrotes,8.94,5,44.7,4,2024-01-10,18,Wednesday,1,2
1988,2024-03-29 15:13:00,Pañales Huggies T4 x28,Higiene,34.41,2,68.82,6,2024-03-29,15,Friday,3,13
1989,2024-05-21 14:05:00,Chifles La Doña 80g,Snacks,2.03,3,6.09,7,2024-05-21,14,Tuesday,5,21
1990,2024-02-25 20:59:00,Fideos Don Vittorio 500g,Abarrotes,2.8,1,2.8,4,2024-02-25,20,Sunday,2,8
1991,2024-05-01 09:20:00,Aceite Primor 500ml,Abarrotes,5.22,3,15.66,4,2024-05-01,9,Wednesday,5,18
1992,2024-08-18 09:06:00,Queso Edam Gloria 250g,Lácteos,12.39,3,37.17,3,2024-08-18,9,Sunday,8,33
1993,2024-02-10 21:21:00,Inca Kola 500ml,Bebidas,2.45,1,2.45,1,2024-02-10,21,Saturday,2,6
1994,2024-03-19 09:11:00,Detergente Ariel 850g,Limpieza,12.45,1,12.45,6,2024-03-19,9,Tuesday,3,12
1995,2024-05-31 19:46:00,Pasta Dental Colgate,Higiene,5.49,2,10.98,6,2024-05-31,19,Friday,5,22
1996,2024-03-05 16:30:00,Sal Marina 1kg,Abarrotes,1.48,4,5.92,5,2024-03-05,16,Tuesday,3,10
1997,2024-07-14 09:26:00,Azúcar Cartavio 1kg,Abarrotes,3.56,4,14.24,5,2024-07-14,9,Sunday,7,28
1998,2024-04-12 11:32:00,Mantequilla Gloria 100g,Lácteos,4.31,1,4.31,3,2024-04-12,11,Friday,4,15
1999,2024-02-20 10:08:00,Sublime 36g,Snacks,1.48,3,4.44,7,2024-02-20,10,Tuesday,2,8
2000,2024-01-24 20:51:00,Pepsi 500ml,Bebidas,2.29,3,6.87,2,2024-01-24,20,Wednesday,1,4
2001,2024-04-27 07:12:00,Aceite Primor 1L,Abarrotes,8.79,2,17.58,4,2024-04-27,7,Saturday,4,17
2002,2024-02-17 07:27:00,Agua San Luis 2.5L,Bebidas,3.55,1,3.55,1,2024-02-17,7,Saturday,2,7
2003,2024-06-24 17:00:00,Yogurt Gloria Fresa 1kg,Lácteos,6.37,2,12.74,3,2024-06-24,17,Monday,6,26
2004,2024-04-30 21:44:00,Leche Gloria Entera 1L,Lácteos,4.92,1,4.92,3,2024-04-30,21,Tuesday,4,18
2005,2024-07-31 20:48:00,Lejía Clorox 900ml,Limpieza,4.47,1,4.47,6,2024-07-31,20,Wednesday,7,31
2006,2024-07-14 18:49:00,Sardina Florida 425g,Conservas,4.3,2,8.6,4,2024-07-14,18,Sunday,7,28
2007,2024-06-01 20:22:00,Pañales Huggies T4 x28,Higiene,34.35,2,68.7,6,2024-06-01,20,Saturday,6,22
2008,2024-01-07 09:11:00,Queso Edam Gloria 250g,Lácteos,12.4,1,12.4,3,2024-01-07,9,Sunday,1,1
2009,2024-05-08 18:58:00,Jabón Bolivar 230g,Limpieza,2.82,1,2.82,6,2024-05-08,18,Wednesday,5,19
2010,2024-05-07 07:19:00,Leche Evaporada Gloria,Lácteos,3.12,2,6.24,3,2024-05-07,7,Tuesday,5,19
2011,2024-06-16 07:18:00,Lejía Clorox 900ml,Limpieza,4.47,2,8.94,6,2024-06-16,7,Sunday,6,24
2012,2024-01-09 08:11:00,Galletas Oreo 36g,Snacks,1.49,1,1.49,7,2024-01-09,8,Tuesday,1,2
2013,2024-08-01 07:22:00,Sublime 36g,Snacks,1.52,3,4.56,7,2024-08-01,7,Thursday,8,31
2014,2024-07-24 11:20:00,Papel Higiénico Elite x4,Higiene,8.94,1,8.94,6,2024-07-24,11,Wednesday,7,30
2015,2024-06-24 21:41:00,Lejía Clorox 900ml,Limpieza,4.47,3,13.41,6,2024-06-24,21,Monday,6,26
2016,2024-03-18 20:38:00,Pepsi 500ml,Bebidas,2.3,4,9.2,2,2024-03-18,20,Monday,3,12
2017,2024-07-01 21:07:00,Galletas Oreo 36g,Snacks,1.54,1,1.54,7,2024-07-01,21,Monday,7,27
2018,2024-07-13 20:09:00,Chancay 60g,Panadería,0.5,1,0.5,8,2024-07-13,20,Saturday,7,28
2019,2024-03-07 09:46:00,Queso Edam Gloria 250g,Lácteos,12.45,2,24.9,3,2024-03-07,9,Thursday,3,10
2020,2024-03-13 08:29:00,Pasta Dental Colgate,Higiene,5.35,2,10.7,6,2024-03-13,8,Wednesday,3,11
2021,2024-03-05 21:49:00,Detergente Ace 850g,Limpieza,11.93,1,11.93,6,2024-03-05,21,Tuesday,3,10
2022,2024-03-16 20:28:00,Aceite Primor 500ml,Abarrotes,5.14,3,15.42,4,2024-03-16,20,Saturday,3,11
2023,2024-06-01 09:02:00,Coca-Cola 500ml,Bebidas,2.54,5,12.7,2,2024-06-01,9,Saturday,6,22
2024,2024-02-14 07:08:00,Sal Marina 1kg,Abarrotes,1.51,2,3.02,5,2024-02-14,7,Wednesday,2,7
2025,2024-08-16 08:44:00,Pañales Huggies T4 x28,Higiene,33.48,3,100.44,6,2024-08-16,8,Friday,8,33
2026,2024-05-25 20:20:00,Sublime 36g,Snacks,1.46,2,2.92,7,2024-05-25,20,Saturday,5,21
2027,2024-04-07 20:21:00,Leche Gloria Entera 1L,Lácteos,4.87,3,14.61,3,2024-04-07,20,Sunday,4,14
2028,2024-04-12 09:16:00,Pañales Huggies T4 x28,Higiene,34.31,3,102.93,6,2024-04-12,9,Friday,4,15
2029,2024-08-02 09:50:00,Agua San Luis 2.5L,Bebidas,3.51,2,7.02,1,2024-08-02,9,Friday,8,31
2030,2024-06-06 20:44:00,Atún Florida 170g,Conservas,3.87,1,3.87,4,2024-06-06,20,Thursday,6,23
2031,2024-02-25 19:17:00,Galletas Oreo 36g,Snacks,1.52,3,4.56,7,2024-02-25,19,Sunday,2,8
2032,2024-03-11 20:38:00,Aceite Primor 500ml,Abarrotes,5.33,4,21.32,4,2024-03-11,20,Monday,3,11
2033,2024-03-10 07:01:00,Harina Blanca Flor 1kg,Abarrotes,3.23,4,12.92,4,2024-03-10,7,Sunday,3,10
2034,2024-03-09 21:06:00,Fideos Lavaggi 500g,Abarrotes,2.46,2,4.92,4,2024-03-09,21,Saturday,3,10
2035,2024-02-26 08:46:00,Sardina Florida 425g,Conservas,4.23,3,12.69,4,2024-02-26,8,Monday,2,9
2036,2024-05-30 21:34:00,Pasta Dental Colgate,Higiene,5.49,2,10.98,6,2024-05-30,21,Thursday,5,22
2037,2024-01-04 21:22:00,Pan de Molde Bimbo 500g,Panadería,6.36,2,12.72,8,2024-01-04,21,Thursday,1,1
2038,2024-02-23 20:43:00,Galletas Soda Field,Snacks,2.76,2,5.52,7,2024-02-23,20,Friday,2,8
2039,2024-06-18 08:40:00,Coca-Cola 500ml,Bebidas,2.51,4,10.04,2,2024-06-18,8,Tuesday,6,25
2040,2024-01-22 09:23:00,Detergente Ariel 850g,Limpieza,12.34,2,24.68,6,2024-01-22,9,Monday,1,4
2041,2024-04-25 06:09:00,Sardina Florida 425g,Conservas,4.22,3,12.66,4,2024-04-25,6,Thursday,4,17
2042,2024-05-24 20:48:00,Detergente Ariel 850g,Limpieza,12.54,2,25.08,6,2024-05-24,20,Friday,5,21
2043,2024-03-01 20:24:00,Galletas Soda Field,Snacks,2.88,3,8.64,7,2024-03-01,20,Friday,3,9
2044,2024-01-25 20:07:00,Leche Gloria Light 1L,Lácteos,4.84,3,14.52,3,2024-01-25,20,Thursday,1,4
2045,2024-07-15 18:35:00,Aceite Primor 1L,Abarrotes,8.82,4,35.28,4,2024-07-15,18,Monday,7,29
2046,2024-04-17 14:20:00,Arroz Costeño 5kg,Abarrotes,17.64,3,52.92,4,2024-04-17,14,Wednesday,4,16
2047,2024-05-08 21:14:00,Sardina Florida 425g,Conservas,4.2,2,8.4,4,2024-05-08,21,Wednesday,5,19
2048,2024-03-14 20:10:00,Pasta Dental Colgate,Higiene,5.47,1,5.47,6,2024-03-14,20,Thursday,3,11
2049,2024-05-16 20:41:00,Inca Kola 500ml,Bebidas,2.53,2,5.06,1,2024-05-16,20,Thursday,5,20
2050,2024-04-08 19:26:00,Leche Gloria Entera 1L,Lácteos,4.71,2,9.42,3,2024-04-08,19,Monday,4,15
2051,2024-06-07 09:39:00,Inca Kola 1.5L,Bebidas,5.66,5,28.3,1,2024-06-07,9,Friday,6,23
2052,2024-07-06 20:20:00,Mantequilla Gloria 100g,Lácteos,4.14,3,12.42,3,2024-07-06,20,Saturday,7,27
2053,2024-06-09 20:23:00,Mantequilla Gloria 100g,Lácteos,4.26,1,4.26,3,2024-06-09,20,Sunday,6,23
2054,2024-05-21 20:54:00,Lejía Clorox 900ml,Limpieza,4.49,1,4.49,6,2024-05-21,20,Tuesday,5,21
2055,2024-02-14 20:20:00,Sal Marina 1kg,Abarrotes,1.48,2,2.96,5,2024-02-14,20,Wednesday,2,7
2056,2024-02-22 20:15:00,Inca Kola 1.5L,Bebidas,5.48,5,27.4,1,2024-02-22,20,Thursday,2,8
2057,2024-07-22 08:32:00,Sal Marina 1kg,Abarrotes,1.53,1,1.53,5,2024-07-22,8,Monday,7,30
2058,2024-08-11 11:15:00,Jabón Bolivar 230g,Limpieza,2.84,2,5.68,6,2024-08-11,11,Sunday,8,32
2059,2024-01-02 19:55:00,Agua San Luis 500ml,Bebidas,1.24,5,6.2,1,2024-01-02,19,Tuesday,1,1
2060,2024-01-19 14:56:00,Lejía Clorox 900ml,Limpieza,4.51,3,13.53,6,2024-01-19,14,Friday,1,3
2061,2024-07-01 08:52:00,Chancay 60g,Panadería,0.49,3,1.47,8,2024-07-01,8,Monday,7,27
2062,2024-07-31 07:23:00,Papel Higiénico Elite x4,Higiene,9.02,2,18.04,6,2024-07-31,7,Wednesday,7,31
2063,2024-06-10 19:50:00,Chifles La Doña 80g,Snacks,1.95,1,1.95,7,2024-06-10,19,Monday,6,24
2064,2024-07-13 09:46:00,Fideos Don Vittorio 500g,Abarrotes,2.78,2,5.56,4,2024-07-13,9,Saturday,7,28
2065,2024-02-06 21:13:00,Jabón Bolivar 230g,Limpieza,2.73,2,5.46,6,2024-02-06,21,Tuesday,2,6
2066,2024-04-27 21:48:00,Agua San Luis 500ml,Bebidas,1.22,2,2.44,1,2024-04-27,21,Saturday,4,17
2067,2024-03-16 16:50:00,Jabón Bolivar 230g,Limpieza,2.83,2,5.66,6,2024-03-16,16,Saturday,3,11
2068,2024-03-11 10:09:00,Mantequilla Gloria 100g,Lácteos,4.15,3,12.45,3,2024-03-11,10,Monday,3,11
2069,2024-08-13 21:45:00,Azúcar Cartavio 1kg,Abarrotes,3.46,3,10.38,5,2024-08-13,21,Tuesday,8,33
2070,2024-05-25 21:45:00,Aceite Primor 1L,Abarrotes,8.99,4,35.96,4,2024-05-25,21,Saturday,5,21
2071,2024-07-09 10:09:00,Yogurt Gloria Fresa 1kg,Lácteos,6.42,3,19.26,3,2024-07-09,10,Tuesday,7,28
2072,2024-03-06 06:54:00,Lejía Clorox 900ml,Limpieza,4.52,1,4.52,6,2024-03-06,6,Wednesday,3,10
2073,2024-05-29 08:46:00,Yogurt Gloria Fresa 1kg,Lácteos,6.6,3,19.8,3,2024-05-29,8,Wednesday,5,22
2074,2024-04-13 20:22:00,Sublime 36g,Snacks,1.47,3,4.41,7,2024-04-13,20,Saturday,4,15
2075,2024-03-21 21:55:00,Chifles La Doña 80g,Snacks,2.02,2,4.04,7,2024-03-21,21,Thursday,3,12
2076,2024-05-03 08:00:00,Sublime 36g,Snacks,1.54,3,4.62,7,2024-05-03,8,Friday,5,18
2077,2024-02-27 20:09:00,Jabón Bolivar 230g,Limpieza,2.82,2,5.64,6,2024-02-27,20,Tuesday,2,9
2078,2024-06-15 08:29:00,Leche Gloria Light 1L,Lácteos,5.02,3,15.06,3,2024-06-15,8,Saturday,6,24
2079,2024-08-03 13:47:00,Inca Kola 500ml,Bebidas,2.48,2,4.96,1,2024-08-03,13,Saturday,8,31
2080,2024-04-12 16:32:00,Coca-Cola 500ml,Bebidas,2.47,1,2.47,2,2024-04-12,16,Friday,4,15
2081,2024-08-04 08:51:00,Chancay 60g,Panadería,0.5,1,0.5,8,2024-08-04,8,Sunday,8,31
2082,2024-03-04 09:11:00,Sublime 36g,Snacks,1.54,3,4.62,7,2024-03-04,9,Monday,3,10
2083,2024-02-28 20:11:00,Sal Marina 1kg,Abarrotes,1.54,1,1.54,5,2024-02-28,20,Wednesday,2,9
2084,2024-05-21 09:12:00,Fideos Lavaggi 500g,Abarrotes,2.56,1,2.56,4,2024-05-21,9,Tuesday,5,21
2085,2024-05-13 20:14:00,Leche Evaporada Gloria,Lácteos,3.22,1,3.22,3,2024-05-13,20,Monday,5,20
2086,2024-05-02 20:20:00,Queso Edam Gloria 250g,Lácteos,12.18,3,36.54,3,2024-05-02,20,Thursday,5,18
2087,2024-01-30 21:12:00,Galletas Oreo 36g,Snacks,1.5,1,1.5,7,2024-01-30,21,Tuesday,1,5
2088,2024-06-02 20:37:00,Arroz Costeño 5kg,Abarrotes,17.88,4,71.52,4,2024-06-02,20,Sunday,6,22
2089,2024-07-03 12:37:00,Leche Gloria Light 1L,Lácteos,4.93,3,14.79,3,2024-07-03,12,Wednesday,7,27
2090,2024-01-01 08:38:00,Pasta Dental Colgate,Higiene,5.5,2,11.0,6,2024-01-01,8,Monday,1,1
2091,2024-03-25 21:41:00,Aceite Primor 500ml,Abarrotes,5.13,3,15.39,4,2024-03-25,21,Monday,3,13
2092,2024-03-04 21:40:00,Chancay 60g,Panadería,0.49,2,0.98,8,2024-03-04,21,Monday,3,10
2093,2024-05-04 09:30:00,Aceite Primor 500ml,Abarrotes,5.09,4,20.36,4,2024-05-04,9,Saturday,5,18
2094,2024-07-13 21:06:00,Agua San Luis 500ml,Bebidas,1.19,4,4.76,1,2024-07-13,21,Saturday,7,28
2095,2024-07-29 07:48:00,Chancay 60g,Panadería,0.49,1,0.49,8,2024-07-29,7,Monday,7,31
2096,2024-03-19 21:06:00,Chifles La Doña 80g,Snacks,1.98,3,5.94,7,2024-03-19,21,Tuesday,3,12
2097,2024-05-26 16:10:00,Arroz Costeño 5kg,Abarrotes,17.78,2,35.56,4,2024-05-26,16,Sunday,5,21
2098,2024-08-06 09:10:00,Aceite Primor 1L,Abarrotes,9.14,3,27.42,4,2024-08-06,9,Tuesday,8,32
2099,2024-06-16 19:49:00,Galletas Oreo 36g,Snacks,1.48,3,4.44,7,2024-06-16,19,Sunday,6,24
2100,2024-04-30 15:23:00,Fideos Don Vittorio 500g,Abarrotes,2.77,2,5.54,4,2024-04-30,15,Tuesday,4,18
2101,2024-07-31 20:19:00,Detergente Ariel 850g,Limpieza,12.55,2,25.1,6,2024-07-31,20,Wednesday,7,31
2102,2024-01-02 18:03:00,Pañales Huggies T3 x30,Higiene,32.21,2,64.42,6,2024-01-02,18,Tuesday,1,1
2103,2024-04-26 06:52:00,Leche Evaporada Gloria,Lácteos,3.14,3,9.42,3,2024-04-26,6,Friday,4,17
2104,2024-03-16 06:20:00,Fideos Don Vittorio 500g,Abarrotes,2.85,4,11.4,4,2024-03-16,6,Saturday,3,11
2105,2024-05-22 12:51:00,Sardina Florida 425g,Conservas,4.23,1,4.23,4,2024-05-22,12,Wednesday,5,21
2106,2024-08-07 07:15:00,Shampoo Head&Shoulders,Higiene,18.31,1,18.31,6,2024-08-07,7,Wednesday,8,32
2107,2024-08-29 21:02:00,Galletas Oreo 36g,Snacks,1.49,3,4.47,7,2024-08-29,21,Thursday,8,35
2108,2024-03-04 09:37:00,Galletas Soda Field,Snacks,2.73,2,5.46,7,2024-03-04,9,Monday,3,10
2109,2024-06-12 21:28:00,Pepsi 500ml,Bebidas,2.25,3,6.75,2,2024-06-12,21,Wednesday,6,24
2110,2024-08-13 16:49:00,Leche Evaporada Gloria,Lácteos,3.18,3,9.54,3,2024-08-13,16,Tuesday,8,33
2111,2024-08-11 08:36:00,Yogurt Gloria Fresa 1kg,Lácteos,6.52,1,6.52,3,2024-08-11,8,Sunday,8,32
2112,2024-03-03 21:35:00,Shampoo Head&Shoulders,Higiene,18.85,3,56.55,6,2024-03-03,21,Sunday,3,9
2113,2024-02-05 08:55:00,Inca Kola 1.5L,Bebidas,5.65,3,16.95,1,2024-02-05,8,Monday,2,6
2114,2024-08-19 12:11:00,Detergente Ace 850g,Limpieza,11.88,2,23.76,6,2024-08-19,12,Monday,8,34
2115,2024-04-02 21:16:00,Pasta Dental Colgate,Higiene,5.58,3,16.74,6,2024-04-02,21,Tuesday,4,14
2116,2024-02-05 08:27:00,Inca Kola 1.5L,Bebidas,5.6,4,22.4,1,2024-02-05,8,Monday,2,6
2117,2024-07-31 21:01:00,Pepsi 500ml,Bebidas,2.29,5,11.45,2,2024-07-31,21,Wednesday,7,31
2118,2024-05-09 16:50:00,Coca-Cola 500ml,Bebidas,2.5,5,12.5,2,2024-05-09,16,Thursday,5,19
2119,2024-03-26 08:36:00,Mantequilla Gloria 100g,Lácteos,4.32,1,4.32,3,2024-03-26,8,Tuesday,3,13
2120,2024-05-16 09:54:00,Leche Gloria Light 1L,Lácteos,4.92,1,4.92,3,2024-05-16,9,Thursday,5,20
2121,2024-06-05 12:48:00,Pasta Dental Colgate,Higiene,5.59,1,5.59,6,2024-06-05,12,Wednesday,6,23
2122,2024-07-28 08:56:00,Pañales Huggies T4 x28,Higiene,33.29,3,99.87,6,2024-07-28,8,Sunday,7,30
2123,2024-01-19 09:21:00,Jabón Bolivar 230g,Limpieza,2.8,2,5.6,6,2024-01-19,9,Friday,1,3
2124,2024-08-15 09:18:00,Pañales Huggies T4 x28,Higiene,34.25,1,34.25,6,2024-08-15,9,Thursday,8,33
2125,2024-01-05 08:27:00,Lejía Clorox 900ml,Limpieza,4.43,1,4.43,6,2024-01-05,8,Friday,1,1
2126,2024-05-29 16:34:00,Azúcar Cartavio 1kg,Abarrotes,3.53,4,14.12,5,2024-05-29,16,Wednesday,5,22
2127,2024-07-16 17:57:00,Arroz Costeño 1kg,Abarrotes,3.72,5,18.6,4,2024-07-16,17,Tuesday,7,29
2128,2024-02-22 20:01:00,Yogurt Gloria Fresa 1kg,Lácteos,6.54,3,19.62,3,2024-02-22,20,Thursday,2,8
2129,2024-07-18 08:04:00,Coca-Cola 500ml,Bebidas,2.56,3,7.68,2,2024-07-18,8,Thursday,7,29
2130,2024-06-17 08:10:00,Azúcar Cartavio 1kg,Abarrotes,3.6,4,14.4,5,2024-06-17,8,Monday,6,25
2131,2024-08-27 17:01:00,Azúcar Cartavio 1kg,Abarrotes,3.58,2,7.16,5,2024-08-27,17,Tuesday,8,35
2132,2024-02-01 18:01:00,Shampoo Head&Shoulders,Higiene,18.91,2,37.82,6,2024-02-01,18,Thursday,2,5
2133,2024-04-07 08:25:00,Arroz Costeño 5kg,Abarrotes,17.19,2,34.38,4,2024-04-07,8,Sunday,4,14
2134,2024-05-31 08:11:00,Lejía Clorox 900ml,Limpieza,4.61,3,13.83,6,2024-05-31,8,Friday,5,22
2135,2024-02-01 07:07:00,Sublime 36g,Snacks,1.52,2,3.04,7,2024-02-01,7,Thursday,2,5
2136,2024-07-10 19:12:00,Detergente Ariel 850g,Limpieza,12.86,1,12.86,6,2024-07-10,19,Wednesday,7,28
2137,2024-04-02 20:29:00,Chifles La Doña 80g,Snacks,1.94,1,1.94,7,2024-04-02,20,Tuesday,4,14
2138,2024-04-12 09:22:00,Pañales Huggies T3 x30,Higiene,33.37,2,66.74,6,2024-04-12,9,Friday,4,15
2139,2024-04-21 15:14:00,Agua San Luis 500ml,Bebidas,1.21,1,1.21,1,2024-04-21,15,Sunday,4,16
2140,2024-08-12 21:46:00,Lejía Clorox 900ml,Limpieza,4.61,3,13.83,6,2024-08-12,21,Monday,8,33
2141,2024-02-06 11:36:00,Coca-Cola 500ml,Bebidas,2.44,1,2.44,2,2024-02-06,11,Tuesday,2,6
2142,2024-02-05 07:03:00,Yogurt Gloria Fresa 1kg,Lácteos,6.62,3,19.86,3,2024-02-05,7,Monday,2,6
2143,2024-04-05 11:26:00,Harina Blanca Flor 1kg,Abarrotes,3.14,2,6.28,4,2024-04-05,11,Friday,4,14
2144,2024-02-08 11:23:00,Sublime 36g,Snacks,1.53,1,1.53,7,2024-02-08,11,Thursday,2,6
2145,2024-05-07 08:40:00,Inca Kola 1.5L,Bebidas,5.63,3,16.89,1,2024-05-07,8,Tuesday,5,19
2146,2024-06-08 20:21:00,Fideos Don Vittorio 500g,Abarrotes,2.87,1,2.87,4,2024-06-08,20,Saturday,6,23
2147,2024-07-07 19:02:00,Coca-Cola 500ml,Bebidas,2.48,5,12.4,2,2024-07-07,19,Sunday,7,27
2148,2024-02-13 07:22:00,Sublime 36g,Snacks,1.46,1,1.46,7,2024-02-13,7,Tuesday,2,7
2149,2024-01-29 20:26:00,Agua San Luis 500ml,Bebidas,1.2,5,6.0,1,2024-01-29,20,Monday,1,5
2150,2024-03-20 21:08:00,Inca Kola 500ml,Bebidas,2.52,3,7.56,1,2024-03-20,21,Wednesday,3,12
2151,2024-06-06 09:30:00,Detergente Ace 850g,Limpieza,12.08,2,24.16,6,2024-06-06,9,Thursday,6,23
2152,2024-02-20 09:08:00,Mantequilla Gloria 100g,Lácteos,4.13,1,4.13,3,2024-02-20,9,Tuesday,2,8
2153,2024-07-09 08:18:00,Agua San Luis 2.5L,Bebidas,3.42,5,17.1,1,2024-07-09,8,Tuesday,7,28
2154,2024-03-05 09:19:00,Azúcar Cartavio 1kg,Abarrotes,3.54,3,10.62,5,2024-03-05,9,Tuesday,3,10
2155,2024-06-20 14:48:00,Pasta Dental Colgate,Higiene,5.44,1,5.44,6,2024-06-20,14,Thursday,6,25
2156,2024-06-18 09:59:00,Detergente Ace 850g,Limpieza,12.08,1,12.08,6,2024-06-18,9,Tuesday,6,25
2157,2024-06-10 07:11:00,Lejía Clorox 900ml,Limpieza,4.4,1,4.4,6,2024-06-10,7,Monday,6,24
2158,2024-08-01 11:25:00,Coca-Cola 500ml,Bebidas,2.43,3,7.29,2,2024-08-01,11,Thursday,8,31
2159,2024-05-03 12:40:00,Galletas Oreo 36g,Snacks,1.49,3,4.47,7,2024-05-03,12,Friday,5,18
2160,2024-04-26 20:07:00,Arroz Costeño 5kg,Abarrotes,17.66,3,52.98,4,2024-04-26,20,Friday,4,17
2161,2024-08-24 20:16:00,Chifles La Doña 80g,Snacks,2.04,2,4.08,7,2024-08-24,20,Saturday,8,34
2162,2024-07-16 20:42:00,Galletas Soda Field,Snacks,2.84,2,5.68,7,2024-07-16,20,Tuesday,7,29
2163,2024-01-17 19:41:00,Fideos Don Vittorio 500g,Abarrotes,2.88,1,2.88,4,2024-01-17,19,Wednesday,1,3
2164,2024-01-25 08:53:00,Leche Evaporada Gloria,Lácteos,3.13,1,3.13,3,2024-01-25,8,Thursday,1,4
2165,2024-02-02 15:28:00,Harina Blanca Flor 1kg,Abarrotes,3.21,4,12.84,4,2024-02-02,15,Friday,2,5
2166,2024-08-09 11:25:00,Agua San Luis 2.5L,Bebidas,3.44,5,17.2,1,2024-08-09,11,Friday,8,32
2167,2024-07-17 09:47:00,Azúcar Cartavio 1kg,Abarrotes,3.51,3,10.53,5,2024-07-17,9,Wednesday,7,29
2168,2024-05-24 07:51:00,Yogurt Gloria Fresa 1kg,Lácteos,6.45,3,19.35,3,2024-05-24,7,Friday,5,21
2169,2024-06-26 11:23:00,Azúcar Cartavio 1kg,Abarrotes,3.42,2,6.84,5,2024-06-26,11,Wednesday,6,26
2170,2024-06-11 13:53:00,Aceite Primor 1L,Abarrotes,8.92,2,17.84,4,2024-06-11,13,Tuesday,6,24
2171,2024-08-07 07:25:00,Pañales Huggies T4 x28,Higiene,33.78,2,67.56,6,2024-08-07,7,Wednesday,8,32
2172,2024-04-17 20:20:00,Sublime 36g,Snacks,1.52,1,1.52,7,2024-04-17,20,Wednesday,4,16
2173,2024-01-01 09:35:00,Atún Florida 170g,Conservas,3.86,3,11.58,4,2024-01-01,9,Monday,1,1
2174,2024-01-16 10:09:00,Agua San Luis 500ml,Bebidas,1.22,4,4.88,1,2024-01-16,10,Tuesday,1,3
2175,2024-04-10 19:25:00,Sal Marina 1kg,Abarrotes,1.47,5,7.35,5,2024-04-10,19,Wednesday,4,15
2176,2024-01-19 08:08:00,Detergente Ariel 850g,Limpieza,12.22,2,24.44,6,2024-01-19,8,Friday,1,3
2177,2024-08-29 12:28:00,Queso Edam Gloria 250g,Lácteos,12.63,1,12.63,3,2024-08-29,12,Thursday,8,35
2178,2024-01-03 15:33:00,Sardina Florida 425g,Conservas,4.27,1,4.27,4,2024-01-03,15,Wednesday,1,1
2179,2024-02-29 15:52:00,Galletas Oreo 36g,Snacks,1.5,1,1.5,7,2024-02-29,15,Thursday,2,9
2180,2024-02-09 09:21:00,Pasta Dental Colgate,Higiene,5.65,2,11.3,6,2024-02-09,9,Friday,2,6
2181,2024-04-07 14:07:00,Coca-Cola 500ml,Bebidas,2.49,4,9.96,2,2024-04-07,14,Sunday,4,14
2182,2024-08-12 21:48:00,Aceite Primor 1L,Abarrotes,8.75,3,26.25,4,2024-08-12,21,Monday,8,33
2183,2024-01-23 17:15:00,Leche Gloria Entera 1L,Lácteos,4.8,3,14.4,3,2024-01-23,17,Tuesday,1,4
2184,2024-04-17 07:55:00,Pañales Huggies T4 x28,Higiene,34.7,2,69.4,6,2024-04-17,7,Wednesday,4,16
2185,2024-08-19 09:21:00,Fideos Lavaggi 500g,Abarrotes,2.53,4,10.12,4,2024-08-19,9,Monday,8,34
2186,2024-04-01 07:45:00,Fideos Don Vittorio 500g,Abarrotes,2.76,4,11.04,4,2024-04-01,7,Monday,4,14
2187,2024-02-26 14:06:00,Galletas Soda Field,Snacks,2.8,3,8.4,7,2024-02-26,14,Monday,2,9
2188,2024-04-06 18:02:00,Mantequilla Gloria 100g,Lácteos,4.1,3,12.3,3,2024-04-06,18,Saturday,4,14
2189,2024-05-27 07:23:00,Leche Gloria Entera 1L,Lácteos,4.85,3,14.55,3,2024-05-27,7,Monday,5,22
2190,2024-07-27 20:22:00,Pañales Huggies T3 x30,Higiene,33.06,3,99.18,6,2024-07-27,20,Saturday,7,30
2191,2024-05-26 07:25:00,Pasta Dental Colgate,Higiene,5.58,3,16.74,6,2024-05-26,7,Sunday,5,21
2192,2024-06-20 12:36:00,Pañales Huggies T4 x28,Higiene,33.03,1,33.03,6,2024-06-20,12,Thursday,6,25
2193,2024-01-26 08:51:00,Jabón Bolivar 230g,Limpieza,2.84,1,2.84,6,2024-01-26,8,Friday,1,4
2194,2024-04-01 17:22:00,Fideos Don Vittorio 500g,Abarrotes,2.76,2,5.52,4,2024-04-01,17,Monday,4,14
2195,2024-03-24 21:49:00,Pepsi 500ml,Bebidas,2.26,2,4.52,2,2024-03-24,21,Sunday,3,12
2196,2024-06-14 21:48:00,Pan de Molde Bimbo 500g,Panadería,6.61,2,13.22,8,2024-06-14,21,Friday,6,24
2197,2024-08-04 20:21:00,Aceite Primor 500ml,Abarrotes,5.24,3,15.72,4,2024-08-04,20,Sunday,8,31
2198,2024-03-22 09:58:00,Azúcar Cartavio 1kg,Abarrotes,3.53,1,3.53,5,2024-03-22,9,Friday,3,12
2199,2024-06-08 20:48:00,Sardina Florida 425g,Conservas,4.12,2,8.24,4,2024-06-08,20,Saturday,6,23
2200,2024-03-30 21:57:00,Galletas Soda Field,Snacks,2.84,2,5.68,7,2024-03-30,21,Saturday,3,13
2201,2024-03-23 07:37:00,Aceite Primor 1L,Abarrotes,9.12,3,27.36,4,2024-03-23,7,Saturday,3,12
2202,2024-03-16 11:25:00,Pan de Molde Bimbo 500g,Panadería,6.58,3,19.74,8,2024-03-16,11,Saturday,3,11
2203,2024-01-24 09:58:00,Arroz Costeño 1kg,Abarrotes,3.88,4,15.52,4,2024-01-24,9,Wednesday,1,4
2204,2024-07-02 21:25:00,Yogurt Gloria Fresa 1kg,Lácteos,6.66,1,6.66,3,2024-07-02,21,Tuesday,7,27
2205,2024-08-04 15:39:00,Leche Gloria Entera 1L,Lácteos,4.94,3,14.82,3,2024-08-04,15,Sunday,8,31
2206,2024-02-27 20:15:00,Sardina Florida 425g,Conservas,4.11,3,12.33,4,2024-02-27,20,Tuesday,2,9
2207,2024-01-07 20:15:00,Fideos Lavaggi 500g,Abarrotes,2.49,2,4.98,4,2024-01-07,20,Sunday,1,1
2208,2024-02-07 07:01:00,Arroz Costeño 5kg,Abarrotes,17.48,5,87.4,4,2024-02-07,7,Wednesday,2,6
2209,2024-04-16 12:26:00,Shampoo Head&Shoulders,Higiene,18.89,1,18.89,6,2024-04-16,12,Tuesday,4,16
2210,2024-04-12 18:47:00,Queso Edam Gloria 250g,Lácteos,12.66,2,25.32,3,2024-04-12,18,Friday,4,15
2211,2024-07-24 19:23:00,Detergente Ace 850g,Limpieza,12.19,2,24.38,6,2024-07-24,19,Wednesday,7,30
2212,2024-03-22 20:44:00,Sal Marina 1kg,Abarrotes,1.48,2,2.96,5,2024-03-22,20,Friday,3,12
2213,2024-07-22 20:06:00,Sal Marina 1kg,Abarrotes,1.52,5,7.6,5,2024-07-22,20,Monday,7,30
2214,2024-03-21 09:14:00,Chancay 60g,Panadería,0.5,3,1.5,8,2024-03-21,9,Thursday,3,12
2215,2024-07-29 20:17:00,Pan de Molde Bimbo 500g,Panadería,6.63,3,19.89,8,2024-07-29,20,Monday,7,31
2216,2024-06-07 21:04:00,Pasta Dental Colgate,Higiene,5.34,1,5.34,6,2024-06-07,21,Friday,6,23
2217,2024-05-23 17:30:00,Shampoo Head&Shoulders,Higiene,18.11,3,54.33,6,2024-05-23,17,Thursday,5,21
2218,2024-01-17 14:36:00,Detergente Ariel 850g,Limpieza,12.84,2,25.68,6,2024-01-17,14,Wednesday,1,3
2219,2024-07-01 19:45:00,Inca Kola 1.5L,Bebidas,5.66,2,11.32,1,2024-07-01,19,Monday,7,27
2220,2024-06-18 21:21:00,Arroz Costeño 5kg,Abarrotes,17.57,2,35.14,4,2024-06-18,21,Tuesday,6,25
2221,2024-08-30 21:55:00,Chifles La Doña 80g,Snacks,2.06,1,2.06,7,2024-08-30,21,Friday,8,35
2222,2024-07-01 09:49:00,Pepsi 500ml,Bebidas,2.32,1,2.32,2,2024-07-01,9,Monday,7,27
2223,2024-04-15 12:15:00,Sublime 36g,Snacks,1.52,3,4.56,7,2024-04-15,12,Monday,4,16
2224,2024-08-01 09:59:00,Aceite Primor 500ml,Abarrotes,5.27,4,21.08,4,2024-08-01,9,Thursday,8,31
2225,2024-01-23 08:36:00,Jabón Bolivar 230g,Limpieza,2.88,3,8.64,6,2024-01-23,8,Tuesday,1,4
2226,2024-07-25 21:08:00,Lejía Clorox 900ml,Limpieza,4.41,2,8.82,6,2024-07-25,21,Thursday,7,30
2227,2024-03-31 08:56:00,Atún Florida 170g,Conservas,3.9,2,7.8,4,2024-03-31,8,Sunday,3,13
2228,2024-03-07 20:22:00,Aceite Primor 500ml,Abarrotes,5.15,1,5.15,4,2024-03-07,20,Thursday,3,10
2229,2024-05-14 09:03:00,Leche Gloria Entera 1L,Lácteos,4.67,3,14.01,3,2024-05-14,9,Tuesday,5,20
2230,2024-01-25 09:00:00,Detergente Ace 850g,Limpieza,11.78,1,11.78,6,2024-01-25,9,Thursday,1,4
2231,2024-01-08 17:54:00,Atún Florida 170g,Conservas,4.01,1,4.01,4,2024-01-08,17,Monday,1,2
2232,2024-06-11 11:34:00,Arroz Costeño 1kg,Abarrotes,3.91,2,7.82,4,2024-06-11,11,Tuesday,6,24
2233,2024-08-11 10:38:00,Leche Gloria Entera 1L,Lácteos,4.82,2,9.64,3,2024-08-11,10,Sunday,8,32
2234,2024-06-29 11:32:00,Shampoo Head&Shoulders,Higiene,18.85,1,18.85,6,2024-06-29,11,Saturday,6,26
2235,2024-01-08 09:51:00,Shampoo Head&Shoulders,Higiene,18.98,2,37.96,6,2024-01-08,9,Monday,1,2
2236,2024-03-30 11:57:00,Leche Gloria Entera 1L,Lácteos,4.8,1,4.8,3,2024-03-30,11,Saturday,3,13
2237,2024-06-05 20:59:00,Yogurt Gloria Fresa 1kg,Lácteos,6.52,3,19.56,3,2024-06-05,20,Wednesday,6,23
2238,2024-07-19 20:42:00,Lejía Clorox 900ml,Limpieza,4.38,3,13.14,6,2024-07-19,20,Friday,7,29
2239,2024-04-03 08:12:00,Sal Marina 1kg,Abarrotes,1.46,4,5.84,5,2024-04-03,8,Wednesday,4,14
2240,2024-08-22 21:51:00,Pepsi 500ml,Bebidas,2.24,5,11.2,2,2024-08-22,21,Thursday,8,34
2241,2024-01-24 16:58:00,Sublime 36g,Snacks,1.51,3,4.53,7,2024-01-24,16,Wednesday,1,4
2242,2024-05-13 20:18:00,Chancay 60g,Panadería,0.49,2,0.98,8,2024-05-13,20,Monday,5,20
2243,2024-03-15 19:25:00,Arroz Costeño 1kg,Abarrotes,3.77,4,15.08,4,2024-03-15,19,Friday,3,11
2244,2024-01-07 21:35:00,Galletas Soda Field,Snacks,2.82,2,5.64,7,2024-01-07,21,Sunday,1,1
2245,2024-05-07 15:49:00,Atún Florida 170g,Conservas,3.95,3,11.85,4,2024-05-07,15,Tuesday,5,19
2246,2024-07-31 07:19:00,Sublime 36g,Snacks,1.52,3,4.56,7,2024-07-31,7,Wednesday,7,31
2247,2024-05-18 08:47:00,Mantequilla Gloria 100g,Lácteos,4.21,1,4.21,3,2024-05-18,8,Saturday,5,20
2248,2024-03-18 21:34:00,Pepsi 500ml,Bebidas,2.34,1,2.34,2,2024-03-18,21,Monday,3,12
2249,2024-07-08 20:32:00,Pañales Huggies T4 x28,Higiene,34.37,2,68.74,6,2024-07-08,20,Monday,7,28
2250,2024-08-21 08:11:00,Coca-Cola 500ml,Bebidas,2.53,2,5.06,2,2024-08-21,8,Wednesday,8,34
2251,2024-07-01 07:36:00,Agua San Luis 500ml,Bebidas,1.17,5,5.85,1,2024-07-01,7,Monday,7,27
2252,2024-02-22 09:59:00,Lejía Clorox 900ml,Limpieza,4.37,2,8.74,6,2024-02-22,9,Thursday,2,8
2253,2024-06-17 16:11:00,Sal Marina 1kg,Abarrotes,1.53,4,6.12,5,2024-06-17,16,Monday,6,25
2254,2024-08-22 07:09:00,Detergente Ace 850g,Limpieza,11.97,1,11.97,6,2024-08-22,7,Thursday,8,34
2255,2024-08-13 15:13:00,Fideos Don Vittorio 500g,Abarrotes,2.78,3,8.34,4,2024-08-13,15,Tuesday,8,33
2256,2024-04-16 18:17:00,Inca Kola 500ml,Bebidas,2.55,2,5.1,1,2024-04-16,18,Tuesday,4,16
2257,2024-03-05 18:02:00,Galletas Soda Field,Snacks,2.84,3,8.52,7,2024-03-05,18,Tuesday,3,10
2258,2024-06-18 08:40:00,Leche Evaporada Gloria,Lácteos,3.13,1,3.13,3,2024-06-18,8,Tuesday,6,25
2259,2024-01-18 08:10:00,Galletas Soda Field,Snacks,2.76,3,8.28,7,2024-01-18,8,Thursday,1,3
2260,2024-03-13 21:54:00,Papel Higiénico Elite x4,Higiene,8.77,3,26.31,6,2024-03-13,21,Wednesday,3,11
2261,2024-04-11 12:05:00,Leche Gloria Light 1L,Lácteos,5.0,3,15.0,3,2024-04-11,12,Thursday,4,15
2262,2024-02-02 20:30:00,Arroz Costeño 1kg,Abarrotes,3.71,4,14.84,4,2024-02-02,20,Friday,2,5
2263,2024-01-10 11:05:00,Azúcar Cartavio 1kg,Abarrotes,3.45,1,3.45,5,2024-01-10,11,Wednesday,1,2
2264,2024-04-22 20:38:00,Detergente Ace 850g,Limpieza,12.02,1,12.02,6,2024-04-22,20,Monday,4,17
2265,2024-07-15 12:46:00,Chifles La Doña 80g,Snacks,1.95,2,3.9,7,2024-07-15,12,Monday,7,29
2266,2024-08-30 08:58:00,Inca Kola 500ml,Bebidas,2.48,2,4.96,1,2024-08-30,8,Friday,8,35
2267,2024-08-18 18:24:00,Arroz Costeño 1kg,Abarrotes,3.9,2,7.8,4,2024-08-18,18,Sunday,8,33
2268,2024-01-17 09:12:00,Chifles La Doña 80g,Snacks,2.02,2,4.04,7,2024-01-17,9,Wednesday,1,3
2269,2024-01-07 08:53:00,Shampoo Head&Shoulders,Higiene,18.61,1,18.61,6,2024-01-07,8,Sunday,1,1
2270,2024-05-22 09:20:00,Harina Blanca Flor 1kg,Abarrotes,3.13,1,3.13,4,2024-05-22,9,Wednesday,5,21
2271,2024-04-14 20:39:00,Agua San Luis 500ml,Bebidas,1.22,2,2.44,1,2024-04-14,20,Sunday,4,15
2272,2024-04-04 07:43:00,Sardina Florida 425g,Conservas,4.08,1,4.08,4,2024-04-04,7,Thursday,4,14
2273,2024-05-24 08:49:00,Inca Kola 500ml,Bebidas,2.44,5,12.2,1,2024-05-24,8,Friday,5,21
2274,2024-07-14 08:01:00,Azúcar Cartavio 1kg,Abarrotes,3.59,4,14.36,5,2024-07-14,8,Sunday,7,28
2275,2024-03-13 18:28:00,Lejía Clorox 900ml,Limpieza,4.43,3,13.29,6,2024-03-13,18,Wednesday,3,11
2276,2024-06-05 09:29:00,Galletas Soda Field,Snacks,2.87,2,5.74,7,2024-06-05,9,Wednesday,6,23
2277,2024-04-26 21:14:00,Yogurt Gloria Fresa 1kg,Lácteos,6.42,1,6.42,3,2024-04-26,21,Friday,4,17
2278,2024-04-09 11:23:00,Aceite Primor 500ml,Abarrotes,5.18,1,5.18,4,2024-04-09,11,Tuesday,4,15
2279,2024-02-06 08:45:00,Atún Florida 170g,Conservas,3.98,3,11.94,4,2024-02-06,8,Tuesday,2,6
2280,2024-02-02 17:13:00,Papel Higiénico Elite x4,Higiene,8.86,2,17.72,6,2024-02-02,17,Friday,2,5
2281,2024-04-27 20:24:00,Pañales Huggies T3 x30,Higiene,32.23,2,64.46,6,2024-04-27,20,Saturday,4,17
2282,2024-06-19 20:15:00,Sardina Florida 425g,Conservas,4.25,1,4.25,4,2024-06-19,20,Wednesday,6,25
2283,2024-02-19 17:57:00,Mantequilla Gloria 100g,Lácteos,4.21,2,8.42,3,2024-02-19,17,Monday,2,8
2284,2024-04-05 12:25:00,Pañales Huggies T3 x30,Higiene,32.44,1,32.44,6,2024-04-05,12,Friday,4,14
2285,2024-06-15 21:03:00,Chancay 60g,Panadería,0.49,1,0.49,8,2024-06-15,21,Saturday,6,24
2286,2024-08-15 08:59:00,Pan de Molde Bimbo 500g,Panadería,6.47,3,19.41,8,2024-08-15,8,Thursday,8,33
2287,2024-01-07 18:36:00,Shampoo Head&Shoulders,Higiene,18.14,3,54.42,6,2024-01-07,18,Sunday,1,1
2288,2024-07-15 08:36:00,Mantequilla Gloria 100g,Lácteos,4.11,1,4.11,3,2024-07-15,8,Monday,7,29
2289,2024-04-29 09:08:00,Sardina Florida 425g,Conservas,4.15,2,8.3,4,2024-04-29,9,Monday,4,18
2290,2024-07-07 07:43:00,Sublime 36g,Snacks,1.53,1,1.53,7,2024-07-07,7,Sunday,7,27
2291,2024-01-06 07:21:00,Agua San Luis 2.5L,Bebidas,3.46,1,3.46,1,2024-01-06,7,Saturday,1,1
2292,2024-02-21 12:19:00,Detergente Ariel 850g,Limpieza,12.4,1,12.4,6,2024-02-21,12,Wednesday,2,8
2293,2024-05-29 20:30:00,Sardina Florida 425g,Conservas,4.25,2,8.5,4,2024-05-29,20,Wednesday,5,22
2294,2024-03-18 09:10:00,Harina Blanca Flor 1kg,Abarrotes,3.14,2,6.28,4,2024-03-18,9,Monday,3,12
2295,2024-05-16 19:10:00,Leche Gloria Light 1L,Lácteos,4.92,3,14.76,3,2024-05-16,19,Thursday,5,20
2296,2024-06-28 13:07:00,Galletas Oreo 36g,Snacks,1.54,3,4.62,7,2024-06-28,13,Friday,6,26
2297,2024-01-25 10:56:00,Shampoo Head&Shoulders,Higiene,18.47,2,36.94,6,2024-01-25,10,Thursday,1,4
2298,2024-02-13 17:59:00,Galletas Oreo 36g,Snacks,1.51,2,3.02,7,2024-02-13,17,Tuesday,2,7
2299,2024-04-24 21:42:00,Aceite Primor 500ml,Abarrotes,5.15,5,25.75,4,2024-04-24,21,Wednesday,4,17
2300,2024-01-22 08:11:00,Jabón Bolivar 230g,Limpieza,2.82,1,2.82,6,2024-01-22,8,Monday,1,4
2301,2024-08-22 09:12:00,Papel Higiénico Elite x4,Higiene,8.8,3,26.4,6,2024-08-22,9,Thursday,8,34
2302,2024-03-31 21:01:00,Agua San Luis 2.5L,Bebidas,3.58,5,17.9,1,2024-03-31,21,Sunday,3,13
2303,2024-02-13 21:12:00,Pañales Huggies T3 x30,Higiene,32.07,3,96.21,6,2024-02-13,21,Tuesday,2,7
2304,2024-08-19 21:20:00,Sublime 36g,Snacks,1.46,1,1.46,7,2024-08-19,21,Monday,8,34
2305,2024-06-28 21:27:00,Sal Marina 1kg,Abarrotes,1.46,3,4.38,5,2024-06-28,21,Friday,6,26
2306,2024-06-17 09:02:00,Pasta Dental Colgate,Higiene,5.62,1,5.62,6,2024-06-17,9,Monday,6,25
2307,2024-07-07 15:24:00,Inca Kola 500ml,Bebidas,2.56,2,5.12,1,2024-07-07,15,Sunday,7,27
2308,2024-04-09 09:17:00,Lejía Clorox 900ml,Limpieza,4.47,3,13.41,6,2024-04-09,9,Tuesday,4,15
2309,2024-07-24 21:26:00,Detergente Ace 850g,Limpieza,11.79,3,35.37,6,2024-07-24,21,Wednesday,7,30
2310,2024-07-03 07:31:00,Detergente Ariel 850g,Limpieza,12.33,2,24.66,6,2024-07-03,7,Wednesday,7,27
2311,2024-08-23 16:55:00,Shampoo Head&Shoulders,Higiene,18.94,3,56.82,6,2024-08-23,16,Friday,8,34
2312,2024-07-26 07:15:00,Inca Kola 1.5L,Bebidas,5.39,1,5.39,1,2024-07-26,7,Friday,7,30
2313,2024-02-09 13:49:00,Agua San Luis 500ml,Bebidas,1.23,1,1.23,1,2024-02-09,13,Friday,2,6
2314,2024-07-04 08:55:00,Inca Kola 500ml,Bebidas,2.44,5,12.2,1,2024-07-04,8,Thursday,7,27
2315,2024-06-09 20:40:00,Queso Edam Gloria 250g,Lácteos,12.71,2,25.42,3,2024-06-09,20,Sunday,6,23
2316,2024-06-05 09:08:00,Leche Gloria Entera 1L,Lácteos,4.92,1,4.92,3,2024-06-05,9,Wednesday,6,23
2317,2024-02-17 07:00:00,Agua San Luis 2.5L,Bebidas,3.56,4,14.24,1,2024-02-17,7,Saturday,2,7
2318,2024-02-23 07:24:00,Azúcar Cartavio 1kg,Abarrotes,3.53,3,10.59,5,2024-02-23,7,Friday,2,8
2319,2024-05-01 21:38:00,Arroz Costeño 1kg,Abarrotes,3.79,2,7.58,4,2024-05-01,21,Wednesday,5,18
2320,2024-08-09 20:11:00,Queso Edam Gloria 250g,Lácteos,12.13,3,36.39,3,2024-08-09,20,Friday,8,32
2321,2024-02-20 09:36:00,Aceite Primor 500ml,Abarrotes,5.26,2,10.52,4,2024-02-20,9,Tuesday,2,8
2322,2024-02-18 08:48:00,Agua San Luis 500ml,Bebidas,1.18,2,2.36,1,2024-02-18,8,Sunday,2,7
2323,2024-03-16 15:13:00,Queso Edam Gloria 250g,Lácteos,12.31,2,24.62,3,2024-03-16,15,Saturday,3,11
2324,2024-07-07 07:41:00,Detergente Ariel 850g,Limpieza,12.31,3,36.93,6,2024-07-07,7,Sunday,7,27
2325,2024-01-17 08:22:00,Aceite Primor 1L,Abarrotes,8.96,1,8.96,4,2024-01-17,8,Wednesday,1,3
2326,2024-01-21 20:00:00,Pañales Huggies T4 x28,Higiene,34.36,3,103.08,6,2024-01-21,20,Sunday,1,3
2327,2024-05-30 17:44:00,Sardina Florida 425g,Conservas,4.23,3,12.69,4,2024-05-30,17,Thursday,5,22
2328,2024-05-25 08:28:00,Agua San Luis 500ml,Bebidas,1.22,3,3.66,1,2024-05-25,8,Saturday,5,21
2329,2024-04-04 21:20:00,Galletas Oreo 36g,Snacks,1.54,3,4.62,7,2024-04-04,21,Thursday,4,14
2330,2024-02-28 07:44:00,Arroz Costeño 1kg,Abarrotes,3.78,3,11.34,4,2024-02-28,7,Wednesday,2,9
2331,2024-03-24 18:29:00,Pasta Dental Colgate,Higiene,5.48,2,10.96,6,2024-03-24,18,Sunday,3,12
2332,2024-07-07 19:01:00,Yogurt Gloria Fresa 1kg,Lácteos,6.61,1,6.61,3,2024-07-07,19,Sunday,7,27
2333,2024-08-10 18:23:00,Lejía Clorox 900ml,Limpieza,4.48,1,4.48,6,2024-08-10,18,Saturday,8,32
2334,2024-02-08 11:13:00,Aceite Primor 500ml,Abarrotes,5.05,1,5.05,4,2024-02-08,11,Thursday,2,6
2335,2024-02-08 07:01:00,Galletas Oreo 36g,Snacks,1.49,2,2.98,7,2024-02-08,7,Thursday,2,6
2336,2024-07-31 14:14:00,Atún Florida 170g,Conservas,3.9,1,3.9,4,2024-07-31,14,Wednesday,7,31
2337,2024-04-20 20:31:00,Galletas Soda Field,Snacks,2.73,3,8.19,7,2024-04-20,20,Saturday,4,16
2338,2024-01-18 21:38:00,Leche Gloria Entera 1L,Lácteos,4.7,2,9.4,3,2024-01-18,21,Thursday,1,3
2339,2024-08-29 20:26:00,Sublime 36g,Snacks,1.46,2,2.92,7,2024-08-29,20,Thursday,8,35
2340,2024-06-10 09:19:00,Atún Florida 170g,Conservas,3.93,3,11.79,4,2024-06-10,9,Monday,6,24
2341,2024-06-02 08:21:00,Leche Gloria Light 1L,Lácteos,4.86,3,14.58,3,2024-06-02,8,Sunday,6,22
2342,2024-04-04 21:04:00,Leche Evaporada Gloria,Lácteos,3.19,1,3.19,3,2024-04-04,21,Thursday,4,14
2343,2024-03-04 08:44:00,Pañales Huggies T3 x30,Higiene,33.3,1,33.3,6,2024-03-04,8,Monday,3,10
2344,2024-06-11 21:50:00,Sardina Florida 425g,Conservas,4.21,2,8.42,4,2024-06-11,21,Tuesday,6,24
2345,2024-07-22 20:57:00,Mantequilla Gloria 100g,Lácteos,4.32,1,4.32,3,2024-07-22,20,Monday,7,30
2346,2024-08-21 09:39:00,Mantequilla Gloria 100g,Lácteos,4.28,1,4.28,3,2024-08-21,9,Wednesday,8,34
2347,2024-05-05 06:20:00,Sal Marina 1kg,Abarrotes,1.53,5,7.65,5,2024-05-05,6,Sunday,5,18
2348,2024-07-11 08:05:00,Lejía Clorox 900ml,Limpieza,4.5,3,13.5,6,2024-07-11,8,Thursday,7,28
2349,2024-01-18 20:50:00,Fideos Lavaggi 500g,Abarrotes,2.53,3,7.59,4,2024-01-18,20,Thursday,1,3
2350,2024-08-05 21:15:00,Detergente Ace 850g,Limpieza,12.0,1,12.0,6,2024-08-05,21,Monday,8,32
2351,2024-04-01 21:35:00,Sardina Florida 425g,Conservas,4.27,1,4.27,4,2024-04-01,21,Monday,4,14
2352,2024-05-04 12:52:00,Sardina Florida 425g,Conservas,4.12,3,12.36,4,2024-05-04,12,Saturday,5,18
2353,2024-03-16 12:33:00,Leche Gloria Light 1L,Lácteos,4.84,3,14.52,3,2024-03-16,12,Saturday,3,11
2354,2024-04-18 06:19:00,Lejía Clorox 900ml,Limpieza,4.42,2,8.84,6,2024-04-18,6,Thursday,4,16
2355,2024-01-07 09:48:00,Harina Blanca Flor 1kg,Abarrotes,3.12,4,12.48,4,2024-01-07,9,Sunday,1,1
2356,2024-07-17 10:28:00,Pasta Dental Colgate,Higiene,5.46,3,16.38,6,2024-07-17,10,Wednesday,7,29
2357,2024-06-01 21:06:00,Aceite Primor 1L,Abarrotes,8.88,3,26.64,4,2024-06-01,21,Saturday,6,22
2358,2024-06-29 15:10:00,Arroz Costeño 1kg,Abarrotes,3.72,5,18.6,4,2024-06-29,15,Saturday,6,26
2359,2024-02-01 08:35:00,Inca Kola 1.5L,Bebidas,5.46,4,21.84,1,2024-02-01,8,Thursday,2,5
2360,2024-07-31 06:40:00,Sardina Florida 425g,Conservas,4.24,2,8.48,4,2024-07-31,6,Wednesday,7,31
2361,2024-02-15 20:41:00,Papel Higiénico Elite x4,Higiene,8.81,2,17.62,6,2024-02-15,20,Thursday,2,7
2362,2024-01-11 07:46:00,Mantequilla Gloria 100g,Lácteos,4.25,3,12.75,3,2024-01-11,7,Thursday,1,2
2363,2024-01-17 10:09:00,Galletas Soda Field,Snacks,2.8,1,2.8,7,2024-01-17,10,Wednesday,1,3
2364,2024-01-24 17:21:00,Sal Marina 1kg,Abarrotes,1.49,1,1.49,5,2024-01-24,17,Wednesday,1,4
2365,2024-05-06 20:33:00,Agua San Luis 500ml,Bebidas,1.21,4,4.84,1,2024-05-06,20,Monday,5,19
2366,2024-06-26 07:52:00,Papel Higiénico Elite x4,Higiene,8.87,1,8.87,6,2024-06-26,7,Wednesday,6,26
2367,2024-07-14 14:14:00,Leche Gloria Light 1L,Lácteos,4.77,1,4.77,3,2024-07-14,14,Sunday,7,28
2368,2024-01-07 09:14:00,Pan de Molde Bimbo 500g,Panadería,6.32,2,12.64,8,2024-01-07,9,Sunday,1,1
2369,2024-07-13 07:55:00,Azúcar Cartavio 1kg,Abarrotes,3.5,2,7.0,5,2024-07-13,7,Saturday,7,28
2370,2024-04-09 18:01:00,Sardina Florida 425g,Conservas,4.27,3,12.81,4,2024-04-09,18,Tuesday,4,15
2371,2024-01-07 19:35:00,Galletas Soda Field,Snacks,2.72,1,2.72,7,2024-01-07,19,Sunday,1,1
2372,2024-01-10 09:31:00,Queso Edam Gloria 250g,Lácteos,12.39,1,12.39,3,2024-01-10,9,Wednesday,1,2
2373,2024-05-28 11:25:00,Agua San Luis 2.5L,Bebidas,3.43,2,6.86,1,2024-05-28,11,Tuesday,5,22
2374,2024-08-22 15:17:00,Inca Kola 500ml,Bebidas,2.48,5,12.4,1,2024-08-22,15,Thursday,8,34
2375,2024-02-10 14:21:00,Lejía Clorox 900ml,Limpieza,4.45,1,4.45,6,2024-02-10,14,Saturday,2,6
2376,2024-04-10 08:28:00,Fideos Don Vittorio 500g,Abarrotes,2.79,1,2.79,4,2024-04-10,8,Wednesday,4,15
2377,2024-07-16 20:07:00,Chifles La Doña 80g,Snacks,1.99,1,1.99,7,2024-07-16,20,Tuesday,7,29
2378,2024-07-09 12:12:00,Leche Gloria Entera 1L,Lácteos,4.87,3,14.61,3,2024-07-09,12,Tuesday,7,28
2379,2024-08-01 12:56:00,Atún Florida 170g,Conservas,3.97,3,11.91,4,2024-08-01,12,Thursday,8,31
2380,2024-04-28 09:14:00,Detergente Ace 850g,Limpieza,12.18,3,36.54,6,2024-04-28,9,Sunday,4,17
2381,2024-02-25 21:00:00,Fideos Don Vittorio 500g,Abarrotes,2.86,2,5.72,4,2024-02-25,21,Sunday,2,8
2382,2024-02-22 21:46:00,Jabón Bolivar 230g,Limpieza,2.79,2,5.58,6,2024-02-22,21,Thursday,2,8
2383,2024-06-03 21:30:00,Papel Higiénico Elite x4,Higiene,8.95,3,26.85,6,2024-06-03,21,Monday,6,23
2384,2024-01-20 06:54:00,Sal Marina 1kg,Abarrotes,1.51,1,1.51,5,2024-01-20,6,Saturday,1,3
2385,2024-08-30 07:19:00,Inca Kola 500ml,Bebidas,2.48,4,9.92,1,2024-08-30,7,Friday,8,35
2386,2024-02-10 08:13:00,Mantequilla Gloria 100g,Lácteos,4.12,3,12.36,3,2024-02-10,8,Saturday,2,6
2387,2024-07-08 08:17:00,Pañales Huggies T4 x28,Higiene,34.31,2,68.62,6,2024-07-08,8,Monday,7,28
2388,2024-07-16 07:19:00,Atún Florida 170g,Conservas,3.84,1,3.84,4,2024-07-16,7,Tuesday,7,29
2389,2024-01-31 06:56:00,Arroz Costeño 5kg,Abarrotes,17.16,4,68.64,4,2024-01-31,6,Wednesday,1,5
2390,2024-01-23 20:55:00,Leche Gloria Light 1L,Lácteos,4.96,3,14.88,3,2024-01-23,20,Tuesday,1,4
2391,2024-03-10 09:30:00,Fideos Lavaggi 500g,Abarrotes,2.53,1,2.53,4,2024-03-10,9,Sunday,3,10
2392,2024-02-25 09:24:00,Yogurt Gloria Fresa 1kg,Lácteos,6.32,1,6.32,3,2024-02-25,9,Sunday,2,8
2393,2024-07-31 20:00:00,Pañales Huggies T4 x28,Higiene,34.81,3,104.43,6,2024-07-31,20,Wednesday,7,31
2394,2024-07-16 15:46:00,Agua San Luis 500ml,Bebidas,1.18,4,4.72,1,2024-07-16,15,Tuesday,7,29
2395,2024-01-07 12:15:00,Fideos Lavaggi 500g,Abarrotes,2.55,4,10.2,4,2024-01-07,12,Sunday,1,1
2396,2024-08-11 19:35:00,Coca-Cola 500ml,Bebidas,2.54,4,10.16,2,2024-08-11,19,Sunday,8,32
2397,2024-03-14 21:29:00,Pepsi 500ml,Bebidas,2.31,4,9.24,2,2024-03-14,21,Thursday,3,11
2398,2024-06-17 10:20:00,Detergente Ace 850g,Limpieza,12.0,3,36.0,6,2024-06-17,10,Monday,6,25
2399,2024-02-14 17:29:00,Pañales Huggies T3 x30,Higiene,33.02,2,66.04,6,2024-02-14,17,Wednesday,2,7
2400,2024-07-27 21:43:00,Yogurt Gloria Fresa 1kg,Lácteos,6.46,3,19.38,3,2024-07-27,21,Saturday,7,30
2401,2024-01-23 10:21:00,Pañales Huggies T4 x28,Higiene,34.3,2,68.6,6,2024-01-23,10,Tuesday,1,4
2402,2024-07-11 20:56:00,Shampoo Head&Shoulders,Higiene,18.33,1,18.33,6,2024-07-11,20,Thursday,7,28
2403,2024-06-02 20:54:00,Yogurt Gloria Fresa 1kg,Lácteos,6.36,3,19.08,3,2024-06-02,20,Sunday,6,22
2404,2024-07-30 08:52:00,Arroz Costeño 5kg,Abarrotes,17.9,4,71.6,4,2024-07-30,8,Tuesday,7,31
2405,2024-05-19 07:36:00,Chifles La Doña 80g,Snacks,1.97,1,1.97,7,2024-05-19,7,Sunday,5,20
2406,2024-06-19 13:43:00,Pan de Molde Bimbo 500g,Panadería,6.61,3,19.83,8,2024-06-19,13,Wednesday,6,25
2407,2024-01-30 21:35:00,Galletas Soda Field,Snacks,2.8,2,5.6,7,2024-01-30,21,Tuesday,1,5
2408,2024-02-26 19:44:00,Papel Higiénico Elite x4,Higiene,8.75,1,8.75,6,2024-02-26,19,Monday,2,9
2409,2024-02-09 12:45:00,Pasta Dental Colgate,Higiene,5.63,1,5.63,6,2024-02-09,12,Friday,2,6
2410,2024-07-23 07:58:00,Chifles La Doña 80g,Snacks,2.02,1,2.02,7,2024-07-23,7,Tuesday,7,30
2411,2024-03-02 15:52:00,Atún Florida 170g,Conservas,3.91,1,3.91,4,2024-03-02,15,Saturday,3,9
2412,2024-08-31 06:01:00,Leche Gloria Entera 1L,Lácteos,4.74,1,4.74,3,2024-08-31,6,Saturday,8,35
2413,2024-02-17 08:04:00,Arroz Costeño 5kg,Abarrotes,17.45,3,52.35,4,2024-02-17,8,Saturday,2,7
2414,2024-04-18 18:00:00,Leche Gloria Light 1L,Lácteos,4.93,3,14.79,3,2024-04-18,18,Thursday,4,16
2415,2024-04-09 21:27:00,Jabón Bolivar 230g,Limpieza,2.82,3,8.46,6,2024-04-09,21,Tuesday,4,15
2416,2024-06-11 07:43:00,Galletas Oreo 36g,Snacks,1.54,2,3.08,7,2024-06-11,7,Tuesday,6,24
2417,2024-03-22 21:44:00,Galletas Soda Field,Snacks,2.86,2,5.72,7,2024-03-22,21,Friday,3,12
2418,2024-07-11 20:27:00,Lejía Clorox 900ml,Limpieza,4.52,3,13.56,6,2024-07-11,20,Thursday,7,28
2419,2024-08-30 21:01:00,Detergente Ariel 850g,Limpieza,12.15,2,24.3,6,2024-08-30,21,Friday,8,35
2420,2024-07-13 21:16:00,Galletas Soda Field,Snacks,2.73,3,8.19,7,2024-07-13,21,Saturday,7,28
2421,2024-07-04 09:29:00,Sal Marina 1kg,Abarrotes,1.52,4,6.08,5,2024-07-04,9,Thursday,7,27
2422,2024-06-03 07:20:00,Sal Marina 1kg,Abarrotes,1.5,3,4.5,5,2024-06-03,7,Monday,6,23
2423,2024-02-25 09:00:00,Shampoo Head&Shoulders,Higiene,18.09,3,54.27,6,2024-02-25,9,Sunday,2,8
2424,2024-08-27 20:32:00,Inca Kola 1.5L,Bebidas,5.49,2,10.98,1,2024-08-27,20,Tuesday,8,35
2425,2024-04-09 07:16:00,Mantequilla Gloria 100g,Lácteos,4.1,3,12.3,3,2024-04-09,7,Tuesday,4,15
2426,2024-05-05 08:18:00,Sublime 36g,Snacks,1.46,1,1.46,7,2024-05-05,8,Sunday,5,18
2427,2024-04-19 07:53:00,Jabón Bolivar 230g,Limpieza,2.75,1,2.75,6,2024-04-19,7,Friday,4,16
2428,2024-03-04 09:51:00,Galletas Soda Field,Snacks,2.87,3,8.61,7,2024-03-04,9,Monday,3,10
2429,2024-01-12 20:21:00,Lejía Clorox 900ml,Limpieza,4.52,3,13.56,6,2024-01-12,20,Friday,1,2
2430,2024-02-28 09:06:00,Galletas Soda Field,Snacks,2.74,1,2.74,7,2024-02-28,9,Wednesday,2,9
2431,2024-01-07 21:50:00,Mantequilla Gloria 100g,Lácteos,4.18,3,12.54,3,2024-01-07,21,Sunday,1,1
2432,2024-08-17 09:26:00,Sublime 36g,Snacks,1.46,2,2.92,7,2024-08-17,9,Saturday,8,33
2433,2024-05-22 08:04:00,Pañales Huggies T4 x28,Higiene,33.52,1,33.52,6,2024-05-22,8,Wednesday,5,21
2434,2024-05-01 20:58:00,Detergente Ariel 850g,Limpieza,12.22,1,12.22,6,2024-05-01,20,Wednesday,5,18
2435,2024-01-23 12:28:00,Aceite Primor 1L,Abarrotes,8.83,5,44.15,4,2024-01-23,12,Tuesday,1,4
2436,2024-05-02 09:11:00,Fideos Don Vittorio 500g,Abarrotes,2.79,5,13.95,4,2024-05-02,9,Thursday,5,18
2437,2024-01-11 07:19:00,Pan de Molde Bimbo 500g,Panadería,6.6,1,6.6,8,2024-01-11,7,Thursday,1,2
2438,2024-01-03 20:07:00,Papel Higiénico Elite x4,Higiene,8.99,3,26.97,6,2024-01-03,20,Wednesday,1,1
2439,2024-05-15 07:20:00,Queso Edam Gloria 250g,Lácteos,12.77,1,12.77,3,2024-05-15,7,Wednesday,5,20
2440,2024-02-18 21:30:00,Arroz Costeño 5kg,Abarrotes,17.08,2,34.16,4,2024-02-18,21,Sunday,2,7
2441,2024-05-21 08:09:00,Lejía Clorox 900ml,Limpieza,4.4,3,13.2,6,2024-05-21,8,Tuesday,5,21
2442,2024-02-07 08:30:00,Chifles La Doña 80g,Snacks,2.06,3,6.18,7,2024-02-07,8,Wednesday,2,6
2443,2024-05-24 09:48:00,Agua San Luis 500ml,Bebidas,1.22,4,4.88,1,2024-05-24,9,Friday,5,21
2444,2024-08-28 08:26:00,Detergente Ace 850g,Limpieza,12.08,1,12.08,6,2024-08-28,8,Wednesday,8,35
2445,2024-08-10 21:01:00,Coca-Cola 500ml,Bebidas,2.53,2,5.06,2,2024-08-10,21,Saturday,8,32
2446,2024-04-10 20:47:00,Detergente Ace 850g,Limpieza,11.89,1,11.89,6,2024-04-10,20,Wednesday,4,15
2447,2024-08-15 20:15:00,Chifles La Doña 80g,Snacks,2.0,3,6.0,7,2024-08-15,20,Thursday,8,33
2448,2024-07-16 09:01:00,Galletas Soda Field,Snacks,2.73,2,5.46,7,2024-07-16,9,Tuesday,7,29
2449,2024-06-29 10:49:00,Agua San Luis 2.5L,Bebidas,3.47,1,3.47,1,2024-06-29,10,Saturday,6,26
2450,2024-03-12 21:19:00,Papel Higiénico Elite x4,Higiene,8.96,3,26.88,6,2024-03-12,21,Tuesday,3,11
2451,2024-08-06 21:24:00,Atún Florida 170g,Conservas,3.92,3,11.76,4,2024-08-06,21,Tuesday,8,32
2452,2024-08-24 10:30:00,Pan de Molde Bimbo 500g,Panadería,6.34,2,12.68,8,2024-08-24,10,Saturday,8,34
2453,2024-03-28 20:16:00,Galletas Soda Field,Snacks,2.76,3,8.28,7,2024-03-28,20,Thursday,3,13
2454,2024-08-11 09:14:00,Fideos Lavaggi 500g,Abarrotes,2.56,3,7.68,4,2024-08-11,9,Sunday,8,32
2455,2024-08-20 07:22:00,Sardina Florida 425g,Conservas,4.12,2,8.24,4,2024-08-20,7,Tuesday,8,34
2456,2024-05-12 14:16:00,Jabón Bolivar 230g,Limpieza,2.79,3,8.37,6,2024-05-12,14,Sunday,5,19
2457,2024-07-15 10:51:00,Arroz Costeño 1kg,Abarrotes,3.73,3,11.19,4,2024-07-15,10,Monday,7,29
2458,2024-07-01 21:13:00,Detergente Ace 850g,Limpieza,11.96,2,23.92,6,2024-07-01,21,Monday,7,27
2459,2024-01-31 15:40:00,Aceite Primor 500ml,Abarrotes,5.11,2,10.22,4,2024-01-31,15,Wednesday,1,5
2460,2024-02-16 21:23:00,Jabón Bolivar 230g,Limpieza,2.78,1,2.78,6,2024-02-16,21,Friday,2,7
2461,2024-08-26 16:09:00,Fideos Lavaggi 500g,Abarrotes,2.52,3,7.56,4,2024-08-26,16,Monday,8,35
2462,2024-02-01 18:00:00,Fideos Don Vittorio 500g,Abarrotes,2.75,1,2.75,4,2024-02-01,18,Thursday,2,5
2463,2024-08-25 21:32:00,Fideos Don Vittorio 500g,Abarrotes,2.79,5,13.95,4,2024-08-25,21,Sunday,8,34
2464,2024-01-14 21:38:00,Fideos Lavaggi 500g,Abarrotes,2.5,1,2.5,4,2024-01-14,21,Sunday,1,2
2465,2024-03-21 07:07:00,Lejía Clorox 900ml,Limpieza,4.57,2,9.14,6,2024-03-21,7,Thursday,3,12
2466,2024-01-11 14:06:00,Pepsi 500ml,Bebidas,2.3,5,11.5,2,2024-01-11,14,Thursday,1,2
2467,2024-07-19 09:43:00,Leche Evaporada Gloria,Lácteos,3.14,2,6.28,3,2024-07-19,9,Friday,7,29
2468,2024-01-16 08:39:00,Mantequilla Gloria 100g,Lácteos,4.14,3,12.42,3,2024-01-16,8,Tuesday,1,3
2469,2024-03-02 09:38:00,Pañales Huggies T4 x28,Higiene,34.51,3,103.53,6,2024-03-02,9,Saturday,3,9
2470,2024-03-31 10:01:00,Pan de Molde Bimbo 500g,Panadería,6.53,3,19.59,8,2024-03-31,10,Sunday,3,13
2471,2024-02-13 18:13:00,Azúcar Cartavio 1kg,Abarrotes,3.52,5,17.6,5,2024-02-13,18,Tuesday,2,7
2472,2024-01-24 14:51:00,Aceite Primor 1L,Abarrotes,8.7,4,34.8,4,2024-01-24,14,Wednesday,1,4
2473,2024-08-04 20:29:00,Sal Marina 1kg,Abarrotes,1.47,5,7.35,5,2024-08-04,20,Sunday,8,31
2474,2024-08-22 07:00:00,Aceite Primor 500ml,Abarrotes,5.25,2,10.5,4,2024-08-22,7,Thursday,8,34
2475,2024-05-28 18:28:00,Pañales Huggies T4 x28,Higiene,33.45,1,33.45,6,2024-05-28,18,Tuesday,5,22
2476,2024-04-14 20:09:00,Agua San Luis 2.5L,Bebidas,3.57,4,14.28,1,2024-04-14,20,Sunday,4,15
2477,2024-01-06 21:13:00,Lejía Clorox 900ml,Limpieza,4.5,3,13.5,6,2024-01-06,21,Saturday,1,1
2478,2024-03-28 21:32:00,Sublime 36g,Snacks,1.49,3,4.47,7,2024-03-28,21,Thursday,3,13
2479,2024-06-04 07:45:00,Shampoo Head&Shoulders,Higiene,18.61,1,18.61,6,2024-06-04,7,Tuesday,6,23
2480,2024-02-13 12:13:00,Lejía Clorox 900ml,Limpieza,4.46,2,8.92,6,2024-02-13,12,Tuesday,2,7
2481,2024-03-04 13:24:00,Fideos Lavaggi 500g,Abarrotes,2.56,5,12.8,4,2024-03-04,13,Monday,3,10
2482,2024-06-24 13:41:00,Inca Kola 1.5L,Bebidas,5.48,1,5.48,1,2024-06-24,13,Monday,6,26
2483,2024-04-09 17:24:00,Inca Kola 1.5L,Bebidas,5.5,1,5.5,1,2024-04-09,17,Tuesday,4,15
2484,2024-08-20 21:16:00,Shampoo Head&Shoulders,Higiene,18.2,2,36.4,6,2024-08-20,21,Tuesday,8,34
2485,2024-08-21 21:10:00,Detergente Ace 850g,Limpieza,11.7,1,11.7,6,2024-08-21,21,Wednesday,8,34
2486,2024-06-14 20:54:00,Queso Edam Gloria 250g,Lácteos,12.86,1,12.86,3,2024-06-14,20,Friday,6,24
2487,2024-01-13 08:45:00,Detergente Ace 850g,Limpieza,11.61,1,11.61,6,2024-01-13,8,Saturday,1,2
2488,2024-01-13 09:59:00,Pan de Molde Bimbo 500g,Panadería,6.48,2,12.96,8,2024-01-13,9,Saturday,1,2
2489,2024-02-06 14:55:00,Harina Blanca Flor 1kg,Abarrotes,3.15,2,6.3,4,2024-02-06,14,Tuesday,2,6
2490,2024-02-12 20:55:00,Atún Florida 170g,Conservas,3.93,1,3.93,4,2024-02-12,20,Monday,2,7
2491,2024-06-16 11:18:00,Mantequilla Gloria 100g,Lácteos,4.19,3,12.57,3,2024-06-16,11,Sunday,6,24
2492,2024-08-17 07:51:00,Pañales Huggies T4 x28,Higiene,34.21,1,34.21,6,2024-08-17,7,Saturday,8,33
2493,2024-01-18 14:52:00,Agua San Luis 500ml,Bebidas,1.2,2,2.4,1,2024-01-18,14,Thursday,1,3
2494,2024-05-21 11:09:00,Pasta Dental Colgate,Higiene,5.64,3,16.92,6,2024-05-21,11,Tuesday,5,21
2495,2024-07-20 07:49:00,Sal Marina 1kg,Abarrotes,1.5,3,4.5,5,2024-07-20,7,Saturday,7,29
2496,2024-05-08 20:25:00,Inca Kola 1.5L,Bebidas,5.39,2,10.78,1,2024-05-08,20,Wednesday,5,19
2497,2024-02-09 13:55:00,Galletas Oreo 36g,Snacks,1.53,3,4.59,7,2024-02-09,13,Friday,2,6
2498,2024-07-19 07:29:00,Mantequilla Gloria 100g,Lácteos,4.25,1,4.25,3,2024-07-19,7,Friday,7,29
2499,2024-02-11 07:04:00,Sal Marina 1kg,Abarrotes,1.47,4,5.88,5,2024-02-11,7,Sunday,2,6
2500,2024-04-27 21:43:00,Harina Blanca Flor 1kg,Abarrotes,3.21,4,12.84,4,2024-04-27,21,Saturday,4,17
2501,2024-08-15 21:50:00,Papel Higiénico Elite x4,Higiene,8.94,3,26.82,6,2024-08-15,21,Thursday,8,33
2502,2024-07-11 08:10:00,Papel Higiénico Elite x4,Higiene,9.09,3,27.27,6,2024-07-11,8,Thursday,7,28
2503,2024-07-25 07:38:00,Leche Evaporada Gloria,Lácteos,3.27,2,6.54,3,2024-07-25,7,Thursday,7,30
2504,2024-06-03 18:24:00,Leche Gloria Light 1L,Lácteos,4.86,2,9.72,3,2024-06-03,18,Monday,6,23
2505,2024-05-04 07:13:00,Sardina Florida 425g,Conservas,4.27,2,8.54,4,2024-05-04,7,Saturday,5,18
2506,2024-04-25 10:41:00,Yogurt Gloria Fresa 1kg,Lácteos,6.46,2,12.92,3,2024-04-25,10,Thursday,4,17
2507,2024-01-05 20:16:00,Yogurt Gloria Fresa 1kg,Lácteos,6.46,2,12.92,3,2024-01-05,20,Friday,1,1
2508,2024-04-05 20:08:00,Pasta Dental Colgate,Higiene,5.65,2,11.3,6,2024-04-05,20,Friday,4,14
2509,2024-08-30 09:59:00,Sal Marina 1kg,Abarrotes,1.48,1,1.48,5,2024-08-30,9,Friday,8,35
2510,2024-03-30 21:56:00,Pepsi 500ml,Bebidas,2.24,4,8.96,2,2024-03-30,21,Saturday,3,13
2511,2024-03-31 21:02:00,Harina Blanca Flor 1kg,Abarrotes,3.12,4,12.48,4,2024-03-31,21,Sunday,3,13
2512,2024-02-19 20:00:00,Jabón Bolivar 230g,Limpieza,2.74,1,2.74,6,2024-02-19,20,Monday,2,8
2513,2024-03-10 09:13:00,Pan de Molde Bimbo 500g,Panadería,6.51,3,19.53,8,2024-03-10,9,Sunday,3,10
2514,2024-04-24 21:22:00,Inca Kola 1.5L,Bebidas,5.44,5,27.2,1,2024-04-24,21,Wednesday,4,17
2515,2024-01-14 09:56:00,Detergente Ace 850g,Limpieza,12.08,2,24.16,6,2024-01-14,9,Sunday,1,2
2516,2024-07-14 20:09:00,Pañales Huggies T4 x28,Higiene,33.65,2,67.3,6,2024-07-14,20,Sunday,7,28
2517,2024-07-06 14:09:00,Shampoo Head&Shoulders,Higiene,18.79,1,18.79,6,2024-07-06,14,Saturday,7,27
2518,2024-01-24 14:25:00,Arroz Costeño 1kg,Abarrotes,3.7,2,7.4,4,2024-01-24,14,Wednesday,1,4
2519,2024-01-04 12:26:00,Atún Florida 170g,Conservas,3.83,3,11.49,4,2024-01-04,12,Thursday,1,1
2520,2024-04-19 21:58:00,Yogurt Gloria Fresa 1kg,Lácteos,6.31,1,6.31,3,2024-04-19,21,Friday,4,16
2521,2024-02-11 14:46:00,Agua San Luis 500ml,Bebidas,1.22,4,4.88,1,2024-02-11,14,Sunday,2,6
2522,2024-04-29 11:59:00,Azúcar Cartavio 1kg,Abarrotes,3.42,4,13.68,5,2024-04-29,11,Monday,4,18
2523,2024-07-26 17:54:00,Pasta Dental Colgate,Higiene,5.65,2,11.3,6,2024-07-26,17,Friday,7,30
2524,2024-05-27 16:40:00,Fideos Don Vittorio 500g,Abarrotes,2.8,3,8.4,4,2024-05-27,16,Monday,5,22
2525,2024-05-13 13:14:00,Queso Edam Gloria 250g,Lácteos,12.45,1,12.45,3,2024-05-13,13,Monday,5,20
2526,2024-03-25 15:31:00,Fideos Lavaggi 500g,Abarrotes,2.43,4,9.72,4,2024-03-25,15,Monday,3,13
2527,2024-03-17 14:06:00,Queso Edam Gloria 250g,Lácteos,12.54,1,12.54,3,2024-03-17,14,Sunday,3,11
2528,2024-08-13 20:57:00,Azúcar Cartavio 1kg,Abarrotes,3.59,2,7.18,5,2024-08-13,20,Tuesday,8,33
2529,2024-05-09 21:26:00,Chancay 60g,Panadería,0.49,3,1.47,8,2024-05-09,21,Thursday,5,19
2530,2024-03-03 08:59:00,Agua San Luis 2.5L,Bebidas,3.56,1,3.56,1,2024-03-03,8,Sunday,3,9
2531,2024-04-21 21:09:00,Pepsi 500ml,Bebidas,2.3,4,9.2,2,2024-04-21,21,Sunday,4,16
2532,2024-03-26 09:19:00,Inca Kola 1.5L,Bebidas,5.5,2,11.0,1,2024-03-26,9,Tuesday,3,13
2533,2024-08-25 12:25:00,Galletas Soda Field,Snacks,2.86,2,5.72,7,2024-08-25,12,Sunday,8,34
2534,2024-03-03 11:21:00,Harina Blanca Flor 1kg,Abarrotes,3.22,2,6.44,4,2024-03-03,11,Sunday,3,9
2535,2024-04-06 09:05:00,Queso Edam Gloria 250g,Lácteos,12.72,1,12.72,3,2024-04-06,9,Saturday,4,14
2536,2024-02-08 21:57:00,Inca Kola 500ml,Bebidas,2.57,1,2.57,1,2024-02-08,21,Thursday,2,6
2537,2024-01-14 07:02:00,Yogurt Gloria Fresa 1kg,Lácteos,6.42,1,6.42,3,2024-01-14,7,Sunday,1,2
2538,2024-06-22 17:42:00,Detergente Ace 850g,Limpieza,11.61,3,34.83,6,2024-06-22,17,Saturday,6,25
2539,2024-08-16 20:02:00,Aceite Primor 1L,Abarrotes,8.68,5,43.4,4,2024-08-16,20,Friday,8,33
2540,2024-06-06 07:50:00,Coca-Cola 500ml,Bebidas,2.56,2,5.12,2,2024-06-06,7,Thursday,6,23
2541,2024-01-28 08:39:00,Galletas Soda Field,Snacks,2.73,3,8.19,7,2024-01-28,8,Sunday,1,4
2542,2024-02-05 09:54:00,Harina Blanca Flor 1kg,Abarrotes,3.13,3,9.39,4,2024-02-05,9,Monday,2,6
2543,2024-01-25 20:44:00,Chifles La Doña 80g,Snacks,1.94,2,3.88,7,2024-01-25,20,Thursday,1,4
2544,2024-06-19 08:51:00,Jabón Bolivar 230g,Limpieza,2.78,2,5.56,6,2024-06-19,8,Wednesday,6,25
2545,2024-03-19 09:52:00,Chifles La Doña 80g,Snacks,1.99,2,3.98,7,2024-03-19,9,Tuesday,3,12
2546,2024-07-22 15:42:00,Sal Marina 1kg,Abarrotes,1.47,3,4.41,5,2024-07-22,15,Monday,7,30
2547,2024-02-08 07:05:00,Pasta Dental Colgate,Higiene,5.53,1,5.53,6,2024-02-08,7,Thursday,2,6
2548,2024-02-07 08:08:00,Leche Gloria Light 1L,Lácteos,4.97,1,4.97,3,2024-02-07,8,Wednesday,2,6
2549,2024-07-16 21:37:00,Harina Blanca Flor 1kg,Abarrotes,3.24,2,6.48,4,2024-07-16,21,Tuesday,7,29
2550,2024-04-14 09:42:00,Pañales Huggies T4 x28,Higiene,34.11,3,102.33,6,2024-04-14,9,Sunday,4,15
2551,2024-03-18 12:57:00,Queso Edam Gloria 250g,Lácteos,12.62,2,25.24,3,2024-03-18,12,Monday,3,12
2552,2024-02-10 21:04:00,Detergente Ace 850g,Limpieza,11.57,1,11.57,6,2024-02-10,21,Saturday,2,6
2553,2024-04-09 08:29:00,Fideos Don Vittorio 500g,Abarrotes,2.85,4,11.4,4,2024-04-09,8,Tuesday,4,15
2554,2024-04-25 08:47:00,Sardina Florida 425g,Conservas,4.18,3,12.54,4,2024-04-25,8,Thursday,4,17
2555,2024-08-22 11:00:00,Sardina Florida 425g,Conservas,4.31,1,4.31,4,2024-08-22,11,Thursday,8,34
2556,2024-01-24 21:09:00,Pañales Huggies T3 x30,Higiene,33.25,1,33.25,6,2024-01-24,21,Wednesday,1,4
2557,2024-05-11 14:58:00,Sal Marina 1kg,Abarrotes,1.52,2,3.04,5,2024-05-11,14,Saturday,5,19
2558,2024-01-10 17:45:00,Pañales Huggies T3 x30,Higiene,33.09,2,66.18,6,2024-01-10,17,Wednesday,1,2
2559,2024-03-27 08:49:00,Detergente Ace 850g,Limpieza,11.69,3,35.07,6,2024-03-27,8,Wednesday,3,13
2560,2024-03-26 14:33:00,Yogurt Gloria Fresa 1kg,Lácteos,6.65,2,13.3,3,2024-03-26,14,Tuesday,3,13
2561,2024-06-05 12:27:00,Queso Edam Gloria 250g,Lácteos,12.73,3,38.19,3,2024-06-05,12,Wednesday,6,23
2562,2024-07-03 15:34:00,Pasta Dental Colgate,Higiene,5.35,2,10.7,6,2024-07-03,15,Wednesday,7,27
2563,2024-01-05 20:30:00,Jabón Bolivar 230g,Limpieza,2.87,2,5.74,6,2024-01-05,20,Friday,1,1
2564,2024-02-29 13:28:00,Mantequilla Gloria 100g,Lácteos,4.15,2,8.3,3,2024-02-29,13,Thursday,2,9
2565,2024-07-28 09:16:00,Coca-Cola 500ml,Bebidas,2.46,4,9.84,2,2024-07-28,9,Sunday,7,30
2566,2024-02-28 08:15:00,Sublime 36g,Snacks,1.46,2,2.92,7,2024-02-28,8,Wednesday,2,9
2567,2024-01-20 14:34:00,Pepsi 500ml,Bebidas,2.36,5,11.8,2,2024-01-20,14,Saturday,1,3
2568,2024-05-08 15:49:00,Inca Kola 1.5L,Bebidas,5.55,5,27.75,1,2024-05-08,15,Wednesday,5,19
2569,2024-05-28 09:35:00,Galletas Soda Field,Snacks,2.85,2,5.7,7,2024-05-28,9,Tuesday,5,22
2570,2024-08-24 16:11:00,Sal Marina 1kg,Abarrotes,1.51,5,7.55,5,2024-08-24,16,Saturday,8,34
2571,2024-06-24 21:41:00,Inca Kola 500ml,Bebidas,2.57,2,5.14,1,2024-06-24,21,Monday,6,26
2572,2024-01-26 09:46:00,Inca Kola 1.5L,Bebidas,5.39,3,16.17,1,2024-01-26,9,Friday,1,4
2573,2024-06-20 07:57:00,Harina Blanca Flor 1kg,Abarrotes,3.14,4,12.56,4,2024-06-20,7,Thursday,6,25
2574,2024-04-02 08:19:00,Aceite Primor 1L,Abarrotes,9.0,5,45.0,4,2024-04-02,8,Tuesday,4,14
2575,2024-01-20 09:54:00,Agua San Luis 500ml,Bebidas,1.23,1,1.23,1,2024-01-20,9,Saturday,1,3
2576,2024-07-18 14:11:00,Agua San Luis 500ml,Bebidas,1.22,1,1.22,1,2024-07-18,14,Thursday,7,29
2577,2024-02-01 21:32:00,Jabón Bolivar 230g,Limpieza,2.8,1,2.8,6,2024-02-01,21,Thursday,2,5
2578,2024-07-20 07:22:00,Fideos Lavaggi 500g,Abarrotes,2.48,2,4.96,4,2024-07-20,7,Saturday,7,29
2579,2024-05-19 06:58:00,Arroz Costeño 1kg,Abarrotes,3.87,5,19.35,4,2024-05-19,6,Sunday,5,20
2580,2024-01-17 08:10:00,Agua San Luis 2.5L,Bebidas,3.57,5,17.85,1,2024-01-17,8,Wednesday,1,3
2581,2024-02-19 21:01:00,Chancay 60g,Panadería,0.51,2,1.02,8,2024-02-19,21,Monday,2,8
2582,2024-01-27 18:13:00,Pañales Huggies T4 x28,Higiene,33.37,1,33.37,6,2024-01-27,18,Saturday,1,4
2583,2024-07-17 08:47:00,Galletas Oreo 36g,Snacks,1.53,1,1.53,7,2024-07-17,8,Wednesday,7,29
2584,2024-05-22 18:20:00,Galletas Soda Field,Snacks,2.78,3,8.34,7,2024-05-22,18,Wednesday,5,21
2585,2024-01-10 20:36:00,Coca-Cola 500ml,Bebidas,2.43,3,7.29,2,2024-01-10,20,Wednesday,1,2
2586,2024-06-15 20:20:00,Detergente Ace 850g,Limpieza,11.6,2,23.2,6,2024-06-15,20,Saturday,6,24
2587,2024-06-01 20:37:00,Leche Gloria Entera 1L,Lácteos,4.79,1,4.79,3,2024-06-01,20,Saturday,6,22
2588,2024-05-21 16:07:00,Pan de Molde Bimbo 500g,Panadería,6.62,3,19.86,8,2024-05-21,16,Tuesday,5,21
2589,2024-03-03 21:18:00,Sardina Florida 425g,Conservas,4.29,1,4.29,4,2024-03-03,21,Sunday,3,9
2590,2024-08-28 20:44:00,Pepsi 500ml,Bebidas,2.34,3,7.02,2,2024-08-28,20,Wednesday,8,35
2591,2024-03-12 21:04:00,Yogurt Gloria Fresa 1kg,Lácteos,6.45,3,19.35,3,2024-03-12,21,Tuesday,3,11
2592,2024-03-19 19:01:00,Galletas Soda Field,Snacks,2.88,1,2.88,7,2024-03-19,19,Tuesday,3,12
2593,2024-02-17 10:59:00,Sardina Florida 425g,Conservas,4.23,3,12.69,4,2024-02-17,10,Saturday,2,7
2594,2024-04-02 08:49:00,Leche Gloria Entera 1L,Lácteos,4.75,2,9.5,3,2024-04-02,8,Tuesday,4,14
2595,2024-02-16 08:14:00,Leche Gloria Light 1L,Lácteos,4.83,1,4.83,3,2024-02-16,8,Friday,2,7
2596,2024-07-12 20:51:00,Pan de Molde Bimbo 500g,Panadería,6.52,3,19.56,8,2024-07-12,20,Friday,7,28
2597,2024-08-10 15:58:00,Mantequilla Gloria 100g,Lácteos,4.24,3,12.72,3,2024-08-10,15,Saturday,8,32
2598,2024-08-17 20:19:00,Leche Gloria Entera 1L,Lácteos,4.68,2,9.36,3,2024-08-17,20,Saturday,8,33
2599,2024-03-09 10:04:00,Jabón Bolivar 230g,Limpieza,2.88,1,2.88,6,2024-03-09,10,Saturday,3,10
2600,2024-01-02 08:02:00,Queso Edam Gloria 250g,Lácteos,12.73,2,25.46,3,2024-01-02,8,Tuesday,1,1
2601,2024-05-18 07:37:00,Papel Higiénico Elite x4,Higiene,9.11,3,27.33,6,2024-05-18,7,Saturday,5,20
2602,2024-01-21 20:41:00,Sal Marina 1kg,Abarrotes,1.52,5,7.6,5,2024-01-21,20,Sunday,1,3
2603,2024-06-10 21:13:00,Leche Gloria Entera 1L,Lácteos,4.86,3,14.58,3,2024-06-10,21,Monday,6,24
2604,2024-07-07 13:26:00,Aceite Primor 1L,Abarrotes,9.0,1,9.0,4,2024-07-07,13,Sunday,7,27
2605,2024-05-27 12:31:00,Fideos Lavaggi 500g,Abarrotes,2.46,5,12.3,4,2024-05-27,12,Monday,5,22
2606,2024-02-24 18:12:00,Pañales Huggies T4 x28,Higiene,33.58,3,100.74,6,2024-02-24,18,Saturday,2,8
2607,2024-04-13 19:58:00,Leche Evaporada Gloria,Lácteos,3.16,3,9.48,3,2024-04-13,19,Saturday,4,15
2608,2024-06-06 09:45:00,Sal Marina 1kg,Abarrotes,1.48,4,5.92,5,2024-06-06,9,Thursday,6,23
2609,2024-01-01 18:37:00,Galletas Soda Field,Snacks,2.84,1,2.84,7,2024-01-01,18,Monday,1,1
2610,2024-05-27 09:37:00,Leche Evaporada Gloria,Lácteos,3.29,1,3.29,3,2024-05-27,9,Monday,5,22
2611,2024-02-03 13:15:00,Sal Marina 1kg,Abarrotes,1.52,1,1.52,5,2024-02-03,13,Saturday,2,5
2612,2024-02-04 14:07:00,Papel Higiénico Elite x4,Higiene,8.63,3,25.89,6,2024-02-04,14,Sunday,2,5
2613,2024-07-02 09:00:00,Arroz Costeño 5kg,Abarrotes,17.09,4,68.36,4,2024-07-02,9,Tuesday,7,27
2614,2024-04-24 09:41:00,Arroz Costeño 5kg,Abarrotes,17.89,1,17.89,4,2024-04-24,9,Wednesday,4,17
2615,2024-04-15 21:28:00,Sardina Florida 425g,Conservas,4.12,3,12.36,4,2024-04-15,21,Monday,4,16
2616,2024-02-22 20:55:00,Yogurt Gloria Fresa 1kg,Lácteos,6.64,3,19.92,3,2024-02-22,20,Thursday,2,8
2617,2024-05-05 21:27:00,Sal Marina 1kg,Abarrotes,1.48,1,1.48,5,2024-05-05,21,Sunday,5,18
2618,2024-04-28 07:47:00,Pañales Huggies T4 x28,Higiene,34.05,2,68.1,6,2024-04-28,7,Sunday,4,17
2619,2024-04-15 08:09:00,Arroz Costeño 5kg,Abarrotes,17.27,3,51.81,4,2024-04-15,8,Monday,4,16
2620,2024-07-15 09:04:00,Pañales Huggies T4 x28,Higiene,33.91,3,101.73,6,2024-07-15,9,Monday,7,29
2621,2024-06-13 07:44:00,Atún Florida 170g,Conservas,3.98,2,7.96,4,2024-06-13,7,Thursday,6,24
2622,2024-03-10 07:28:00,Lejía Clorox 900ml,Limpieza,4.37,1,4.37,6,2024-03-10,7,Sunday,3,10
2623,2024-06-14 20:35:00,Sal Marina 1kg,Abarrotes,1.51,5,7.55,5,2024-06-14,20,Friday,6,24
2624,2024-01-29 08:33:00,Yogurt Gloria Fresa 1kg,Lácteos,6.57,2,13.14,3,2024-01-29,8,Monday,1,5
2625,2024-08-08 15:47:00,Fideos Lavaggi 500g,Abarrotes,2.43,4,9.72,4,2024-08-08,15,Thursday,8,32
2626,2024-08-14 08:16:00,Mantequilla Gloria 100g,Lácteos,4.26,1,4.26,3,2024-08-14,8,Wednesday,8,33
2627,2024-08-07 11:40:00,Pan de Molde Bimbo 500g,Panadería,6.69,2,13.38,8,2024-08-07,11,Wednesday,8,32
2628,2024-02-08 16:49:00,Inca Kola 500ml,Bebidas,2.49,5,12.45,1,2024-02-08,16,Thursday,2,6
2629,2024-01-01 20:06:00,Jabón Bolivar 230g,Limpieza,2.77,3,8.31,6,2024-01-01,20,Monday,1,1
2630,2024-03-05 14:37:00,Pañales Huggies T4 x28,Higiene,34.26,1,34.26,6,2024-03-05,14,Tuesday,3,10
2631,2024-05-24 21:30:00,Mantequilla Gloria 100g,Lácteos,4.12,3,12.36,3,2024-05-24,21,Friday,5,21
2632,2024-03-24 08:22:00,Sal Marina 1kg,Abarrotes,1.52,4,6.08,5,2024-03-24,8,Sunday,3,12
2633,2024-03-26 21:35:00,Chancay 60g,Panadería,0.51,1,0.51,8,2024-03-26,21,Tuesday,3,13
2634,2024-05-24 13:26:00,Leche Gloria Entera 1L,Lácteos,4.72,1,4.72,3,2024-05-24,13,Friday,5,21
2635,2024-05-16 08:06:00,Pañales Huggies T3 x30,Higiene,33.46,3,100.38,6,2024-05-16,8,Thursday,5,20
2636,2024-04-22 13:47:00,Pan de Molde Bimbo 500g,Panadería,6.39,1,6.39,8,2024-04-22,13,Monday,4,17
2637,2024-01-10 09:26:00,Leche Gloria Entera 1L,Lácteos,4.94,1,4.94,3,2024-01-10,9,Wednesday,1,2
2638,2024-08-15 20:05:00,Queso Edam Gloria 250g,Lácteos,12.82,2,25.64,3,2024-08-15,20,Thursday,8,33
2639,2024-01-24 13:02:00,Leche Gloria Light 1L,Lácteos,4.96,2,9.92,3,2024-01-24,13,Wednesday,1,4
2640,2024-02-12 06:59:00,Chancay 60g,Panadería,0.51,2,1.02,8,2024-02-12,6,Monday,2,7
2641,2024-07-22 21:06:00,Arroz Costeño 5kg,Abarrotes,17.5,1,17.5,4,2024-07-22,21,Monday,7,30
2642,2024-08-24 06:27:00,Azúcar Cartavio 1kg,Abarrotes,3.59,3,10.77,5,2024-08-24,6,Saturday,8,34
2643,2024-05-22 06:47:00,Shampoo Head&Shoulders,Higiene,19.03,1,19.03,6,2024-05-22,6,Wednesday,5,21
2644,2024-01-06 12:11:00,Mantequilla Gloria 100g,Lácteos,4.13,1,4.13,3,2024-01-06,12,Saturday,1,1
2645,2024-07-06 07:12:00,Coca-Cola 500ml,Bebidas,2.47,2,4.94,2,2024-07-06,7,Saturday,7,27
2646,2024-06-18 20:02:00,Pepsi 500ml,Bebidas,2.33,1,2.33,2,2024-06-18,20,Tuesday,6,25
2647,2024-04-03 15:53:00,Arroz Costeño 5kg,Abarrotes,17.14,4,68.56,4,2024-04-03,15,Wednesday,4,14
2648,2024-08-01 21:24:00,Agua San Luis 500ml,Bebidas,1.18,1,1.18,1,2024-08-01,21,Thursday,8,31
2649,2024-05-16 08:06:00,Coca-Cola 500ml,Bebidas,2.54,1,2.54,2,2024-05-16,8,Thursday,5,20
2650,2024-01-19 07:27:00,Arroz Costeño 5kg,Abarrotes,17.71,2,35.42,4,2024-01-19,7,Friday,1,3
2651,2024-03-09 16:56:00,Aceite Primor 1L,Abarrotes,8.72,4,34.88,4,2024-03-09,16,Saturday,3,10
2652,2024-06-18 20:27:00,Chancay 60g,Panadería,0.5,1,0.5,8,2024-06-18,20,Tuesday,6,25
2653,2024-03-12 20:59:00,Shampoo Head&Shoulders,Higiene,18.83,3,56.49,6,2024-03-12,20,Tuesday,3,11
2654,2024-02-20 21:49:00,Inca Kola 1.5L,Bebidas,5.49,5,27.45,1,2024-02-20,21,Tuesday,2,8
2655,2024-08-11 10:57:00,Agua San Luis 2.5L,Bebidas,3.44,1,3.44,1,2024-08-11,10,Sunday,8,32
2656,2024-08-31 21:25:00,Chancay 60g,Panadería,0.5,3,1.5,8,2024-08-31,21,Saturday,8,35
2657,2024-01-14 20:51:00,Leche Evaporada Gloria,Lácteos,3.15,1,3.15,3,2024-01-14,20,Sunday,1,2
2658,2024-05-10 08:15:00,Pepsi 500ml,Bebidas,2.31,5,11.55,2,2024-05-10,8,Friday,5,19
2659,2024-05-14 21:16:00,Jabón Bolivar 230g,Limpieza,2.81,2,5.62,6,2024-05-14,21,Tuesday,5,20
2660,2024-01-12 20:08:00,Aceite Primor 500ml,Abarrotes,5.26,2,10.52,4,2024-01-12,20,Friday,1,2
2661,2024-05-12 08:04:00,Agua San Luis 2.5L,Bebidas,3.55,4,14.2,1,2024-05-12,8,Sunday,5,19
2662,2024-01-21 16:29:00,Chancay 60g,Panadería,0.51,1,0.51,8,2024-01-21,16,Sunday,1,3
2663,2024-01-08 07:49:00,Jabón Bolivar 230g,Limpieza,2.85,1,2.85,6,2024-01-08,7,Monday,1,2
2664,2024-08-08 06:05:00,Inca Kola 1.5L,Bebidas,5.39,3,16.17,1,2024-08-08,6,Thursday,8,32
2665,2024-01-21 07:30:00,Queso Edam Gloria 250g,Lácteos,12.45,1,12.45,3,2024-01-21,7,Sunday,1,3
2666,2024-06-14 20:46:00,Chancay 60g,Panadería,0.51,1,0.51,8,2024-06-14,20,Friday,6,24
2667,2024-04-07 15:48:00,Sardina Florida 425g,Conservas,4.14,2,8.28,4,2024-04-07,15,Sunday,4,14
2668,2024-05-19 21:18:00,Agua San Luis 2.5L,Bebidas,3.5,4,14.0,1,2024-05-19,21,Sunday,5,20
2669,2024-02-08 08:32:00,Agua San Luis 500ml,Bebidas,1.22,5,6.1,1,2024-02-08,8,Thursday,2,6
2670,2024-04-07 21:29:00,Sardina Florida 425g,Conservas,4.09,1,4.09,4,2024-04-07,21,Sunday,4,14
2671,2024-01-01 13:24:00,Pepsi 500ml,Bebidas,2.32,3,6.96,2,2024-01-01,13,Monday,1,1
2672,2024-04-02 14:33:00,Agua San Luis 2.5L,Bebidas,3.48,2,6.96,1,2024-04-02,14,Tuesday,4,14
2673,2024-02-01 07:51:00,Mantequilla Gloria 100g,Lácteos,4.2,2,8.4,3,2024-02-01,7,Thursday,2,5
2674,2024-04-04 17:19:00,Sardina Florida 425g,Conservas,4.27,1,4.27,4,2024-04-04,17,Thursday,4,14
2675,2024-07-05 09:02:00,Lejía Clorox 900ml,Limpieza,4.49,3,13.47,6,2024-07-05,9,Friday,7,27
2676,2024-02-23 09:54:00,Pañales Huggies T3 x30,Higiene,32.61,3,97.83,6,2024-02-23,9,Friday,2,8
2677,2024-07-20 11:08:00,Detergente Ariel 850g,Limpieza,12.17,1,12.17,6,2024-07-20,11,Saturday,7,29
2678,2024-08-25 08:16:00,Pepsi 500ml,Bebidas,2.25,5,11.25,2,2024-08-25,8,Sunday,8,34
2679,2024-08-22 20:16:00,Pan de Molde Bimbo 500g,Panadería,6.59,3,19.77,8,2024-08-22,20,Thursday,8,34
2680,2024-05-20 21:56:00,Aceite Primor 500ml,Abarrotes,5.2,2,10.4,4,2024-05-20,21,Monday,5,21
2681,2024-07-02 08:25:00,Lejía Clorox 900ml,Limpieza,4.43,2,8.86,6,2024-07-02,8,Tuesday,7,27
2682,2024-02-06 15:46:00,Agua San Luis 500ml,Bebidas,1.2,2,2.4,1,2024-02-06,15,Tuesday,2,6
2683,2024-04-14 07:15:00,Atún Florida 170g,Conservas,3.96,2,7.92,4,2024-04-14,7,Sunday,4,15
2684,2024-04-04 19:13:00,Leche Evaporada Gloria,Lácteos,3.16,1,3.16,3,2024-04-04,19,Thursday,4,14
2685,2024-01-22 20:52:00,Fideos Don Vittorio 500g,Abarrotes,2.76,4,11.04,4,2024-01-22,20,Monday,1,4
2686,2024-02-10 21:48:00,Lejía Clorox 900ml,Limpieza,4.6,2,9.2,6,2024-02-10,21,Saturday,2,6
2687,2024-02-17 20:46:00,Coca-Cola 500ml,Bebidas,2.48,3,7.44,2,2024-02-17,20,Saturday,2,7
2688,2024-03-16 09:01:00,Aceite Primor 500ml,Abarrotes,5.19,1,5.19,4,2024-03-16,9,Saturday,3,11
2689,2024-04-15 15:32:00,Atún Florida 170g,Conservas,4.01,3,12.03,4,2024-04-15,15,Monday,4,16
2690,2024-05-09 06:49:00,Sublime 36g,Snacks,1.52,1,1.52,7,2024-05-09,6,Thursday,5,19
2691,2024-03-02 11:53:00,Detergente Ace 850g,Limpieza,11.78,2,23.56,6,2024-03-02,11,Saturday,3,9
2692,2024-04-29 07:43:00,Leche Evaporada Gloria,Lácteos,3.17,3,9.51,3,2024-04-29,7,Monday,4,18
2693,2024-06-24 15:15:00,Harina Blanca Flor 1kg,Abarrotes,3.28,2,6.56,4,2024-06-24,15,Monday,6,26
2694,2024-07-14 12:53:00,Arroz Costeño 5kg,Abarrotes,17.25,5,86.25,4,2024-07-14,12,Sunday,7,28
2695,2024-08-14 18:46:00,Sardina Florida 425g,Conservas,4.28,1,4.28,4,2024-08-14,18,Wednesday,8,33
2696,2024-01-24 09:29:00,Leche Gloria Entera 1L,Lácteos,4.79,3,14.37,3,2024-01-24,9,Wednesday,1,4
2697,2024-05-19 07:15:00,Leche Gloria Light 1L,Lácteos,4.78,3,14.34,3,2024-05-19,7,Sunday,5,20
2698,2024-05-06 08:41:00,Arroz Costeño 1kg,Abarrotes,3.91,3,11.73,4,2024-05-06,8,Monday,5,19
2699,2024-08-13 20:46:00,Coca-Cola 500ml,Bebidas,2.57,1,2.57,2,2024-08-13,20,Tuesday,8,33
2700,2024-05-07 16:24:00,Chifles La Doña 80g,Snacks,2.0,1,2.0,7,2024-05-07,16,Tuesday,5,19
2701,2024-08-07 20:00:00,Chifles La Doña 80g,Snacks,1.97,1,1.97,7,2024-08-07,20,Wednesday,8,32
2702,2024-07-26 07:21:00,Inca Kola 1.5L,Bebidas,5.37,4,21.48,1,2024-07-26,7,Friday,7,30
2703,2024-08-02 06:15:00,Leche Evaporada Gloria,Lácteos,3.18,3,9.54,3,2024-08-02,6,Friday,8,31
2704,2024-06-12 14:46:00,Galletas Oreo 36g,Snacks,1.53,2,3.06,7,2024-06-12,14,Wednesday,6,24
2705,2024-07-04 06:56:00,Leche Gloria Light 1L,Lácteos,4.95,3,14.85,3,2024-07-04,6,Thursday,7,27
2706,2024-04-04 17:08:00,Papel Higiénico Elite x4,Higiene,8.67,1,8.67,6,2024-04-04,17,Thursday,4,14
2707,2024-07-25 09:40:00,Agua San Luis 500ml,Bebidas,1.18,5,5.9,1,2024-07-25,9,Thursday,7,30
2708,2024-03-15 08:33:00,Chancay 60g,Panadería,0.5,2,1.0,8,2024-03-15,8,Friday,3,11
2709,2024-05-30 08:12:00,Inca Kola 1.5L,Bebidas,5.6,2,11.2,1,2024-05-30,8,Thursday,5,22
2710,2024-08-29 09:32:00,Aceite Primor 1L,Abarrotes,8.67,2,17.34,4,2024-08-29,9,Thursday,8,35
2711,2024-03-11 21:04:00,Shampoo Head&Shoulders,Higiene,18.23,1,18.23,6,2024-03-11,21,Monday,3,11
2712,2024-06-27 15:08:00,Coca-Cola 500ml,Bebidas,2.51,5,12.55,2,2024-06-27,15,Thursday,6,26
2713,2024-07-31 20:49:00,Coca-Cola 500ml,Bebidas,2.46,3,7.38,2,2024-07-31,20,Wednesday,7,31
2714,2024-04-19 20:33:00,Papel Higiénico Elite x4,Higiene,8.68,3,26.04,6,2024-04-19,20,Friday,4,16
2715,2024-04-19 06:02:00,Leche Evaporada Gloria,Lácteos,3.27,1,3.27,3,2024-04-19,6,Friday,4,16
2716,2024-05-13 17:24:00,Pepsi 500ml,Bebidas,2.35,4,9.4,2,2024-05-13,17,Monday,5,20
2717,2024-07-28 06:24:00,Agua San Luis 2.5L,Bebidas,3.54,2,7.08,1,2024-07-28,6,Sunday,7,30
2718,2024-03-23 12:06:00,Agua San Luis 500ml,Bebidas,1.22,2,2.44,1,2024-03-23,12,Saturday,3,12
2719,2024-08-17 20:52:00,Fideos Don Vittorio 500g,Abarrotes,2.8,4,11.2,4,2024-08-17,20,Saturday,8,33
2720,2024-04-21 21:40:00,Aceite Primor 500ml,Abarrotes,5.18,4,20.72,4,2024-04-21,21,Sunday,4,16
2721,2024-06-13 12:33:00,Pan de Molde Bimbo 500g,Panadería,6.42,2,12.84,8,2024-06-13,12,Thursday,6,24
2722,2024-01-30 09:00:00,Coca-Cola 500ml,Bebidas,2.57,5,12.85,2,2024-01-30,9,Tuesday,1,5
2723,2024-03-28 08:55:00,Arroz Costeño 1kg,Abarrotes,3.85,5,19.25,4,2024-03-28,8,Thursday,3,13
2724,2024-02-04 20:14:00,Sublime 36g,Snacks,1.49,3,4.47,7,2024-02-04,20,Sunday,2,5
2725,2024-01-14 08:28:00,Leche Gloria Light 1L,Lácteos,4.96,3,14.88,3,2024-01-14,8,Sunday,1,2
2726,2024-05-09 20:51:00,Pepsi 500ml,Bebidas,2.27,3,6.81,2,2024-05-09,20,Thursday,5,19
2727,2024-08-27 08:16:00,Aceite Primor 500ml,Abarrotes,5.3,5,26.5,4,2024-08-27,8,Tuesday,8,35
2728,2024-07-12 19:49:00,Papel Higiénico Elite x4,Higiene,8.94,3,26.82,6,2024-07-12,19,Friday,7,28
2729,2024-08-10 15:53:00,Lejía Clorox 900ml,Limpieza,4.54,3,13.62,6,2024-08-10,15,Saturday,8,32
2730,2024-01-23 15:09:00,Pasta Dental Colgate,Higiene,5.59,3,16.77,6,2024-01-23,15,Tuesday,1,4
2731,2024-04-08 13:09:00,Queso Edam Gloria 250g,Lácteos,12.55,2,25.1,3,2024-04-08,13,Monday,4,15
2732,2024-01-06 15:36:00,Harina Blanca Flor 1kg,Abarrotes,3.26,5,16.3,4,2024-01-06,15,Saturday,1,1
2733,2024-02-14 09:11:00,Arroz Costeño 1kg,Abarrotes,3.75,2,7.5,4,2024-02-14,9,Wednesday,2,7
2734,2024-07-17 18:36:00,Yogurt Gloria Fresa 1kg,Lácteos,6.68,3,20.04,3,2024-07-17,18,Wednesday,7,29
2735,2024-04-14 06:35:00,Pepsi 500ml,Bebidas,2.25,4,9.0,2,2024-04-14,6,Sunday,4,15
2736,2024-04-27 06:41:00,Leche Gloria Light 1L,Lácteos,4.8,2,9.6,3,2024-04-27,6,Saturday,4,17
2737,2024-03-20 13:33:00,Arroz Costeño 5kg,Abarrotes,17.21,5,86.05,4,2024-03-20,13,Wednesday,3,12
2738,2024-06-15 09:08:00,Detergente Ace 850g,Limpieza,12.18,3,36.54,6,2024-06-15,9,Saturday,6,24
2739,2024-08-02 15:52:00,Inca Kola 1.5L,Bebidas,5.63,1,5.63,1,2024-08-02,15,Friday,8,31
2740,2024-08-15 10:57:00,Pañales Huggies T3 x30,Higiene,32.63,3,97.89,6,2024-08-15,10,Thursday,8,33
2741,2024-03-28 07:25:00,Pañales Huggies T4 x28,Higiene,34.54,3,103.62,6,2024-03-28,7,Thursday,3,13
2742,2024-06-22 09:17:00,Chancay 60g,Panadería,0.51,1,0.51,8,2024-06-22,9,Saturday,6,25
2743,2024-05-26 21:40:00,Lejía Clorox 900ml,Limpieza,4.61,1,4.61,6,2024-05-26,21,Sunday,5,21
2744,2024-01-04 19:06:00,Arroz Costeño 5kg,Abarrotes,17.78,2,35.56,4,2024-01-04,19,Thursday,1,1
2745,2024-03-21 09:16:00,Sublime 36g,Snacks,1.52,1,1.52,7,2024-03-21,9,Thursday,3,12
2746,2024-05-18 09:50:00,Papel Higiénico Elite x4,Higiene,9.09,2,18.18,6,2024-05-18,9,Saturday,5,20
2747,2024-06-09 06:53:00,Fideos Lavaggi 500g,Abarrotes,2.5,2,5.0,4,2024-06-09,6,Sunday,6,23
2748,2024-01-01 09:27:00,Azúcar Cartavio 1kg,Abarrotes,3.48,5,17.4,5,2024-01-01,9,Monday,1,1
2749,2024-01-17 09:53:00,Lejía Clorox 900ml,Limpieza,4.5,2,9.0,6,2024-01-17,9,Wednesday,1,3
2750,2024-01-21 16:52:00,Agua San Luis 500ml,Bebidas,1.17,1,1.17,1,2024-01-21,16,Sunday,1,3
2751,2024-04-06 21:05:00,Agua San Luis 500ml,Bebidas,1.21,3,3.63,1,2024-04-06,21,Saturday,4,14
2752,2024-08-07 07:29:00,Agua San Luis 500ml,Bebidas,1.22,4,4.88,1,2024-08-07,7,Wednesday,8,32
2753,2024-02-20 20:41:00,Sublime 36g,Snacks,1.51,2,3.02,7,2024-02-20,20,Tuesday,2,8
2754,2024-07-05 21:17:00,Pepsi 500ml,Bebidas,2.35,1,2.35,2,2024-07-05,21,Friday,7,27
2755,2024-04-23 18:10:00,Shampoo Head&Shoulders,Higiene,18.74,1,18.74,6,2024-04-23,18,Tuesday,4,17
2756,2024-08-14 08:48:00,Shampoo Head&Shoulders,Higiene,18.69,2,37.38,6,2024-08-14,8,Wednesday,8,33
2757,2024-03-29 07:47:00,Leche Evaporada Gloria,Lácteos,3.24,2,6.48,3,2024-03-29,7,Friday,3,13
2758,2024-08-24 20:10:00,Galletas Oreo 36g,Snacks,1.52,3,4.56,7,2024-08-24,20,Saturday,8,34
2759,2024-07-15 06:25:00,Agua San Luis 500ml,Bebidas,1.21,5,6.05,1,2024-07-15,6,Monday,7,29
2760,2024-01-18 12:12:00,Fideos Don Vittorio 500g,Abarrotes,2.75,4,11.0,4,2024-01-18,12,Thursday,1,3
2761,2024-08-26 20:12:00,Leche Evaporada Gloria,Lácteos,3.28,2,6.56,3,2024-08-26,20,Monday,8,35
2762,2024-01-28 20:29:00,Papel Higiénico Elite x4,Higiene,8.74,1,8.74,6,2024-01-28,20,Sunday,1,4
2763,2024-06-22 09:10:00,Aceite Primor 1L,Abarrotes,8.84,1,8.84,4,2024-06-22,9,Saturday,6,25
2764,2024-07-11 21:08:00,Azúcar Cartavio 1kg,Abarrotes,3.5,4,14.0,5,2024-07-11,21,Thursday,7,28
2765,2024-03-29 20:13:00,Mantequilla Gloria 100g,Lácteos,4.09,2,8.18,3,2024-03-29,20,Friday,3,13
2766,2024-03-16 20:46:00,Chancay 60g,Panadería,0.51,1,0.51,8,2024-03-16,20,Saturday,3,11
2767,2024-01-13 08:18:00,Sardina Florida 425g,Conservas,4.08,3,12.24,4,2024-01-13,8,Saturday,1,2
2768,2024-04-20 07:15:00,Leche Gloria Entera 1L,Lácteos,4.72,2,9.44,3,2024-04-20,7,Saturday,4,16
2769,2024-07-31 08:34:00,Fideos Don Vittorio 500g,Abarrotes,2.87,1,2.87,4,2024-07-31,8,Wednesday,7,31
2770,2024-07-08 11:58:00,Pasta Dental Colgate,Higiene,5.36,1,5.36,6,2024-07-08,11,Monday,7,28
2771,2024-06-12 08:57:00,Aceite Primor 1L,Abarrotes,8.92,5,44.6,4,2024-06-12,8,Wednesday,6,24
2772,2024-01-27 14:33:00,Aceite Primor 500ml,Abarrotes,5.1,4,20.4,4,2024-01-27,14,Saturday,1,4
2773,2024-03-28 21:50:00,Chancay 60g,Panadería,0.51,3,1.53,8,2024-03-28,21,Thursday,3,13
2774,2024-02-29 13:55:00,Shampoo Head&Shoulders,Higiene,18.21,3,54.63,6,2024-02-29,13,Thursday,2,9
2775,2024-08-05 21:26:00,Leche Gloria Light 1L,Lácteos,4.85,1,4.85,3,2024-08-05,21,Monday,8,32
2776,2024-07-11 20:31:00,Mantequilla Gloria 100g,Lácteos,4.22,3,12.66,3,2024-07-11,20,Thursday,7,28
2777,2024-04-13 09:29:00,Pañales Huggies T4 x28,Higiene,34.41,2,68.82,6,2024-04-13,9,Saturday,4,15
2778,2024-08-08 13:57:00,Papel Higiénico Elite x4,Higiene,8.91,2,17.82,6,2024-08-08,13,Thursday,8,32
2779,2024-08-08 17:48:00,Yogurt Gloria Fresa 1kg,Lácteos,6.45,1,6.45,3,2024-08-08,17,Thursday,8,32
2780,2024-01-22 11:11:00,Yogurt Gloria Fresa 1kg,Lácteos,6.55,1,6.55,3,2024-01-22,11,Monday,1,4
2781,2024-06-21 08:43:00,Sardina Florida 425g,Conservas,4.17,3,12.51,4,2024-06-21,8,Friday,6,25
2782,2024-05-18 09:43:00,Jabón Bolivar 230g,Limpieza,2.78,2,5.56,6,2024-05-18,9,Saturday,5,20
2783,2024-07-06 09:49:00,Yogurt Gloria Fresa 1kg,Lácteos,6.33,1,6.33,3,2024-07-06,9,Saturday,7,27
2784,2024-02-05 21:29:00,Mantequilla Gloria 100g,Lácteos,4.31,3,12.93,3,2024-02-05,21,Monday,2,6
2785,2024-05-31 21:15:00,Pan de Molde Bimbo 500g,Panadería,6.55,2,13.1,8,2024-05-31,21,Friday,5,22
2786,2024-03-14 06:10:00,Chancay 60g,Panadería,0.51,1,0.51,8,2024-03-14,6,Thursday,3,11
2787,2024-08-05 20:38:00,Coca-Cola 500ml,Bebidas,2.52,2,5.04,2,2024-08-05,20,Monday,8,32
2788,2024-04-20 14:32:00,Chancay 60g,Panadería,0.5,2,1.0,8,2024-04-20,14,Saturday,4,16
2789,2024-08-13 08:41:00,Atún Florida 170g,Conservas,3.85,1,3.85,4,2024-08-13,8,Tuesday,8,33
2790,2024-06-09 21:51:00,Shampoo Head&Shoulders,Higiene,18.72,1,18.72,6,2024-06-09,21,Sunday,6,23
2791,2024-01-24 20:15:00,Shampoo Head&Shoulders,Higiene,18.39,3,55.17,6,2024-01-24,20,Wednesday,1,4
2792,2024-05-02 09:11:00,Lejía Clorox 900ml,Limpieza,4.62,1,4.62,6,2024-05-02,9,Thursday,5,18
2793,2024-03-11 20:39:00,Shampoo Head&Shoulders,Higiene,18.74,1,18.74,6,2024-03-11,20,Monday,3,11
2794,2024-05-06 21:24:00,Pasta Dental Colgate,Higiene,5.38,3,16.14,6,2024-05-06,21,Monday,5,19
2795,2024-08-22 21:45:00,Mantequilla Gloria 100g,Lácteos,4.28,1,4.28,3,2024-08-22,21,Thursday,8,34
2796,2024-03-22 20:31:00,Leche Evaporada Gloria,Lácteos,3.11,3,9.33,3,2024-03-22,20,Friday,3,12
2797,2024-03-22 06:25:00,Chancay 60g,Panadería,0.49,3,1.47,8,2024-03-22,6,Friday,3,12
2798,2024-04-04 08:56:00,Sal Marina 1kg,Abarrotes,1.51,1,1.51,5,2024-04-04,8,Thursday,4,14
2799,2024-07-12 18:46:00,Detergente Ace 850g,Limpieza,11.78,3,35.34,6,2024-07-12,18,Friday,7,28
2800,2024-05-25 09:07:00,Pasta Dental Colgate,Higiene,5.43,1,5.43,6,2024-05-25,9,Saturday,5,21
2801,2024-02-15 16:54:00,Chancay 60g,Panadería,0.49,2,0.98,8,2024-02-15,16,Thursday,2,7
2802,2024-08-27 21:37:00,Aceite Primor 500ml,Abarrotes,5.11,4,20.44,4,2024-08-27,21,Tuesday,8,35
2803,2024-07-30 15:11:00,Detergente Ariel 850g,Limpieza,12.31,3,36.93,6,2024-07-30,15,Tuesday,7,31
2804,2024-06-23 21:50:00,Leche Evaporada Gloria,Lácteos,3.26,2,6.52,3,2024-06-23,21,Sunday,6,25
2805,2024-08-09 09:21:00,Azúcar Cartavio 1kg,Abarrotes,3.43,4,13.72,5,2024-08-09,9,Friday,8,32
2806,2024-06-24 16:11:00,Agua San Luis 2.5L,Bebidas,3.55,5,17.75,1,2024-06-24,16,Monday,6,26
2807,2024-02-15 16:24:00,Galletas Oreo 36g,Snacks,1.54,1,1.54,7,2024-02-15,16,Thursday,2,7
2808,2024-04-13 13:55:00,Aceite Primor 1L,Abarrotes,8.82,2,17.64,4,2024-04-13,13,Saturday,4,15
2809,2024-01-27 09:06:00,Detergente Ace 850g,Limpieza,12.05,3,36.15,6,2024-01-27,9,Saturday,1,4
2810,2024-04-03 09:31:00,Detergente Ace 850g,Limpieza,11.73,3,35.19,6,2024-04-03,9,Wednesday,4,14
2811,2024-08-31 16:01:00,Lejía Clorox 900ml,Limpieza,4.45,3,13.35,6,2024-08-31,16,Saturday,8,35
2812,2024-07-16 14:14:00,Galletas Soda Field,Snacks,2.75,1,2.75,7,2024-07-16,14,Tuesday,7,29
2813,2024-08-12 08:59:00,Leche Gloria Light 1L,Lácteos,5.02,1,5.02,3,2024-08-12,8,Monday,8,33
2814,2024-02-12 09:53:00,Galletas Oreo 36g,Snacks,1.49,3,4.47,7,2024-02-12,9,Monday,2,7
2815,2024-03-09 08:53:00,Sal Marina 1kg,Abarrotes,1.47,3,4.41,5,2024-03-09,8,Saturday,3,10
2816,2024-01-23 21:06:00,Atún Florida 170g,Conservas,3.98,2,7.96,4,2024-01-23,21,Tuesday,1,4
2817,2024-01-28 07:23:00,Arroz Costeño 1kg,Abarrotes,3.89,5,19.45,4,2024-01-28,7,Sunday,1,4
2818,2024-05-01 09:15:00,Pañales Huggies T3 x30,Higiene,32.4,2,64.8,6,2024-05-01,9,Wednesday,5,18
2819,2024-01-12 09:17:00,Sardina Florida 425g,Conservas,4.25,1,4.25,4,2024-01-12,9,Friday,1,2
2820,2024-03-13 08:02:00,Leche Gloria Entera 1L,Lácteos,4.71,2,9.42,3,2024-03-13,8,Wednesday,3,11
2821,2024-06-06 20:44:00,Lejía Clorox 900ml,Limpieza,4.51,3,13.53,6,2024-06-06,20,Thursday,6,23
2822,2024-01-16 10:48:00,Pan de Molde Bimbo 500g,Panadería,6.31,2,12.62,8,2024-01-16,10,Tuesday,1,3
2823,2024-02-03 09:33:00,Detergente Ace 850g,Limpieza,12.15,3,36.45,6,2024-02-03,9,Saturday,2,5
2824,2024-04-12 07:59:00,Detergente Ariel 850g,Limpieza,12.54,2,25.08,6,2024-04-12,7,Friday,4,15
2825,2024-04-16 08:55:00,Pañales Huggies T4 x28,Higiene,34.01,3,102.03,6,2024-04-16,8,Tuesday,4,16
2826,2024-05-17 21:55:00,Shampoo Head&Shoulders,Higiene,18.1,1,18.1,6,2024-05-17,21,Friday,5,20
2827,2024-05-10 21:34:00,Jabón Bolivar 230g,Limpieza,2.77,3,8.31,6,2024-05-10,21,Friday,5,19
2828,2024-04-18 16:50:00,Queso Edam Gloria 250g,Lácteos,12.76,3,38.28,3,2024-04-18,16,Thursday,4,16
2829,2024-02-15 21:39:00,Harina Blanca Flor 1kg,Abarrotes,3.29,1,3.29,4,2024-02-15,21,Thursday,2,7
2830,2024-03-26 07:56:00,Pañales Huggies T4 x28,Higiene,33.07,1,33.07,6,2024-03-26,7,Tuesday,3,13
2831,2024-04-05 13:04:00,Atún Florida 170g,Conservas,3.81,1,3.81,4,2024-04-05,13,Friday,4,14
2832,2024-07-23 21:04:00,Leche Gloria Light 1L,Lácteos,4.75,1,4.75,3,2024-07-23,21,Tuesday,7,30
2833,2024-05-03 07:40:00,Jabón Bolivar 230g,Limpieza,2.79,3,8.37,6,2024-05-03,7,Friday,5,18
2834,2024-06-23 08:18:00,Aceite Primor 500ml,Abarrotes,5.21,5,26.05,4,2024-06-23,8,Sunday,6,25
2835,2024-04-08 21:09:00,Lejía Clorox 900ml,Limpieza,4.63,2,9.26,6,2024-04-08,21,Monday,4,15
2836,2024-04-18 21:46:00,Azúcar Cartavio 1kg,Abarrotes,3.53,3,10.59,5,2024-04-18,21,Thursday,4,16
2837,2024-07-10 08:54:00,Yogurt Gloria Fresa 1kg,Lácteos,6.69,3,20.07,3,2024-07-10,8,Wednesday,7,28
2838,2024-08-23 20:04:00,Aceite Primor 1L,Abarrotes,8.75,5,43.75,4,2024-08-23,20,Friday,8,34
2839,2024-06-30 20:47:00,Aceite Primor 500ml,Abarrotes,5.1,2,10.2,4,2024-06-30,20,Sunday,6,26
2840,2024-02-02 07:56:00,Agua San Luis 500ml,Bebidas,1.21,1,1.21,1,2024-02-02,7,Friday,2,5
2841,2024-01-16 20:56:00,Agua San Luis 2.5L,Bebidas,3.5,1,3.5,1,2024-01-16,20,Tuesday,1,3
2842,2024-03-08 20:45:00,Pañales Huggies T3 x30,Higiene,32.43,3,97.29,6,2024-03-08,20,Friday,3,10
2843,2024-05-16 08:25:00,Inca Kola 1.5L,Bebidas,5.57,5,27.85,1,2024-05-16,8,Thursday,5,20
2844,2024-02-15 17:30:00,Pasta Dental Colgate,Higiene,5.44,2,10.88,6,2024-02-15,17,Thursday,2,7
2845,2024-05-23 21:08:00,Detergente Ace 850g,Limpieza,11.65,2,23.3,6,2024-05-23,21,Thursday,5,21
2846,2024-08-29 07:39:00,Mantequilla Gloria 100g,Lácteos,4.2,1,4.2,3,2024-08-29,7,Thursday,8,35
2847,2024-04-07 13:46:00,Pasta Dental Colgate,Higiene,5.46,1,5.46,6,2024-04-07,13,Sunday,4,14
2848,2024-08-10 08:07:00,Pan de Molde Bimbo 500g,Panadería,6.49,3,19.47,8,2024-08-10,8,Saturday,8,32
2849,2024-04-27 12:28:00,Agua San Luis 500ml,Bebidas,1.23,2,2.46,1,2024-04-27,12,Saturday,4,17
2850,2024-02-17 06:20:00,Queso Edam Gloria 250g,Lácteos,12.25,1,12.25,3,2024-02-17,6,Saturday,2,7
2851,2024-05-25 12:47:00,Mantequilla Gloria 100g,Lácteos,4.3,2,8.6,3,2024-05-25,12,Saturday,5,21
2852,2024-07-06 21:42:00,Leche Gloria Entera 1L,Lácteos,4.68,3,14.04,3,2024-07-06,21,Saturday,7,27
2853,2024-03-01 10:15:00,Atún Florida 170g,Conservas,3.86,1,3.86,4,2024-03-01,10,Friday,3,9
2854,2024-06-28 12:20:00,Detergente Ace 850g,Limpieza,12.21,3,36.63,6,2024-06-28,12,Friday,6,26
2855,2024-04-16 09:41:00,Fideos Lavaggi 500g,Abarrotes,2.54,4,10.16,4,2024-04-16,9,Tuesday,4,16
2856,2024-02-26 08:18:00,Galletas Soda Field,Snacks,2.87,1,2.87,7,2024-02-26,8,Monday,2,9
2857,2024-03-26 08:36:00,Mantequilla Gloria 100g,Lácteos,4.23,2,8.46,3,2024-03-26,8,Tuesday,3,13
2858,2024-02-16 20:00:00,Leche Gloria Light 1L,Lácteos,4.92,1,4.92,3,2024-02-16,20,Friday,2,7
2859,2024-01-18 08:15:00,Shampoo Head&Shoulders,Higiene,18.95,3,56.85,6,2024-01-18,8,Thursday,1,3
2860,2024-07-13 21:46:00,Pasta Dental Colgate,Higiene,5.41,1,5.41,6,2024-07-13,21,Saturday,7,28
2861,2024-02-05 13:08:00,Sardina Florida 425g,Conservas,4.08,1,4.08,4,2024-02-05,13,Monday,2,6
2862,2024-02-04 18:46:00,Leche Gloria Entera 1L,Lácteos,4.9,3,14.7,3,2024-02-04,18,Sunday,2,5
2863,2024-02-18 07:16:00,Pan de Molde Bimbo 500g,Panadería,6.5,3,19.5,8,2024-02-18,7,Sunday,2,7
2864,2024-05-12 21:22:00,Pasta Dental Colgate,Higiene,5.4,3,16.2,6,2024-05-12,21,Sunday,5,19
2865,2024-06-19 20:15:00,Detergente Ace 850g,Limpieza,11.92,3,35.76,6,2024-06-19,20,Wednesday,6,25
2866,2024-07-23 07:12:00,Pepsi 500ml,Bebidas,2.27,1,2.27,2,2024-07-23,7,Tuesday,7,30
2867,2024-03-01 08:52:00,Atún Florida 170g,Conservas,3.98,3,11.94,4,2024-03-01,8,Friday,3,9
2868,2024-03-23 07:22:00,Mantequilla Gloria 100g,Lácteos,4.31,1,4.31,3,2024-03-23,7,Saturday,3,12
2869,2024-08-18 08:01:00,Mantequilla Gloria 100g,Lácteos,4.24,1,4.24,3,2024-08-18,8,Sunday,8,33
2870,2024-07-18 17:42:00,Aceite Primor 1L,Abarrotes,8.68,1,8.68,4,2024-07-18,17,Thursday,7,29
2871,2024-05-02 09:32:00,Arroz Costeño 1kg,Abarrotes,3.7,2,7.4,4,2024-05-02,9,Thursday,5,18
2872,2024-08-21 08:30:00,Arroz Costeño 1kg,Abarrotes,3.73,1,3.73,4,2024-08-21,8,Wednesday,8,34
2873,2024-05-07 07:09:00,Queso Edam Gloria 250g,Lácteos,12.16,2,24.32,3,2024-05-07,7,Tuesday,5,19
2874,2024-07-06 07:10:00,Yogurt Gloria Fresa 1kg,Lácteos,6.64,1,6.64,3,2024-07-06,7,Saturday,7,27
2875,2024-04-14 20:03:00,Pasta Dental Colgate,Higiene,5.53,1,5.53,6,2024-04-14,20,Sunday,4,15
2876,2024-01-30 08:06:00,Agua San Luis 2.5L,Bebidas,3.59,2,7.18,1,2024-01-30,8,Tuesday,1,5
2877,2024-01-31 07:28:00,Coca-Cola 500ml,Bebidas,2.53,2,5.06,2,2024-01-31,7,Wednesday,1,5
2878,2024-07-13 20:12:00,Sublime 36g,Snacks,1.52,3,4.56,7,2024-07-13,20,Saturday,7,28
2879,2024-01-10 07:27:00,Arroz Costeño 5kg,Abarrotes,17.33,4,69.32,4,2024-01-10,7,Wednesday,1,2
2880,2024-01-04 20:41:00,Chancay 60g,Panadería,0.51,3,1.53,8,2024-01-04,20,Thursday,1,1
2881,2024-01-27 08:11:00,Sublime 36g,Snacks,1.46,1,1.46,7,2024-01-27,8,Saturday,1,4
2882,2024-07-21 18:40:00,Inca Kola 1.5L,Bebidas,5.38,5,26.9,1,2024-07-21,18,Sunday,7,29
2883,2024-08-08 09:20:00,Jabón Bolivar 230g,Limpieza,2.74,1,2.74,6,2024-08-08,9,Thursday,8,32
2884,2024-04-06 09:12:00,Harina Blanca Flor 1kg,Abarrotes,3.29,3,9.87,4,2024-04-06,9,Saturday,4,14
2885,2024-07-03 20:51:00,Detergente Ariel 850g,Limpieza,12.68,3,38.04,6,2024-07-03,20,Wednesday,7,27
2886,2024-07-25 17:08:00,Inca Kola 500ml,Bebidas,2.5,5,12.5,1,2024-07-25,17,Thursday,7,30
2887,2024-07-17 08:07:00,Inca Kola 1.5L,Bebidas,5.43,2,10.86,1,2024-07-17,8,Wednesday,7,29
2888,2024-08-27 21:34:00,Pañales Huggies T4 x28,Higiene,33.77,2,67.54,6,2024-08-27,21,Tuesday,8,35
2889,2024-02-24 14:04:00,Leche Evaporada Gloria,Lácteos,3.25,3,9.75,3,2024-02-24,14,Saturday,2,8
2890,2024-02-06 07:27:00,Inca Kola 1.5L,Bebidas,5.45,1,5.45,1,2024-02-06,7,Tuesday,2,6
2891,2024-05-02 08:17:00,Aceite Primor 1L,Abarrotes,8.72,1,8.72,4,2024-05-02,8,Thursday,5,18
2892,2024-04-23 08:27:00,Pepsi 500ml,Bebidas,2.35,4,9.4,2,2024-04-23,8,Tuesday,4,17
2893,2024-04-15 07:55:00,Inca Kola 1.5L,Bebidas,5.51,3,16.53,1,2024-04-15,7,Monday,4,16
2894,2024-03-28 20:52:00,Leche Gloria Entera 1L,Lácteos,4.84,3,14.52,3,2024-03-28,20,Thursday,3,13
2895,2024-02-26 15:02:00,Inca Kola 500ml,Bebidas,2.43,2,4.86,1,2024-02-26,15,Monday,2,9
2896,2024-06-06 21:31:00,Inca Kola 1.5L,Bebidas,5.64,5,28.2,1,2024-06-06,21,Thursday,6,23
2897,2024-04-04 21:39:00,Shampoo Head&Shoulders,Higiene,18.36,1,18.36,6,2024-04-04,21,Thursday,4,14
2898,2024-06-22 17:23:00,Queso Edam Gloria 250g,Lácteos,12.44,2,24.88,3,2024-06-22,17,Saturday,6,25
2899,2024-08-30 08:53:00,Aceite Primor 500ml,Abarrotes,5.09,1,5.09,4,2024-08-30,8,Friday,8,35
2900,2024-04-28 20:02:00,Fideos Don Vittorio 500g,Abarrotes,2.73,5,13.65,4,2024-04-28,20,Sunday,4,17
2901,2024-07-23 09:02:00,Leche Gloria Light 1L,Lácteos,4.76,1,4.76,3,2024-07-23,9,Tuesday,7,30
2902,2024-05-21 08:25:00,Pañales Huggies T3 x30,Higiene,33.01,2,66.02,6,2024-05-21,8,Tuesday,5,21
2903,2024-05-05 09:02:00,Agua San Luis 2.5L,Bebidas,3.4,5,17.0,1,2024-05-05,9,Sunday,5,18
2904,2024-07-26 17:28:00,Leche Gloria Entera 1L,Lácteos,4.7,1,4.7,3,2024-07-26,17,Friday,7,30
2905,2024-08-10 16:45:00,Inca Kola 1.5L,Bebidas,5.49,1,5.49,1,2024-08-10,16,Saturday,8,32
2906,2024-05-10 08:06:00,Arroz Costeño 1kg,Abarrotes,3.7,2,7.4,4,2024-05-10,8,Friday,5,19
2907,2024-03-26 07:52:00,Azúcar Cartavio 1kg,Abarrotes,3.47,3,10.41,5,2024-03-26,7,Tuesday,3,13
2908,2024-03-11 20:51:00,Sublime 36g,Snacks,1.47,2,2.94,7,2024-03-11,20,Monday,3,11
2909,2024-01-07 08:11:00,Arroz Costeño 1kg,Abarrotes,3.81,3,11.43,4,2024-01-07,8,Sunday,1,1
2910,2024-06-22 21:45:00,Sublime 36g,Snacks,1.51,2,3.02,7,2024-06-22,21,Saturday,6,25
2911,2024-01-08 09:00:00,Galletas Soda Field,Snacks,2.75,2,5.5,7,2024-01-08,9,Monday,1,2
2912,2024-06-04 21:59:00,Arroz Costeño 1kg,Abarrotes,3.88,3,11.64,4,2024-06-04,21,Tuesday,6,23
2913,2024-04-21 08:22:00,Papel Higiénico Elite x4,Higiene,8.67,3,26.01,6,2024-04-21,8,Sunday,4,16
2914,2024-07-31 08:01:00,Sal Marina 1kg,Abarrotes,1.46,1,1.46,5,2024-07-31,8,Wednesday,7,31
2915,2024-04-13 20:19:00,Fideos Lavaggi 500g,Abarrotes,2.52,3,7.56,4,2024-04-13,20,Saturday,4,15
2916,2024-07-12 07:03:00,Inca Kola 1.5L,Bebidas,5.53,4,22.12,1,2024-07-12,7,Friday,7,28
2917,2024-02-01 07:01:00,Pasta Dental Colgate,Higiene,5.55,3,16.65,6,2024-02-01,7,Thursday,2,5
2918,2024-03-01 20:52:00,Queso Edam Gloria 250g,Lácteos,12.55,3,37.65,3,2024-03-01,20,Friday,3,9
2919,2024-05-26 07:42:00,Fideos Lavaggi 500g,Abarrotes,2.47,1,2.47,4,2024-05-26,7,Sunday,5,21
2920,2024-01-11 09:32:00,Aceite Primor 500ml,Abarrotes,5.3,1,5.3,4,2024-01-11,9,Thursday,1,2
2921,2024-06-14 21:59:00,Atún Florida 170g,Conservas,3.97,2,7.94,4,2024-06-14,21,Friday,6,24
2922,2024-05-06 08:12:00,Sublime 36g,Snacks,1.51,2,3.02,7,2024-05-06,8,Monday,5,19
2923,2024-07-27 21:06:00,Leche Gloria Light 1L,Lácteos,5.02,2,10.04,3,2024-07-27,21,Saturday,7,30
2924,2024-02-08 08:03:00,Leche Gloria Entera 1L,Lácteos,4.79,2,9.58,3,2024-02-08,8,Thursday,2,6
2925,2024-03-04 07:48:00,Fideos Lavaggi 500g,Abarrotes,2.49,3,7.47,4,2024-03-04,7,Monday,3,10
2926,2024-07-07 15:37:00,Arroz Costeño 5kg,Abarrotes,17.93,5,89.65,4,2024-07-07,15,Sunday,7,27
2927,2024-07-25 09:52:00,Shampoo Head&Shoulders,Higiene,18.13,2,36.26,6,2024-07-25,9,Thursday,7,30
2928,2024-08-05 10:01:00,Pañales Huggies T4 x28,Higiene,33.93,1,33.93,6,2024-08-05,10,Monday,8,32
2929,2024-04-27 11:06:00,Chifles La Doña 80g,Snacks,1.99,1,1.99,7,2024-04-27,11,Saturday,4,17
2930,2024-06-18 06:40:00,Aceite Primor 1L,Abarrotes,8.68,3,26.04,4,2024-06-18,6,Tuesday,6,25
2931,2024-08-29 08:15:00,Chancay 60g,Panadería,0.51,2,1.02,8,2024-08-29,8,Thursday,8,35
2932,2024-05-11 20:57:00,Mantequilla Gloria 100g,Lácteos,4.3,1,4.3,3,2024-05-11,20,Saturday,5,19
2933,2024-04-23 15:59:00,Agua San Luis 2.5L,Bebidas,3.4,5,17.0,1,2024-04-23,15,Tuesday,4,17
2934,2024-05-19 14:19:00,Agua San Luis 500ml,Bebidas,1.17,5,5.85,1,2024-05-19,14,Sunday,5,20
2935,2024-04-25 17:33:00,Leche Gloria Light 1L,Lácteos,4.97,3,14.91,3,2024-04-25,17,Thursday,4,17
2936,2024-05-26 17:28:00,Azúcar Cartavio 1kg,Abarrotes,3.51,1,3.51,5,2024-05-26,17,Sunday,5,21
2937,2024-07-26 09:02:00,Pepsi 500ml,Bebidas,2.3,4,9.2,2,2024-07-26,9,Friday,7,30
2938,2024-06-19 07:53:00,Galletas Oreo 36g,Snacks,1.49,1,1.49,7,2024-06-19,7,Wednesday,6,25
2939,2024-03-17 08:48:00,Agua San Luis 2.5L,Bebidas,3.59,1,3.59,1,2024-03-17,8,Sunday,3,11
2940,2024-08-16 21:50:00,Chifles La Doña 80g,Snacks,2.01,1,2.01,7,2024-08-16,21,Friday,8,33
2941,2024-05-23 10:29:00,Pañales Huggies T4 x28,Higiene,34.51,3,103.53,6,2024-05-23,10,Thursday,5,21
2942,2024-08-29 21:42:00,Queso Edam Gloria 250g,Lácteos,12.16,3,36.48,3,2024-08-29,21,Thursday,8,35
2943,2024-05-30 20:16:00,Coca-Cola 500ml,Bebidas,2.54,1,2.54,2,2024-05-30,20,Thursday,5,22
2944,2024-01-29 20:31:00,Pañales Huggies T4 x28,Higiene,34.29,3,102.87,6,2024-01-29,20,Monday,1,5
2945,2024-05-04 09:35:00,Aceite Primor 500ml,Abarrotes,5.11,5,25.55,4,2024-05-04,9,Saturday,5,18
2946,2024-03-31 08:37:00,Lejía Clorox 900ml,Limpieza,4.55,3,13.65,6,2024-03-31,8,Sunday,3,13
2947,2024-02-16 07:56:00,Papel Higiénico Elite x4,Higiene,9.13,3,27.39,6,2024-02-16,7,Friday,2,7
2948,2024-08-01 18:34:00,Harina Blanca Flor 1kg,Abarrotes,3.24,2,6.48,4,2024-08-01,18,Thursday,8,31
2949,2024-01-07 09:19:00,Pañales Huggies T4 x28,Higiene,33.11,1,33.11,6,2024-01-07,9,Sunday,1,1
2950,2024-02-09 09:24:00,Inca Kola 500ml,Bebidas,2.45,2,4.9,1,2024-02-09,9,Friday,2,6
2951,2024-05-28 19:17:00,Detergente Ariel 850g,Limpieza,12.54,3,37.62,6,2024-05-28,19,Tuesday,5,22
2952,2024-05-08 13:17:00,Inca Kola 500ml,Bebidas,2.49,5,12.45,1,2024-05-08,13,Wednesday,5,19
2953,2024-02-28 19:08:00,Chifles La Doña 80g,Snacks,1.99,2,3.98,7,2024-02-28,19,Wednesday,2,9
2954,2024-07-11 20:27:00,Yogurt Gloria Fresa 1kg,Lácteos,6.55,1,6.55,3,2024-07-11,20,Thursday,7,28
2955,2024-01-23 07:53:00,Agua San Luis 500ml,Bebidas,1.21,1,1.21,1,2024-01-23,7,Tuesday,1,4
2956,2024-04-01 11:52:00,Sal Marina 1kg,Abarrotes,1.52,2,3.04,5,2024-04-01,11,Monday,4,14
2957,2024-02-29 09:26:00,Leche Gloria Entera 1L,Lácteos,4.75,1,4.75,3,2024-02-29,9,Thursday,2,9
2958,2024-01-12 16:35:00,Sal Marina 1kg,Abarrotes,1.46,5,7.3,5,2024-01-12,16,Friday,1,2
2959,2024-07-18 06:58:00,Jabón Bolivar 230g,Limpieza,2.78,1,2.78,6,2024-07-18,6,Thursday,7,29
2960,2024-07-11 20:16:00,Fideos Lavaggi 500g,Abarrotes,2.52,1,2.52,4,2024-07-11,20,Thursday,7,28
2961,2024-03-22 12:44:00,Pañales Huggies T4 x28,Higiene,33.54,2,67.08,6,2024-03-22,12,Friday,3,12
2962,2024-04-16 20:30:00,Mantequilla Gloria 100g,Lácteos,4.2,3,12.6,3,2024-04-16,20,Tuesday,4,16
2963,2024-07-16 21:38:00,Agua San Luis 500ml,Bebidas,1.21,5,6.05,1,2024-07-16,21,Tuesday,7,29
2964,2024-06-10 09:58:00,Chancay 60g,Panadería,0.49,3,1.47,8,2024-06-10,9,Monday,6,24
2965,2024-04-28 10:06:00,Papel Higiénico Elite x4,Higiene,8.68,2,17.36,6,2024-04-28,10,Sunday,4,17
2966,2024-04-15 20:50:00,Fideos Lavaggi 500g,Abarrotes,2.55,2,5.1,4,2024-04-15,20,Monday,4,16
2967,2024-08-23 21:16:00,Aceite Primor 500ml,Abarrotes,5.18,5,25.9,4,2024-08-23,21,Friday,8,34
2968,2024-06-07 13:44:00,Chancay 60g,Panadería,0.5,3,1.5,8,2024-06-07,13,Friday,6,23
2969,2024-04-22 21:36:00,Pan de Molde Bimbo 500g,Panadería,6.57,2,13.14,8,2024-04-22,21,Monday,4,17
2970,2024-03-24 21:20:00,Agua San Luis 2.5L,Bebidas,3.42,1,3.42,1,2024-03-24,21,Sunday,3,12
2971,2024-07-03 11:03:00,Leche Evaporada Gloria,Lácteos,3.25,3,9.75,3,2024-07-03,11,Wednesday,7,27
2972,2024-03-04 18:56:00,Detergente Ace 850g,Limpieza,11.57,3,34.71,6,2024-03-04,18,Monday,3,10
2973,2024-01-19 21:43:00,Leche Gloria Light 1L,Lácteos,4.77,3,14.31,3,2024-01-19,21,Friday,1,3
2974,2024-07-11 18:13:00,Chancay 60g,Panadería,0.49,2,0.98,8,2024-07-11,18,Thursday,7,28
2975,2024-06-30 09:32:00,Pañales Huggies T3 x30,Higiene,32.03,3,96.09,6,2024-06-30,9,Sunday,6,26
2976,2024-06-02 08:00:00,Detergente Ace 850g,Limpieza,11.56,1,11.56,6,2024-06-02,8,Sunday,6,22
2977,2024-03-18 15:33:00,Mantequilla Gloria 100g,Lácteos,4.14,3,12.42,3,2024-03-18,15,Monday,3,12
2978,2024-03-16 18:43:00,Pepsi 500ml,Bebidas,2.34,3,7.02,2,2024-03-16,18,Saturday,3,11
2979,2024-06-06 21:26:00,Pan de Molde Bimbo 500g,Panadería,6.43,1,6.43,8,2024-06-06,21,Thursday,6,23
2980,2024-03-08 08:20:00,Pañales Huggies T4 x28,Higiene,34.74,2,69.48,6,2024-03-08,8,Friday,3,10
2981,2024-07-12 20:36:00,Galletas Soda Field,Snacks,2.85,2,5.7,7,2024-07-12,20,Friday,7,28
2982,2024-07-15 20:12:00,Atún Florida 170g,Conservas,3.97,3,11.91,4,2024-07-15,20,Monday,7,29
2983,2024-04-18 08:16:00,Inca Kola 1.5L,Bebidas,5.62,4,22.48,1,2024-04-18,8,Thursday,4,16
2984,2024-08-06 19:21:00,Leche Evaporada Gloria,Lácteos,3.16,3,9.48,3,2024-08-06,19,Tuesday,8,32
2985,2024-04-11 17:14:00,Leche Gloria Entera 1L,Lácteos,4.66,1,4.66,3,2024-04-11,17,Thursday,4,15
2986,2024-02-11 09:11:00,Pañales Huggies T4 x28,Higiene,33.58,1,33.58,6,2024-02-11,9,Sunday,2,6
2987,2024-04-19 21:44:00,Shampoo Head&Shoulders,Higiene,18.47,3,55.41,6,2024-04-19,21,Friday,4,16
2988,2024-02-04 08:24:00,Papel Higiénico Elite x4,Higiene,8.69,1,8.69,6,2024-02-04,8,Sunday,2,5
2989,2024-03-12 09:05:00,Aceite Primor 500ml,Abarrotes,5.33,3,15.99,4,2024-03-12,9,Tuesday,3,11
2990,2024-07-27 18:03:00,Chifles La Doña 80g,Snacks,2.03,1,2.03,7,2024-07-27,18,Saturday,7,30
2991,2024-01-04 09:33:00,Chancay 60g,Panadería,0.5,2,1.0,8,2024-01-04,9,Thursday,1,1
2992,2024-05-23 07:11:00,Galletas Soda Field,Snacks,2.82,3,8.46,7,2024-05-23,7,Thursday,5,21
2993,2024-04-23 06:59:00,Detergente Ariel 850g,Limpieza,12.46,2,24.92,6,2024-04-23,6,Tuesday,4,17
2994,2024-07-21 07:40:00,Pañales Huggies T3 x30,Higiene,31.67,2,63.34,6,2024-07-21,7,Sunday,7,29
2995,2024-08-23 07:33:00,Leche Gloria Light 1L,Lácteos,4.82,2,9.64,3,2024-08-23,7,Friday,8,34
2996,2024-03-28 08:44:00,Galletas Oreo 36g,Snacks,1.52,3,4.56,7,2024-03-28,8,Thursday,3,13
2997,2024-01-13 21:52:00,Chancay 60g,Panadería,0.49,3,1.47,8,2024-01-13,21,Saturday,1,2
2998,2024-08-30 21:08:00,Fideos Don Vittorio 500g,Abarrotes,2.83,1,2.83,4,2024-08-30,21,Friday,8,35
2999,2024-05-08 21:23:00,Azúcar Cartavio 1kg,Abarrotes,3.4,3,10.2,5,2024-05-08,21,Wednesday,5,19
3000,2024-03-06 21:18:00,Pañales Huggies T4 x28,Higiene,33.93,3,101.79,6,2024-03-06,21,Wednesday,3,10
3001,2024-08-10 07:07:00,Yogurt Gloria Fresa 1kg,Lácteos,6.67,1,6.67,3,2024-08-10,7,Saturday,8,32
3002,2024-08-27 20:18:00,Yogurt Gloria Fresa 1kg,Lácteos,6.54,3,19.62,3,2024-08-27,20,Tuesday,8,35
3003,2024-06-23 08:28:00,Galletas Soda Field,Snacks,2.87,2,5.74,7,2024-06-23,8,Sunday,6,25
3004,2024-07-14 09:18:00,Papel Higiénico Elite x4,Higiene,8.98,3,26.94,6,2024-07-14,9,Sunday,7,28
3005,2024-05-05 07:55:00,Aceite Primor 1L,Abarrotes,8.92,5,44.6,4,2024-05-05,7,Sunday,5,18
3006,2024-07-28 08:22:00,Aceite Primor 1L,Abarrotes,8.98,1,8.98,4,2024-07-28,8,Sunday,7,30
3007,2024-07-24 18:15:00,Pepsi 500ml,Bebidas,2.27,1,2.27,2,2024-07-24,18,Wednesday,7,30
3008,2024-01-09 20:20:00,Arroz Costeño 1kg,Abarrotes,3.8,5,19.0,4,2024-01-09,20,Tuesday,1,2
3009,2024-03-09 13:21:00,Yogurt Gloria Fresa 1kg,Lácteos,6.65,1,6.65,3,2024-03-09,13,Saturday,3,10
3010,2024-01-10 09:32:00,Inca Kola 500ml,Bebidas,2.53,1,2.53,1,2024-01-10,9,Wednesday,1,2
3011,2024-04-22 21:32:00,Papel Higiénico Elite x4,Higiene,9.08,1,9.08,6,2024-04-22,21,Monday,4,17
3012,2024-02-14 08:58:00,Detergente Ariel 850g,Limpieza,12.84,3,38.52,6,2024-02-14,8,Wednesday,2,7
3013,2024-03-08 20:52:00,Fideos Don Vittorio 500g,Abarrotes,2.86,5,14.3,4,2024-03-08,20,Friday,3,10
3014,2024-05-01 12:28:00,Agua San Luis 500ml,Bebidas,1.17,5,5.85,1,2024-05-01,12,Wednesday,5,18
3015,2024-03-02 09:09:00,Sardina Florida 425g,Conservas,4.19,3,12.57,4,2024-03-02,9,Saturday,3,9
3016,2024-05-11 18:51:00,Chifles La Doña 80g,Snacks,2.01,3,6.03,7,2024-05-11,18,Saturday,5,19
3017,2024-05-30 20:56:00,Pañales Huggies T4 x28,Higiene,34.2,3,102.6,6,2024-05-30,20,Thursday,5,22
3018,2024-03-21 20:53:00,Atún Florida 170g,Conservas,3.81,2,7.62,4,2024-03-21,20,Thursday,3,12
3019,2024-06-23 08:14:00,Shampoo Head&Shoulders,Higiene,18.84,1,18.84,6,2024-06-23,8,Sunday,6,25
3020,2024-07-10 14:11:00,Chancay 60g,Panadería,0.49,2,0.98,8,2024-07-10,14,Wednesday,7,28
3021,2024-07-31 13:37:00,Arroz Costeño 5kg,Abarrotes,17.15,4,68.6,4,2024-07-31,13,Wednesday,7,31
3022,2024-03-01 09:09:00,Sal Marina 1kg,Abarrotes,1.54,1,1.54,5,2024-03-01,9,Friday,3,9
3023,2024-05-07 07:56:00,Pan de Molde Bimbo 500g,Panadería,6.39,3,19.17,8,2024-05-07,7,Tuesday,5,19
3024,2024-05-12 07:45:00,Aceite Primor 500ml,Abarrotes,5.22,5,26.1,4,2024-05-12,7,Sunday,5,19
3025,2024-02-12 07:52:00,Arroz Costeño 5kg,Abarrotes,16.99,1,16.99,4,2024-02-12,7,Monday,2,7
3026,2024-02-14 06:04:00,Azúcar Cartavio 1kg,Abarrotes,3.48,5,17.4,5,2024-02-14,6,Wednesday,2,7
3027,2024-04-07 07:32:00,Pañales Huggies T4 x28,Higiene,34.2,3,102.6,6,2024-04-07,7,Sunday,4,14
3028,2024-08-23 21:45:00,Pan de Molde Bimbo 500g,Panadería,6.35,2,12.7,8,2024-08-23,21,Friday,8,34
3029,2024-01-22 12:23:00,Pan de Molde Bimbo 500g,Panadería,6.62,2,13.24,8,2024-01-22,12,Monday,1,4
3030,2024-01-16 13:57:00,Harina Blanca Flor 1kg,Abarrotes,3.16,5,15.8,4,2024-01-16,13,Tuesday,1,3
3031,2024-06-15 07:37:00,Sardina Florida 425g,Conservas,4.26,3,12.78,4,2024-06-15,7,Saturday,6,24
3032,2024-03-11 20:12:00,Galletas Oreo 36g,Snacks,1.48,2,2.96,7,2024-03-11,20,Monday,3,11
3033,2024-03-21 09:02:00,Queso Edam Gloria 250g,Lácteos,12.27,1,12.27,3,2024-03-21,9,Thursday,3,12
3034,2024-04-27 18:58:00,Inca Kola 1.5L,Bebidas,5.34,2,10.68,1,2024-04-27,18,Saturday,4,17
3035,2024-08-29 21:28:00,Fideos Lavaggi 500g,Abarrotes,2.47,1,2.47,4,2024-08-29,21,Thursday,8,35
3036,2024-04-21 21:27:00,Coca-Cola 500ml,Bebidas,2.44,3,7.32,2,2024-04-21,21,Sunday,4,16
3037,2024-08-19 17:19:00,Inca Kola 500ml,Bebidas,2.53,1,2.53,1,2024-08-19,17,Monday,8,34
3038,2024-03-13 08:34:00,Azúcar Cartavio 1kg,Abarrotes,3.42,3,10.26,5,2024-03-13,8,Wednesday,3,11
3039,2024-03-09 21:02:00,Queso Edam Gloria 250g,Lácteos,12.59,3,37.77,3,2024-03-09,21,Saturday,3,10
3040,2024-07-16 12:27:00,Detergente Ace 850g,Limpieza,11.93,2,23.86,6,2024-07-16,12,Tuesday,7,29
3041,2024-05-21 09:46:00,Harina Blanca Flor 1kg,Abarrotes,3.21,5,16.05,4,2024-05-21,9,Tuesday,5,21
3042,2024-02-10 21:50:00,Papel Higiénico Elite x4,Higiene,8.91,1,8.91,6,2024-02-10,21,Saturday,2,6
3043,2024-04-20 09:30:00,Chancay 60g,Panadería,0.51,3,1.53,8,2024-04-20,9,Saturday,4,16
3044,2024-07-19 17:01:00,Galletas Soda Field,Snacks,2.85,2,5.7,7,2024-07-19,17,Friday,7,29
3045,2024-02-16 20:36:00,Pañales Huggies T4 x28,Higiene,34.81,2,69.62,6,2024-02-16,20,Friday,2,7
3046,2024-06-26 10:01:00,Inca Kola 1.5L,Bebidas,5.38,1,5.38,1,2024-06-26,10,Wednesday,6,26
3047,2024-04-26 11:24:00,Detergente Ariel 850g,Limpieza,12.35,1,12.35,6,2024-04-26,11,Friday,4,17
3048,2024-05-21 17:59:00,Agua San Luis 2.5L,Bebidas,3.59,2,7.18,1,2024-05-21,17,Tuesday,5,21
3049,2024-04-02 21:07:00,Pasta Dental Colgate,Higiene,5.5,2,11.0,6,2024-04-02,21,Tuesday,4,14
3050,2024-06-29 09:08:00,Harina Blanca Flor 1kg,Abarrotes,3.16,4,12.64,4,2024-06-29,9,Saturday,6,26
3051,2024-07-19 09:43:00,Aceite Primor 500ml,Abarrotes,5.09,5,25.45,4,2024-07-19,9,Friday,7,29
3052,2024-06-04 18:08:00,Agua San Luis 2.5L,Bebidas,3.45,4,13.8,1,2024-06-04,18,Tuesday,6,23
3053,2024-02-06 21:21:00,Aceite Primor 1L,Abarrotes,8.95,5,44.75,4,2024-02-06,21,Tuesday,2,6
3054,2024-01-14 14:46:00,Shampoo Head&Shoulders,Higiene,18.35,3,55.05,6,2024-01-14,14,Sunday,1,2
3055,2024-01-27 17:43:00,Leche Evaporada Gloria,Lácteos,3.18,2,6.36,3,2024-01-27,17,Saturday,1,4
3056,2024-03-22 20:00:00,Coca-Cola 500ml,Bebidas,2.45,5,12.25,2,2024-03-22,20,Friday,3,12
3057,2024-05-07 06:46:00,Detergente Ace 850g,Limpieza,11.59,1,11.59,6,2024-05-07,6,Tuesday,5,19
3058,2024-02-26 16:26:00,Papel Higiénico Elite x4,Higiene,9.14,2,18.28,6,2024-02-26,16,Monday,2,9
3059,2024-02-13 07:17:00,Pasta Dental Colgate,Higiene,5.66,2,11.32,6,2024-02-13,7,Tuesday,2,7
3060,2024-02-11 16:56:00,Chifles La Doña 80g,Snacks,2.05,3,6.15,7,2024-02-11,16,Sunday,2,6
3061,2024-01-02 08:33:00,Fideos Lavaggi 500g,Abarrotes,2.45,5,12.25,4,2024-01-02,8,Tuesday,1,1
3062,2024-07-02 20:08:00,Fideos Don Vittorio 500g,Abarrotes,2.73,4,10.92,4,2024-07-02,20,Tuesday,7,27
3063,2024-08-24 17:00:00,Chancay 60g,Panadería,0.49,2,0.98,8,2024-08-24,17,Saturday,8,34
3064,2024-08-29 07:05:00,Detergente Ariel 850g,Limpieza,12.56,1,12.56,6,2024-08-29,7,Thursday,8,35
3065,2024-06-05 08:56:00,Inca Kola 500ml,Bebidas,2.57,1,2.57,1,2024-06-05,8,Wednesday,6,23
3066,2024-03-21 07:47:00,Agua San Luis 2.5L,Bebidas,3.55,1,3.55,1,2024-03-21,7,Thursday,3,12
3067,2024-08-30 20:03:00,Azúcar Cartavio 1kg,Abarrotes,3.42,5,17.1,5,2024-08-30,20,Friday,8,35
3068,2024-01-09 21:37:00,Coca-Cola 500ml,Bebidas,2.53,3,7.59,2,2024-01-09,21,Tuesday,1,2
3069,2024-05-03 09:53:00,Inca Kola 500ml,Bebidas,2.56,1,2.56,1,2024-05-03,9,Friday,5,18
3070,2024-07-20 21:44:00,Mantequilla Gloria 100g,Lácteos,4.13,2,8.26,3,2024-07-20,21,Saturday,7,29
3071,2024-07-23 20:26:00,Yogurt Gloria Fresa 1kg,Lácteos,6.52,3,19.56,3,2024-07-23,20,Tuesday,7,30
3072,2024-08-09 17:08:00,Arroz Costeño 5kg,Abarrotes,17.24,5,86.2,4,2024-08-09,17,Friday,8,32
3073,2024-07-15 09:05:00,Galletas Oreo 36g,Snacks,1.53,3,4.59,7,2024-07-15,9,Monday,7,29
3074,2024-08-24 08:12:00,Chifles La Doña 80g,Snacks,2.04,2,4.08,7,2024-08-24,8,Saturday,8,34
3075,2024-02-24 08:02:00,Agua San Luis 2.5L,Bebidas,3.46,3,10.38,1,2024-02-24,8,Saturday,2,8
3076,2024-03-31 18:14:00,Yogurt Gloria Fresa 1kg,Lácteos,6.38,3,19.14,3,2024-03-31,18,Sunday,3,13
3077,2024-08-16 09:23:00,Pasta Dental Colgate,Higiene,5.42,2,10.84,6,2024-08-16,9,Friday,8,33
3078,2024-03-27 10:26:00,Sal Marina 1kg,Abarrotes,1.46,5,7.3,5,2024-03-27,10,Wednesday,3,13
3079,2024-05-19 21:28:00,Fideos Lavaggi 500g,Abarrotes,2.51,2,5.02,4,2024-05-19,21,Sunday,5,20
3080,2024-07-02 15:59:00,Azúcar Cartavio 1kg,Abarrotes,3.5,5,17.5,5,2024-07-02,15,Tuesday,7,27
3081,2024-03-18 16:51:00,Pan de Molde Bimbo 500g,Panadería,6.45,1,6.45,8,2024-03-18,16,Monday,3,12
3082,2024-04-13 07:21:00,Atún Florida 170g,Conservas,3.8,2,7.6,4,2024-04-13,7,Saturday,4,15
3083,2024-08-25 07:25:00,Shampoo Head&Shoulders,Higiene,18.44,2,36.88,6,2024-08-25,7,Sunday,8,34
3084,2024-03-31 08:10:00,Jabón Bolivar 230g,Limpieza,2.81,1,2.81,6,2024-03-31,8,Sunday,3,13
3085,2024-06-01 08:57:00,Inca Kola 500ml,Bebidas,2.44,3,7.32,1,2024-06-01,8,Saturday,6,22
3086,2024-06-10 06:42:00,Galletas Soda Field,Snacks,2.73,3,8.19,7,2024-06-10,6,Monday,6,24
3087,2024-01-26 09:29:00,Azúcar Cartavio 1kg,Abarrotes,3.59,5,17.95,5,2024-01-26,9,Friday,1,4
3088,2024-06-02 06:09:00,Leche Gloria Entera 1L,Lácteos,4.89,2,9.78,3,2024-06-02,6,Sunday,6,22
3089,2024-06-23 20:10:00,Shampoo Head&Shoulders,Higiene,17.97,3,53.91,6,2024-06-23,20,Sunday,6,25
3090,2024-08-23 08:44:00,Detergente Ace 850g,Limpieza,12.03,1,12.03,6,2024-08-23,8,Friday,8,34
3091,2024-08-16 07:11:00,Inca Kola 500ml,Bebidas,2.56,4,10.24,1,2024-08-16,7,Friday,8,33
3092,2024-04-01 07:00:00,Mantequilla Gloria 100g,Lácteos,4.29,1,4.29,3,2024-04-01,7,Monday,4,14
3093,2024-01-21 21:13:00,Pepsi 500ml,Bebidas,2.36,2,4.72,2,2024-01-21,21,Sunday,1,3
3094,2024-07-23 14:28:00,Detergente Ariel 850g,Limpieza,12.79,3,38.37,6,2024-07-23,14,Tuesday,7,30
3095,2024-01-09 20:53:00,Jabón Bolivar 230g,Limpieza,2.73,2,5.46,6,2024-01-09,20,Tuesday,1,2
3096,2024-06-29 07:29:00,Shampoo Head&Shoulders,Higiene,18.56,3,55.68,6,2024-06-29,7,Saturday,6,26
3097,2024-06-30 17:41:00,Detergente Ariel 850g,Limpieza,12.81,1,12.81,6,2024-06-30,17,Sunday,6,26
3098,2024-01-13 08:18:00,Agua San Luis 500ml,Bebidas,1.18,5,5.9,1,2024-01-13,8,Saturday,1,2
3099,2024-07-16 12:44:00,Atún Florida 170g,Conservas,3.81,3,11.43,4,2024-07-16,12,Tuesday,7,29
3100,2024-03-30 07:56:00,Fideos Lavaggi 500g,Abarrotes,2.49,2,4.98,4,2024-03-30,7,Saturday,3,13
3101,2024-06-05 15:04:00,Chifles La Doña 80g,Snacks,2.01,1,2.01,7,2024-06-05,15,Wednesday,6,23
3102,2024-02-26 16:56:00,Leche Gloria Entera 1L,Lácteos,4.83,3,14.49,3,2024-02-26,16,Monday,2,9
3103,2024-05-19 20:58:00,Aceite Primor 500ml,Abarrotes,5.26,3,15.78,4,2024-05-19,20,Sunday,5,20
3104,2024-02-07 08:04:00,Jabón Bolivar 230g,Limpieza,2.73,1,2.73,6,2024-02-07,8,Wednesday,2,6
3105,2024-05-25 06:41:00,Galletas Soda Field,Snacks,2.78,1,2.78,7,2024-05-25,6,Saturday,5,21
3106,2024-08-29 07:04:00,Pañales Huggies T4 x28,Higiene,33.77,3,101.31,6,2024-08-29,7,Thursday,8,35
3107,2024-05-02 09:57:00,Shampoo Head&Shoulders,Higiene,19.05,1,19.05,6,2024-05-02,9,Thursday,5,18
3108,2024-03-09 10:45:00,Chifles La Doña 80g,Snacks,2.02,1,2.02,7,2024-03-09,10,Saturday,3,10
3109,2024-08-05 09:44:00,Mantequilla Gloria 100g,Lácteos,4.29,2,8.58,3,2024-08-05,9,Monday,8,32
3110,2024-01-01 21:24:00,Inca Kola 1.5L,Bebidas,5.45,2,10.9,1,2024-01-01,21,Monday,1,1
3111,2024-02-25 08:53:00,Inca Kola 500ml,Bebidas,2.44,1,2.44,1,2024-02-25,8,Sunday,2,8
3112,2024-04-07 20:57:00,Arroz Costeño 5kg,Abarrotes,17.17,4,68.68,4,2024-04-07,20,Sunday,4,14
3113,2024-04-27 20:37:00,Leche Gloria Entera 1L,Lácteos,4.84,1,4.84,3,2024-04-27,20,Saturday,4,17
3114,2024-06-28 13:50:00,Mantequilla Gloria 100g,Lácteos,4.15,1,4.15,3,2024-06-28,13,Friday,6,26
3115,2024-01-18 07:36:00,Leche Gloria Entera 1L,Lácteos,4.84,1,4.84,3,2024-01-18,7,Thursday,1,3
3116,2024-08-02 17:15:00,Pañales Huggies T3 x30,Higiene,32.77,1,32.77,6,2024-08-02,17,Friday,8,31
3117,2024-05-22 14:15:00,Chancay 60g,Panadería,0.49,1,0.49,8,2024-05-22,14,Wednesday,5,21
3118,2024-01-23 21:14:00,Leche Gloria Light 1L,Lácteos,4.93,1,4.93,3,2024-01-23,21,Tuesday,1,4
3119,2024-03-13 16:59:00,Inca Kola 500ml,Bebidas,2.48,4,9.92,1,2024-03-13,16,Wednesday,3,11
3120,2024-05-22 20:20:00,Mantequilla Gloria 100g,Lácteos,4.29,3,12.87,3,2024-05-22,20,Wednesday,5,21
3121,2024-02-13 19:19:00,Agua San Luis 2.5L,Bebidas,3.48,2,6.96,1,2024-02-13,19,Tuesday,2,7
3122,2024-08-03 09:51:00,Azúcar Cartavio 1kg,Abarrotes,3.56,2,7.12,5,2024-08-03,9,Saturday,8,31
3123,2024-04-27 20:04:00,Yogurt Gloria Fresa 1kg,Lácteos,6.49,2,12.98,3,2024-04-27,20,Saturday,4,17
3124,2024-08-15 09:08:00,Pasta Dental Colgate,Higiene,5.63,1,5.63,6,2024-08-15,9,Thursday,8,33
3125,2024-01-24 11:14:00,Leche Gloria Light 1L,Lácteos,4.97,3,14.91,3,2024-01-24,11,Wednesday,1,4
3126,2024-02-16 09:10:00,Inca Kola 500ml,Bebidas,2.52,1,2.52,1,2024-02-16,9,Friday,2,7
3127,2024-01-18 20:33:00,Aceite Primor 1L,Abarrotes,9.12,5,45.6,4,2024-01-18,20,Thursday,1,3
3128,2024-06-24 20:27:00,Inca Kola 500ml,Bebidas,2.54,1,2.54,1,2024-06-24,20,Monday,6,26
3129,2024-04-21 08:21:00,Chifles La Doña 80g,Snacks,2.01,3,6.03,7,2024-04-21,8,Sunday,4,16
3130,2024-08-13 21:44:00,Queso Edam Gloria 250g,Lácteos,12.25,2,24.5,3,2024-08-13,21,Tuesday,8,33
3131,2024-04-07 07:45:00,Leche Gloria Entera 1L,Lácteos,4.87,1,4.87,3,2024-04-07,7,Sunday,4,14
3132,2024-08-22 09:48:00,Jabón Bolivar 230g,Limpieza,2.82,3,8.46,6,2024-08-22,9,Thursday,8,34
3133,2024-01-18 21:38:00,Arroz Costeño 5kg,Abarrotes,17.51,2,35.02,4,2024-01-18,21,Thursday,1,3
3134,2024-05-02 14:21:00,Queso Edam Gloria 250g,Lácteos,12.77,2,25.54,3,2024-05-02,14,Thursday,5,18
3135,2024-05-11 09:48:00,Leche Gloria Entera 1L,Lácteos,4.7,2,9.4,3,2024-05-11,9,Saturday,5,19
3136,2024-02-15 15:34:00,Pepsi 500ml,Bebidas,2.32,2,4.64,2,2024-02-15,15,Thursday,2,7
3137,2024-02-04 10:03:00,Azúcar Cartavio 1kg,Abarrotes,3.41,3,10.23,5,2024-02-04,10,Sunday,2,5
3138,2024-05-04 12:46:00,Fideos Lavaggi 500g,Abarrotes,2.56,2,5.12,4,2024-05-04,12,Saturday,5,18
3139,2024-07-10 08:23:00,Sublime 36g,Snacks,1.51,3,4.53,7,2024-07-10,8,Wednesday,7,28
3140,2024-06-28 07:47:00,Arroz Costeño 1kg,Abarrotes,3.72,1,3.72,4,2024-06-28,7,Friday,6,26
3141,2024-01-13 09:44:00,Arroz Costeño 5kg,Abarrotes,17.2,2,34.4,4,2024-01-13,9,Saturday,1,2
3142,2024-02-03 21:22:00,Leche Evaporada Gloria,Lácteos,3.24,1,3.24,3,2024-02-03,21,Saturday,2,5
3143,2024-03-03 20:02:00,Leche Gloria Entera 1L,Lácteos,4.8,1,4.8,3,2024-03-03,20,Sunday,3,9
3144,2024-03-26 19:16:00,Pañales Huggies T3 x30,Higiene,31.91,2,63.82,6,2024-03-26,19,Tuesday,3,13
3145,2024-03-29 13:59:00,Pepsi 500ml,Bebidas,2.29,4,9.16,2,2024-03-29,13,Friday,3,13
3146,2024-04-11 09:39:00,Detergente Ariel 850g,Limpieza,12.29,3,36.87,6,2024-04-11,9,Thursday,4,15
3147,2024-06-24 07:38:00,Agua San Luis 500ml,Bebidas,1.19,1,1.19,1,2024-06-24,7,Monday,6,26
3148,2024-04-30 09:02:00,Agua San Luis 500ml,Bebidas,1.21,2,2.42,1,2024-04-30,9,Tuesday,4,18
3149,2024-02-25 07:16:00,Sublime 36g,Snacks,1.53,1,1.53,7,2024-02-25,7,Sunday,2,8
3150,2024-07-29 09:24:00,Chancay 60g,Panadería,0.49,2,0.98,8,2024-07-29,9,Monday,7,31
3151,2024-01-21 12:07:00,Mantequilla Gloria 100g,Lácteos,4.2,2,8.4,3,2024-01-21,12,Sunday,1,3
3152,2024-01-15 21:53:00,Chifles La Doña 80g,Snacks,2.04,2,4.08,7,2024-01-15,21,Monday,1,3
3153,2024-04-27 07:24:00,Papel Higiénico Elite x4,Higiene,9.01,1,9.01,6,2024-04-27,7,Saturday,4,17
3154,2024-01-22 18:23:00,Yogurt Gloria Fresa 1kg,Lácteos,6.33,2,12.66,3,2024-01-22,18,Monday,1,4
3155,2024-03-14 14:19:00,Queso Edam Gloria 250g,Lácteos,12.15,3,36.45,3,2024-03-14,14,Thursday,3,11
3156,2024-04-10 15:38:00,Pañales Huggies T4 x28,Higiene,34.44,1,34.44,6,2024-04-10,15,Wednesday,4,15
3157,2024-04-16 21:41:00,Mantequilla Gloria 100g,Lácteos,4.17,3,12.51,3,2024-04-16,21,Tuesday,4,16
3158,2024-02-18 07:24:00,Pasta Dental Colgate,Higiene,5.48,1,5.48,6,2024-02-18,7,Sunday,2,7
3159,2024-01-23 07:16:00,Leche Gloria Light 1L,Lácteos,4.98,1,4.98,3,2024-01-23,7,Tuesday,1,4
3160,2024-08-23 16:41:00,Leche Evaporada Gloria,Lácteos,3.24,3,9.72,3,2024-08-23,16,Friday,8,34
3161,2024-06-21 09:32:00,Fideos Lavaggi 500g,Abarrotes,2.52,5,12.6,4,2024-06-21,9,Friday,6,25
3162,2024-05-16 09:47:00,Coca-Cola 500ml,Bebidas,2.56,5,12.8,2,2024-05-16,9,Thursday,5,20
3163,2024-06-12 08:58:00,Yogurt Gloria Fresa 1kg,Lácteos,6.34,3,19.02,3,2024-06-12,8,Wednesday,6,24
3164,2024-06-23 20:12:00,Mantequilla Gloria 100g,Lácteos,4.16,3,12.48,3,2024-06-23,20,Sunday,6,25
3165,2024-08-15 08:29:00,Sal Marina 1kg,Abarrotes,1.54,2,3.08,5,2024-08-15,8,Thursday,8,33
3166,2024-04-03 20:15:00,Pepsi 500ml,Bebidas,2.36,3,7.08,2,2024-04-03,20,Wednesday,4,14
3167,2024-07-26 08:05:00,Coca-Cola 500ml,Bebidas,2.55,3,7.65,2,2024-07-26,8,Friday,7,30
3168,2024-05-07 21:46:00,Sublime 36g,Snacks,1.49,2,2.98,7,2024-05-07,21,Tuesday,5,19
3169,2024-07-18 14:31:00,Pasta Dental Colgate,Higiene,5.6,2,11.2,6,2024-07-18,14,Thursday,7,29
3170,2024-05-30 14:46:00,Papel Higiénico Elite x4,Higiene,8.81,3,26.43,6,2024-05-30,14,Thursday,5,22
3171,2024-04-02 19:23:00,Arroz Costeño 1kg,Abarrotes,3.79,5,18.95,4,2024-04-02,19,Tuesday,4,14
3172,2024-04-10 21:51:00,Fideos Lavaggi 500g,Abarrotes,2.49,1,2.49,4,2024-04-10,21,Wednesday,4,15
3173,2024-02-02 08:18:00,Fideos Lavaggi 500g,Abarrotes,2.43,3,7.29,4,2024-02-02,8,Friday,2,5
3174,2024-05-26 21:32:00,Inca Kola 500ml,Bebidas,2.55,1,2.55,1,2024-05-26,21,Sunday,5,21
3175,2024-07-13 20:20:00,Aceite Primor 500ml,Abarrotes,5.22,3,15.66,4,2024-07-13,20,Saturday,7,28
3176,2024-03-18 11:07:00,Papel Higiénico Elite x4,Higiene,8.64,1,8.64,6,2024-03-18,11,Monday,3,12
3177,2024-02-04 09:37:00,Fideos Lavaggi 500g,Abarrotes,2.46,1,2.46,4,2024-02-04,9,Sunday,2,5
3178,2024-02-01 15:03:00,Lejía Clorox 900ml,Limpieza,4.62,3,13.86,6,2024-02-01,15,Thursday,2,5
3179,2024-05-29 07:26:00,Chancay 60g,Panadería,0.49,1,0.49,8,2024-05-29,7,Wednesday,5,22
3180,2024-08-14 20:28:00,Sardina Florida 425g,Conservas,4.18,3,12.54,4,2024-08-14,20,Wednesday,8,33
3181,2024-02-27 09:57:00,Pasta Dental Colgate,Higiene,5.34,1,5.34,6,2024-02-27,9,Tuesday,2,9
3182,2024-05-06 17:58:00,Leche Gloria Light 1L,Lácteos,4.79,1,4.79,3,2024-05-06,17,Monday,5,19
3183,2024-01-21 21:05:00,Leche Gloria Light 1L,Lácteos,4.84,3,14.52,3,2024-01-21,21,Sunday,1,3
3184,2024-02-23 21:47:00,Aceite Primor 1L,Abarrotes,8.86,2,17.72,4,2024-02-23,21,Friday,2,8
3185,2024-07-23 21:54:00,Chifles La Doña 80g,Snacks,2.02,3,6.06,7,2024-07-23,21,Tuesday,7,30
3186,2024-01-13 07:41:00,Galletas Soda Field,Snacks,2.86,1,2.86,7,2024-01-13,7,Saturday,1,2
3187,2024-06-26 21:56:00,Inca Kola 1.5L,Bebidas,5.41,2,10.82,1,2024-06-26,21,Wednesday,6,26
3188,2024-04-28 21:25:00,Shampoo Head&Shoulders,Higiene,18.3,3,54.9,6,2024-04-28,21,Sunday,4,17
3189,2024-02-19 20:17:00,Arroz Costeño 1kg,Abarrotes,3.83,1,3.83,4,2024-02-19,20,Monday,2,8
3190,2024-08-24 17:52:00,Coca-Cola 500ml,Bebidas,2.55,2,5.1,2,2024-08-24,17,Saturday,8,34
3191,2024-01-17 08:20:00,Chancay 60g,Panadería,0.5,3,1.5,8,2024-01-17,8,Wednesday,1,3
3192,2024-01-10 07:30:00,Coca-Cola 500ml,Bebidas,2.53,2,5.06,2,2024-01-10,7,Wednesday,1,2
3193,2024-03-20 08:42:00,Agua San Luis 500ml,Bebidas,1.17,2,2.34,1,2024-03-20,8,Wednesday,3,12
3194,2024-06-03 20:49:00,Inca Kola 1.5L,Bebidas,5.59,2,11.18,1,2024-06-03,20,Monday,6,23
3195,2024-07-25 08:31:00,Sublime 36g,Snacks,1.54,1,1.54,7,2024-07-25,8,Thursday,7,30
3196,2024-02-01 09:22:00,Arroz Costeño 1kg,Abarrotes,3.85,3,11.55,4,2024-02-01,9,Thursday,2,5
3197,2024-07-17 20:38:00,Sublime 36g,Snacks,1.47,3,4.41,7,2024-07-17,20,Wednesday,7,29
3198,2024-07-19 07:46:00,Galletas Soda Field,Snacks,2.88,2,5.76,7,2024-07-19,7,Friday,7,29
3199,2024-07-30 12:58:00,Detergente Ariel 850g,Limpieza,12.24,1,12.24,6,2024-07-30,12,Tuesday,7,31
3200,2024-06-12 20:14:00,Yogurt Gloria Fresa 1kg,Lácteos,6.55,3,19.65,3,2024-06-12,20,Wednesday,6,24
3201,2024-06-03 06:18:00,Sublime 36g,Snacks,1.53,2,3.06,7,2024-06-03,6,Monday,6,23
3202,2024-07-19 20:14:00,Azúcar Cartavio 1kg,Abarrotes,3.48,4,13.92,5,2024-07-19,20,Friday,7,29
3203,2024-03-30 21:25:00,Chifles La Doña 80g,Snacks,2.05,1,2.05,7,2024-03-30,21,Saturday,3,13
3204,2024-04-27 07:24:00,Pan de Molde Bimbo 500g,Panadería,6.5,3,19.5,8,2024-04-27,7,Saturday,4,17
3205,2024-07-14 20:53:00,Leche Gloria Light 1L,Lácteos,4.87,1,4.87,3,2024-07-14,20,Sunday,7,28
3206,2024-01-04 20:25:00,Leche Gloria Entera 1L,Lácteos,4.76,1,4.76,3,2024-01-04,20,Thursday,1,1
3207,2024-02-26 11:45:00,Pan de Molde Bimbo 500g,Panadería,6.68,1,6.68,8,2024-02-26,11,Monday,2,9
3208,2024-06-19 19:59:00,Galletas Soda Field,Snacks,2.84,3,8.52,7,2024-06-19,19,Wednesday,6,25
3209,2024-08-08 08:30:00,Chancay 60g,Panadería,0.49,1,0.49,8,2024-08-08,8,Thursday,8,32
3210,2024-02-03 07:44:00,Fideos Don Vittorio 500g,Abarrotes,2.74,2,5.48,4,2024-02-03,7,Saturday,2,5
3211,2024-08-23 06:40:00,Aceite Primor 1L,Abarrotes,9.04,1,9.04,4,2024-08-23,6,Friday,8,34
3212,2024-03-05 17:35:00,Harina Blanca Flor 1kg,Abarrotes,3.13,5,15.65,4,2024-03-05,17,Tuesday,3,10
3213,2024-02-15 17:25:00,Aceite Primor 500ml,Abarrotes,5.16,1,5.16,4,2024-02-15,17,Thursday,2,7
3214,2024-02-24 20:57:00,Jabón Bolivar 230g,Limpieza,2.76,2,5.52,6,2024-02-24,20,Saturday,2,8
3215,2024-08-09 08:54:00,Galletas Oreo 36g,Snacks,1.47,3,4.41,7,2024-08-09,8,Friday,8,32
3216,2024-03-10 21:17:00,Pepsi 500ml,Bebidas,2.35,1,2.35,2,2024-03-10,21,Sunday,3,10
3217,2024-05-04 13:54:00,Inca Kola 500ml,Bebidas,2.57,5,12.85,1,2024-05-04,13,Saturday,5,18
3218,2024-06-16 10:00:00,Leche Gloria Light 1L,Lácteos,4.77,3,14.31,3,2024-06-16,10,Sunday,6,24
3219,2024-02-14 20:32:00,Lejía Clorox 900ml,Limpieza,4.54,2,9.08,6,2024-02-14,20,Wednesday,2,7
3220,2024-05-26 21:42:00,Azúcar Cartavio 1kg,Abarrotes,3.48,3,10.44,5,2024-05-26,21,Sunday,5,21
3221,2024-07-06 08:02:00,Sardina Florida 425g,Conservas,4.15,2,8.3,4,2024-07-06,8,Saturday,7,27
3222,2024-01-19 08:23:00,Mantequilla Gloria 100g,Lácteos,4.18,1,4.18,3,2024-01-19,8,Friday,1,3
3223,2024-01-19 09:21:00,Fideos Lavaggi 500g,Abarrotes,2.49,3,7.47,4,2024-01-19,9,Friday,1,3
3224,2024-05-25 08:36:00,Inca Kola 1.5L,Bebidas,5.53,4,22.12,1,2024-05-25,8,Saturday,5,21
3225,2024-05-31 21:22:00,Arroz Costeño 5kg,Abarrotes,17.04,2,34.08,4,2024-05-31,21,Friday,5,22
3226,2024-07-26 08:10:00,Inca Kola 500ml,Bebidas,2.57,4,10.28,1,2024-07-26,8,Friday,7,30
3227,2024-01-19 21:06:00,Inca Kola 500ml,Bebidas,2.53,2,5.06,1,2024-01-19,21,Friday,1,3
3228,2024-02-08 20:36:00,Agua San Luis 2.5L,Bebidas,3.55,2,7.1,1,2024-02-08,20,Thursday,2,6
3229,2024-08-19 18:29:00,Pañales Huggies T4 x28,Higiene,34.14,3,102.42,6,2024-08-19,18,Monday,8,34
3230,2024-04-13 09:30:00,Pasta Dental Colgate,Higiene,5.36,1,5.36,6,2024-04-13,9,Saturday,4,15
3231,2024-05-05 13:05:00,Pañales Huggies T4 x28,Higiene,34.99,3,104.97,6,2024-05-05,13,Sunday,5,18
3232,2024-02-03 21:43:00,Aceite Primor 500ml,Abarrotes,5.19,1,5.19,4,2024-02-03,21,Saturday,2,5
3233,2024-06-27 21:41:00,Jabón Bolivar 230g,Limpieza,2.79,3,8.37,6,2024-06-27,21,Thursday,6,26
3234,2024-08-03 12:40:00,Sal Marina 1kg,Abarrotes,1.54,5,7.7,5,2024-08-03,12,Saturday,8,31
3235,2024-02-21 07:40:00,Atún Florida 170g,Conservas,3.86,2,7.72,4,2024-02-21,7,Wednesday,2,8
3236,2024-01-08 16:11:00,Arroz Costeño 1kg,Abarrotes,3.71,2,7.42,4,2024-01-08,16,Monday,1,2
3237,2024-02-10 07:22:00,Coca-Cola 500ml,Bebidas,2.54,1,2.54,2,2024-02-10,7,Saturday,2,6
3238,2024-07-25 21:36:00,Galletas Soda Field,Snacks,2.79,3,8.37,7,2024-07-25,21,Thursday,7,30
3239,2024-05-02 07:00:00,Harina Blanca Flor 1kg,Abarrotes,3.18,2,6.36,4,2024-05-02,7,Thursday,5,18
3240,2024-04-28 21:34:00,Pan de Molde Bimbo 500g,Panadería,6.6,3,19.8,8,2024-04-28,21,Sunday,4,17
3241,2024-04-12 08:37:00,Galletas Soda Field,Snacks,2.87,2,5.74,7,2024-04-12,8,Friday,4,15
3242,2024-04-17 18:56:00,Agua San Luis 2.5L,Bebidas,3.48,3,10.44,1,2024-04-17,18,Wednesday,4,16
3243,2024-03-06 07:01:00,Coca-Cola 500ml,Bebidas,2.46,4,9.84,2,2024-03-06,7,Wednesday,3,10
3244,2024-06-27 07:02:00,Sardina Florida 425g,Conservas,4.26,3,12.78,4,2024-06-27,7,Thursday,6,26
3245,2024-05-24 20:29:00,Fideos Lavaggi 500g,Abarrotes,2.44,4,9.76,4,2024-05-24,20,Friday,5,21
3246,2024-06-15 21:14:00,Mantequilla Gloria 100g,Lácteos,4.13,2,8.26,3,2024-06-15,21,Saturday,6,24
3247,2024-05-31 20:11:00,Detergente Ace 850g,Limpieza,11.79,2,23.58,6,2024-05-31,20,Friday,5,22
3248,2024-05-15 08:43:00,Aceite Primor 1L,Abarrotes,8.86,2,17.72,4,2024-05-15,8,Wednesday,5,20
3249,2024-01-21 15:58:00,Sal Marina 1kg,Abarrotes,1.51,5,7.55,5,2024-01-21,15,Sunday,1,3
3250,2024-08-03 16:39:00,Pan de Molde Bimbo 500g,Panadería,6.44,2,12.88,8,2024-08-03,16,Saturday,8,31
3251,2024-04-15 13:19:00,Harina Blanca Flor 1kg,Abarrotes,3.25,3,9.75,4,2024-04-15,13,Monday,4,16
3252,2024-07-09 09:16:00,Harina Blanca Flor 1kg,Abarrotes,3.26,1,3.26,4,2024-07-09,9,Tuesday,7,28
3253,2024-06-05 09:59:00,Atún Florida 170g,Conservas,3.92,3,11.76,4,2024-06-05,9,Wednesday,6,23
3254,2024-08-01 14:17:00,Sal Marina 1kg,Abarrotes,1.5,5,7.5,5,2024-08-01,14,Thursday,8,31
3255,2024-05-27 19:16:00,Azúcar Cartavio 1kg,Abarrotes,3.51,1,3.51,5,2024-05-27,19,Monday,5,22
3256,2024-02-13 07:37:00,Pan de Molde Bimbo 500g,Panadería,6.5,2,13.0,8,2024-02-13,7,Tuesday,2,7
3257,2024-06-03 12:36:00,Leche Evaporada Gloria,Lácteos,3.26,3,9.78,3,2024-06-03,12,Monday,6,23
3258,2024-05-29 14:06:00,Sublime 36g,Snacks,1.47,1,1.47,7,2024-05-29,14,Wednesday,5,22
3259,2024-08-16 20:08:00,Inca Kola 500ml,Bebidas,2.53,1,2.53,1,2024-08-16,20,Friday,8,33
3260,2024-08-08 20:30:00,Leche Gloria Light 1L,Lácteos,4.84,2,9.68,3,2024-08-08,20,Thursday,8,32
3261,2024-03-30 09:45:00,Sublime 36g,Snacks,1.49,2,2.98,7,2024-03-30,9,Saturday,3,13
3262,2024-07-23 10:02:00,Galletas Oreo 36g,Snacks,1.46,1,1.46,7,2024-07-23,10,Tuesday,7,30
3263,2024-03-12 15:24:00,Atún Florida 170g,Conservas,3.82,1,3.82,4,2024-03-12,15,Tuesday,3,11
3264,2024-05-25 07:09:00,Azúcar Cartavio 1kg,Abarrotes,3.42,3,10.26,5,2024-05-25,7,Saturday,5,21
3265,2024-02-22 20:21:00,Leche Gloria Light 1L,Lácteos,5.01,2,10.02,3,2024-02-22,20,Thursday,2,8
3266,2024-06-29 12:21:00,Sublime 36g,Snacks,1.49,3,4.47,7,2024-06-29,12,Saturday,6,26
3267,2024-01-01 19:51:00,Galletas Oreo 36g,Snacks,1.54,1,1.54,7,2024-01-01,19,Monday,1,1
3268,2024-08-29 09:23:00,Arroz Costeño 5kg,Abarrotes,17.29,5,86.45,4,2024-08-29,9,Thursday,8,35
3269,2024-06-27 21:14:00,Fideos Don Vittorio 500g,Abarrotes,2.73,1,2.73,4,2024-06-27,21,Thursday,6,26
3270,2024-05-20 20:18:00,Chancay 60g,Panadería,0.49,1,0.49,8,2024-05-20,20,Monday,5,21
3271,2024-02-10 10:02:00,Pañales Huggies T3 x30,Higiene,31.91,1,31.91,6,2024-02-10,10,Saturday,2,6
3272,2024-03-15 08:13:00,Pasta Dental Colgate,Higiene,5.37,3,16.11,6,2024-03-15,8,Friday,3,11
3273,2024-02-29 19:32:00,Atún Florida 170g,Conservas,3.95,3,11.85,4,2024-02-29,19,Thursday,2,9
3274,2024-07-19 06:02:00,Papel Higiénico Elite x4,Higiene,9.06,3,27.18,6,2024-07-19,6,Friday,7,29
3275,2024-06-30 10:36:00,Sardina Florida 425g,Conservas,4.17,2,8.34,4,2024-06-30,10,Sunday,6,26
3276,2024-01-13 09:05:00,Queso Edam Gloria 250g,Lácteos,12.62,3,37.86,3,2024-01-13,9,Saturday,1,2
3277,2024-04-22 08:29:00,Galletas Soda Field,Snacks,2.75,2,5.5,7,2024-04-22,8,Monday,4,17
3278,2024-03-18 08:03:00,Coca-Cola 500ml,Bebidas,2.46,2,4.92,2,2024-03-18,8,Monday,3,12
3279,2024-08-30 07:52:00,Detergente Ace 850g,Limpieza,11.98,3,35.94,6,2024-08-30,7,Friday,8,35
3280,2024-04-18 20:28:00,Fideos Lavaggi 500g,Abarrotes,2.53,3,7.59,4,2024-04-18,20,Thursday,4,16
3281,2024-02-20 09:09:00,Aceite Primor 1L,Abarrotes,9.06,5,45.3,4,2024-02-20,9,Tuesday,2,8
3282,2024-02-04 08:25:00,Inca Kola 500ml,Bebidas,2.57,5,12.85,1,2024-02-04,8,Sunday,2,5
3283,2024-02-22 13:01:00,Arroz Costeño 5kg,Abarrotes,17.18,2,34.36,4,2024-02-22,13,Thursday,2,8
3284,2024-04-29 20:42:00,Pañales Huggies T3 x30,Higiene,33.05,2,66.1,6,2024-04-29,20,Monday,4,18
3285,2024-08-26 20:54:00,Detergente Ace 850g,Limpieza,11.64,2,23.28,6,2024-08-26,20,Monday,8,35
3286,2024-06-05 16:15:00,Galletas Oreo 36g,Snacks,1.46,3,4.38,7,2024-06-05,16,Wednesday,6,23
3287,2024-06-13 20:05:00,Fideos Lavaggi 500g,Abarrotes,2.56,2,5.12,4,2024-06-13,20,Thursday,6,24
3288,2024-05-22 21:10:00,Queso Edam Gloria 250g,Lácteos,12.15,1,12.15,3,2024-05-22,21,Wednesday,5,21
3289,2024-07-02 10:02:00,Fideos Lavaggi 500g,Abarrotes,2.51,2,5.02,4,2024-07-02,10,Tuesday,7,27
3290,2024-01-18 06:05:00,Pasta Dental Colgate,Higiene,5.57,2,11.14,6,2024-01-18,6,Thursday,1,3
3291,2024-06-18 15:03:00,Aceite Primor 1L,Abarrotes,8.66,3,25.98,4,2024-06-18,15,Tuesday,6,25
3292,2024-08-22 20:46:00,Pañales Huggies T3 x30,Higiene,33.15,1,33.15,6,2024-08-22,20,Thursday,8,34
3293,2024-06-13 21:20:00,Galletas Oreo 36g,Snacks,1.49,2,2.98,7,2024-06-13,21,Thursday,6,24
3294,2024-08-24 08:23:00,Aceite Primor 500ml,Abarrotes,5.11,5,25.55,4,2024-08-24,8,Saturday,8,34
3295,2024-02-09 21:40:00,Shampoo Head&Shoulders,Higiene,18.32,1,18.32,6,2024-02-09,21,Friday,2,6
3296,2024-02-16 09:02:00,Agua San Luis 500ml,Bebidas,1.22,5,6.1,1,2024-02-16,9,Friday,2,7
3297,2024-04-08 21:45:00,Jabón Bolivar 230g,Limpieza,2.87,2,5.74,6,2024-04-08,21,Monday,4,15
3298,2024-08-30 07:40:00,Yogurt Gloria Fresa 1kg,Lácteos,6.48,1,6.48,3,2024-08-30,7,Friday,8,35
3299,2024-07-22 07:05:00,Agua San Luis 500ml,Bebidas,1.23,1,1.23,1,2024-07-22,7,Monday,7,30
3300,2024-05-15 20:15:00,Leche Gloria Light 1L,Lácteos,4.85,3,14.55,3,2024-05-15,20,Wednesday,5,20
3301,2024-04-16 07:42:00,Pan de Molde Bimbo 500g,Panadería,6.48,1,6.48,8,2024-04-16,7,Tuesday,4,16
3302,2024-08-08 15:44:00,Pepsi 500ml,Bebidas,2.34,1,2.34,2,2024-08-08,15,Thursday,8,32
3303,2024-06-02 07:37:00,Azúcar Cartavio 1kg,Abarrotes,3.52,5,17.6,5,2024-06-02,7,Sunday,6,22
3304,2024-02-15 09:31:00,Detergente Ariel 850g,Limpieza,12.25,1,12.25,6,2024-02-15,9,Thursday,2,7
3305,2024-08-19 21:47:00,Yogurt Gloria Fresa 1kg,Lácteos,6.4,2,12.8,3,2024-08-19,21,Monday,8,34
3306,2024-04-26 07:23:00,Pan de Molde Bimbo 500g,Panadería,6.36,2,12.72,8,2024-04-26,7,Friday,4,17
3307,2024-04-06 09:20:00,Leche Gloria Light 1L,Lácteos,4.99,3,14.97,3,2024-04-06,9,Saturday,4,14
3308,2024-08-13 12:58:00,Queso Edam Gloria 250g,Lácteos,12.68,1,12.68,3,2024-08-13,12,Tuesday,8,33
3309,2024-06-26 20:12:00,Inca Kola 500ml,Bebidas,2.47,3,7.41,1,2024-06-26,20,Wednesday,6,26
3310,2024-08-12 06:19:00,Shampoo Head&Shoulders,Higiene,18.88,3,56.64,6,2024-08-12,6,Monday,8,33
3311,2024-05-10 16:00:00,Galletas Soda Field,Snacks,2.79,2,5.58,7,2024-05-10,16,Friday,5,19
3312,2024-01-03 18:49:00,Aceite Primor 1L,Abarrotes,9.0,5,45.0,4,2024-01-03,18,Wednesday,1,1
3313,2024-06-05 16:12:00,Agua San Luis 500ml,Bebidas,1.2,4,4.8,1,2024-06-05,16,Wednesday,6,23
3314,2024-04-11 20:10:00,Aceite Primor 500ml,Abarrotes,5.28,5,26.4,4,2024-04-11,20,Thursday,4,15
3315,2024-02-29 08:58:00,Pañales Huggies T3 x30,Higiene,32.45,2,64.9,6,2024-02-29,8,Thursday,2,9
3316,2024-02-10 10:01:00,Aceite Primor 1L,Abarrotes,8.68,4,34.72,4,2024-02-10,10,Saturday,2,6
3317,2024-03-30 20:51:00,Papel Higiénico Elite x4,Higiene,8.7,3,26.1,6,2024-03-30,20,Saturday,3,13
3318,2024-05-26 11:09:00,Detergente Ace 850g,Limpieza,11.75,3,35.25,6,2024-05-26,11,Sunday,5,21
3319,2024-03-23 19:13:00,Agua San Luis 500ml,Bebidas,1.17,1,1.17,1,2024-03-23,19,Saturday,3,12
3320,2024-03-21 18:14:00,Sardina Florida 425g,Conservas,4.14,2,8.28,4,2024-03-21,18,Thursday,3,12
3321,2024-06-14 21:42:00,Yogurt Gloria Fresa 1kg,Lácteos,6.32,1,6.32,3,2024-06-14,21,Friday,6,24
3322,2024-01-20 21:39:00,Lejía Clorox 900ml,Limpieza,4.37,3,13.11,6,2024-01-20,21,Saturday,1,3
3323,2024-03-27 07:46:00,Pan de Molde Bimbo 500g,Panadería,6.39,1,6.39,8,2024-03-27,7,Wednesday,3,13
3324,2024-07-13 07:17:00,Chancay 60g,Panadería,0.5,3,1.5,8,2024-07-13,7,Saturday,7,28
3325,2024-06-29 08:52:00,Azúcar Cartavio 1kg,Abarrotes,3.43,1,3.43,5,2024-06-29,8,Saturday,6,26
3326,2024-01-25 11:50:00,Yogurt Gloria Fresa 1kg,Lácteos,6.45,1,6.45,3,2024-01-25,11,Thursday,1,4
3327,2024-05-10 09:45:00,Harina Blanca Flor 1kg,Abarrotes,3.21,3,9.63,4,2024-05-10,9,Friday,5,19
3328,2024-05-19 21:25:00,Pañales Huggies T4 x28,Higiene,34.8,2,69.6,6,2024-05-19,21,Sunday,5,20
3329,2024-07-14 16:16:00,Leche Gloria Entera 1L,Lácteos,4.81,3,14.43,3,2024-07-14,16,Sunday,7,28
3330,2024-03-20 10:53:00,Lejía Clorox 900ml,Limpieza,4.37,3,13.11,6,2024-03-20,10,Wednesday,3,12
3331,2024-02-15 21:28:00,Lejía Clorox 900ml,Limpieza,4.51,3,13.53,6,2024-02-15,21,Thursday,2,7
3332,2024-07-31 21:49:00,Sal Marina 1kg,Abarrotes,1.51,4,6.04,5,2024-07-31,21,Wednesday,7,31
3333,2024-08-30 15:49:00,Harina Blanca Flor 1kg,Abarrotes,3.22,1,3.22,4,2024-08-30,15,Friday,8,35
3334,2024-02-25 07:07:00,Leche Evaporada Gloria,Lácteos,3.13,3,9.39,3,2024-02-25,7,Sunday,2,8
3335,2024-07-26 07:12:00,Pañales Huggies T4 x28,Higiene,33.01,1,33.01,6,2024-07-26,7,Friday,7,30
3336,2024-01-12 09:16:00,Agua San Luis 500ml,Bebidas,1.18,5,5.9,1,2024-01-12,9,Friday,1,2
3337,2024-03-13 09:05:00,Leche Gloria Light 1L,Lácteos,5.01,2,10.02,3,2024-03-13,9,Wednesday,3,11
3338,2024-02-09 19:37:00,Shampoo Head&Shoulders,Higiene,18.6,3,55.8,6,2024-02-09,19,Friday,2,6
3339,2024-05-27 09:41:00,Fideos Lavaggi 500g,Abarrotes,2.5,2,5.0,4,2024-05-27,9,Monday,5,22
3340,2024-01-29 06:03:00,Arroz Costeño 1kg,Abarrotes,3.89,2,7.78,4,2024-01-29,6,Monday,1,5
3341,2024-04-14 09:47:00,Pañales Huggies T4 x28,Higiene,34.42,1,34.42,6,2024-04-14,9,Sunday,4,15
3342,2024-01-02 20:47:00,Pepsi 500ml,Bebidas,2.31,2,4.62,2,2024-01-02,20,Tuesday,1,1
3343,2024-05-19 20:00:00,Arroz Costeño 1kg,Abarrotes,3.83,3,11.49,4,2024-05-19,20,Sunday,5,20
3344,2024-07-26 07:56:00,Sardina Florida 425g,Conservas,4.3,3,12.9,4,2024-07-26,7,Friday,7,30
3345,2024-06-30 08:35:00,Pan de Molde Bimbo 500g,Panadería,6.37,3,19.11,8,2024-06-30,8,Sunday,6,26
3346,2024-08-03 11:42:00,Pañales Huggies T3 x30,Higiene,33.02,3,99.06,6,2024-08-03,11,Saturday,8,31
3347,2024-01-16 21:10:00,Pepsi 500ml,Bebidas,2.34,4,9.36,2,2024-01-16,21,Tuesday,1,3
3348,2024-08-07 09:56:00,Sal Marina 1kg,Abarrotes,1.53,2,3.06,5,2024-08-07,9,Wednesday,8,32
3349,2024-06-05 12:13:00,Chifles La Doña 80g,Snacks,1.99,2,3.98,7,2024-06-05,12,Wednesday,6,23
3350,2024-05-09 20:56:00,Agua San Luis 2.5L,Bebidas,3.59,5,17.95,1,2024-05-09,20,Thursday,5,19
3351,2024-02-15 20:15:00,Papel Higiénico Elite x4,Higiene,8.93,2,17.86,6,2024-02-15,20,Thursday,2,7
3352,2024-01-01 12:09:00,Leche Gloria Entera 1L,Lácteos,4.8,3,14.4,3,2024-01-01,12,Monday,1,1
3353,2024-02-21 10:06:00,Aceite Primor 1L,Abarrotes,9.09,5,45.45,4,2024-02-21,10,Wednesday,2,8
3354,2024-03-30 20:47:00,Azúcar Cartavio 1kg,Abarrotes,3.55,5,17.75,5,2024-03-30,20,Saturday,3,13
3355,2024-05-15 20:25:00,Agua San Luis 500ml,Bebidas,1.2,4,4.8,1,2024-05-15,20,Wednesday,5,20
3356,2024-06-15 09:46:00,Leche Gloria Entera 1L,Lácteos,4.89,2,9.78,3,2024-06-15,9,Saturday,6,24
3357,2024-01-02 09:54:00,Aceite Primor 1L,Abarrotes,8.77,3,26.31,4,2024-01-02,9,Tuesday,1,1
3358,2024-06-08 09:28:00,Agua San Luis 500ml,Bebidas,1.17,4,4.68,1,2024-06-08,9,Saturday,6,23
3359,2024-06-26 09:26:00,Chifles La Doña 80g,Snacks,2.04,3,6.12,7,2024-06-26,9,Wednesday,6,26
3360,2024-05-18 17:42:00,Sal Marina 1kg,Abarrotes,1.47,4,5.88,5,2024-05-18,17,Saturday,5,20
3361,2024-07-02 10:44:00,Inca Kola 1.5L,Bebidas,5.46,4,21.84,1,2024-07-02,10,Tuesday,7,27
3362,2024-05-16 20:39:00,Papel Higiénico Elite x4,Higiene,8.94,2,17.88,6,2024-05-16,20,Thursday,5,20
3363,2024-02-05 20:19:00,Leche Gloria Entera 1L,Lácteos,4.8,3,14.4,3,2024-02-05,20,Monday,2,6
3364,2024-08-16 16:20:00,Mantequilla Gloria 100g,Lácteos,4.23,1,4.23,3,2024-08-16,16,Friday,8,33
3365,2024-06-09 20:47:00,Pañales Huggies T4 x28,Higiene,34.79,2,69.58,6,2024-06-09,20,Sunday,6,23
3366,2024-08-08 20:17:00,Queso Edam Gloria 250g,Lácteos,12.48,3,37.44,3,2024-08-08,20,Thursday,8,32
3367,2024-04-18 15:04:00,Pañales Huggies T3 x30,Higiene,32.64,2,65.28,6,2024-04-18,15,Thursday,4,16
3368,2024-05-04 07:35:00,Papel Higiénico Elite x4,Higiene,8.88,3,26.64,6,2024-05-04,7,Saturday,5,18
3369,2024-03-06 15:25:00,Galletas Soda Field,Snacks,2.73,2,5.46,7,2024-03-06,15,Wednesday,3,10
3370,2024-02-19 15:07:00,Chifles La Doña 80g,Snacks,2.0,2,4.0,7,2024-02-19,15,Monday,2,8
3371,2024-08-02 21:13:00,Harina Blanca Flor 1kg,Abarrotes,3.24,4,12.96,4,2024-08-02,21,Friday,8,31
3372,2024-07-25 21:18:00,Chancay 60g,Panadería,0.5,3,1.5,8,2024-07-25,21,Thursday,7,30
3373,2024-03-15 20:42:00,Fideos Don Vittorio 500g,Abarrotes,2.85,5,14.25,4,2024-03-15,20,Friday,3,11
3374,2024-03-24 09:53:00,Inca Kola 500ml,Bebidas,2.45,1,2.45,1,2024-03-24,9,Sunday,3,12
3375,2024-04-27 08:18:00,Leche Evaporada Gloria,Lácteos,3.22,3,9.66,3,2024-04-27,8,Saturday,4,17
3376,2024-01-05 11:17:00,Pepsi 500ml,Bebidas,2.35,5,11.75,2,2024-01-05,11,Friday,1,1
3377,2024-05-13 07:00:00,Detergente Ariel 850g,Limpieza,12.78,3,38.34,6,2024-05-13,7,Monday,5,20
3378,2024-05-22 09:51:00,Mantequilla Gloria 100g,Lácteos,4.16,1,4.16,3,2024-05-22,9,Wednesday,5,21
3379,2024-06-19 13:39:00,Atún Florida 170g,Conservas,3.96,3,11.88,4,2024-06-19,13,Wednesday,6,25
3380,2024-08-01 09:35:00,Fideos Don Vittorio 500g,Abarrotes,2.79,3,8.37,4,2024-08-01,9,Thursday,8,31
3381,2024-01-04 08:50:00,Sal Marina 1kg,Abarrotes,1.54,3,4.62,5,2024-01-04,8,Thursday,1,1
3382,2024-01-01 09:22:00,Pepsi 500ml,Bebidas,2.34,4,9.36,2,2024-01-01,9,Monday,1,1
3383,2024-01-27 17:41:00,Papel Higiénico Elite x4,Higiene,8.64,1,8.64,6,2024-01-27,17,Saturday,1,4
3384,2024-04-09 09:16:00,Detergente Ariel 850g,Limpieza,12.27,3,36.81,6,2024-04-09,9,Tuesday,4,15
3385,2024-05-18 15:27:00,Shampoo Head&Shoulders,Higiene,18.58,2,37.16,6,2024-05-18,15,Saturday,5,20
3386,2024-07-13 20:41:00,Chifles La Doña 80g,Snacks,2.0,1,2.0,7,2024-07-13,20,Saturday,7,28
3387,2024-04-16 07:01:00,Aceite Primor 1L,Abarrotes,8.97,1,8.97,4,2024-04-16,7,Tuesday,4,16
3388,2024-04-19 20:03:00,Arroz Costeño 5kg,Abarrotes,17.26,2,34.52,4,2024-04-19,20,Friday,4,16
3389,2024-03-18 14:08:00,Harina Blanca Flor 1kg,Abarrotes,3.22,5,16.1,4,2024-03-18,14,Monday,3,12
3390,2024-04-10 21:27:00,Coca-Cola 500ml,Bebidas,2.56,5,12.8,2,2024-04-10,21,Wednesday,4,15
3391,2024-07-28 11:19:00,Papel Higiénico Elite x4,Higiene,8.83,1,8.83,6,2024-07-28,11,Sunday,7,30
3392,2024-01-30 21:39:00,Leche Evaporada Gloria,Lácteos,3.19,3,9.57,3,2024-01-30,21,Tuesday,1,5
3393,2024-02-05 21:49:00,Galletas Oreo 36g,Snacks,1.47,1,1.47,7,2024-02-05,21,Monday,2,6
3394,2024-02-01 16:15:00,Aceite Primor 500ml,Abarrotes,5.33,2,10.66,4,2024-02-01,16,Thursday,2,5
3395,2024-04-22 14:31:00,Harina Blanca Flor 1kg,Abarrotes,3.2,3,9.6,4,2024-04-22,14,Monday,4,17
3396,2024-03-18 21:23:00,Lejía Clorox 900ml,Limpieza,4.43,3,13.29,6,2024-03-18,21,Monday,3,12
3397,2024-03-24 07:34:00,Pañales Huggies T4 x28,Higiene,33.62,1,33.62,6,2024-03-24,7,Sunday,3,12
3398,2024-07-31 07:18:00,Galletas Soda Field,Snacks,2.84,2,5.68,7,2024-07-31,7,Wednesday,7,31
3399,2024-01-27 09:03:00,Arroz Costeño 5kg,Abarrotes,17.75,1,17.75,4,2024-01-27,9,Saturday,1,4
3400,2024-02-02 08:59:00,Papel Higiénico Elite x4,Higiene,9.13,1,9.13,6,2024-02-02,8,Friday,2,5
3401,2024-03-01 10:40:00,Galletas Oreo 36g,Snacks,1.5,2,3.0,7,2024-03-01,10,Friday,3,9
3402,2024-07-16 09:34:00,Pañales Huggies T4 x28,Higiene,33.48,3,100.44,6,2024-07-16,9,Tuesday,7,29
3403,2024-05-22 21:35:00,Detergente Ariel 850g,Limpieza,12.25,2,24.5,6,2024-05-22,21,Wednesday,5,21
3404,2024-06-20 21:08:00,Queso Edam Gloria 250g,Lácteos,12.77,3,38.31,3,2024-06-20,21,Thursday,6,25
3405,2024-04-13 09:20:00,Leche Gloria Entera 1L,Lácteos,4.76,2,9.52,3,2024-04-13,9,Saturday,4,15
3406,2024-04-24 08:58:00,Agua San Luis 2.5L,Bebidas,3.51,1,3.51,1,2024-04-24,8,Wednesday,4,17
3407,2024-04-02 20:16:00,Pepsi 500ml,Bebidas,2.29,4,9.16,2,2024-04-02,20,Tuesday,4,14
3408,2024-04-30 08:40:00,Fideos Lavaggi 500g,Abarrotes,2.48,2,4.96,4,2024-04-30,8,Tuesday,4,18
3409,2024-03-17 21:07:00,Yogurt Gloria Fresa 1kg,Lácteos,6.35,2,12.7,3,2024-03-17,21,Sunday,3,11
3410,2024-03-17 20:12:00,Queso Edam Gloria 250g,Lácteos,12.34,2,24.68,3,2024-03-17,20,Sunday,3,11
3411,2024-01-10 21:32:00,Arroz Costeño 5kg,Abarrotes,17.01,5,85.05,4,2024-01-10,21,Wednesday,1,2
3412,2024-02-01 21:05:00,Arroz Costeño 1kg,Abarrotes,3.84,1,3.84,4,2024-02-01,21,Thursday,2,5
3413,2024-07-30 11:27:00,Sal Marina 1kg,Abarrotes,1.5,1,1.5,5,2024-07-30,11,Tuesday,7,31
3414,2024-05-16 08:22:00,Chifles La Doña 80g,Snacks,2.0,1,2.0,7,2024-05-16,8,Thursday,5,20
3415,2024-02-20 09:27:00,Galletas Oreo 36g,Snacks,1.48,1,1.48,7,2024-02-20,9,Tuesday,2,8
3416,2024-03-21 08:44:00,Agua San Luis 500ml,Bebidas,1.19,3,3.57,1,2024-03-21,8,Thursday,3,12
3417,2024-08-25 20:30:00,Arroz Costeño 5kg,Abarrotes,17.03,5,85.15,4,2024-08-25,20,Sunday,8,34
3418,2024-05-24 17:27:00,Chifles La Doña 80g,Snacks,2.0,3,6.0,7,2024-05-24,17,Friday,5,21
3419,2024-03-12 21:05:00,Harina Blanca Flor 1kg,Abarrotes,3.19,4,12.76,4,2024-03-12,21,Tuesday,3,11
3420,2024-08-26 08:37:00,Lejía Clorox 900ml,Limpieza,4.63,1,4.63,6,2024-08-26,8,Monday,8,35
3421,2024-02-23 10:37:00,Azúcar Cartavio 1kg,Abarrotes,3.52,5,17.6,5,2024-02-23,10,Friday,2,8
3422,2024-06-10 14:57:00,Lejía Clorox 900ml,Limpieza,4.38,2,8.76,6,2024-06-10,14,Monday,6,24
3423,2024-05-27 06:44:00,Queso Edam Gloria 250g,Lácteos,12.21,1,12.21,3,2024-05-27,6,Monday,5,22
3424,2024-06-01 21:14:00,Chancay 60g,Panadería,0.49,3,1.47,8,2024-06-01,21,Saturday,6,22
3425,2024-08-01 16:10:00,Azúcar Cartavio 1kg,Abarrotes,3.54,1,3.54,5,2024-08-01,16,Thursday,8,31
3426,2024-06-01 21:57:00,Chancay 60g,Panadería,0.49,2,0.98,8,2024-06-01,21,Saturday,6,22
3427,2024-04-09 09:49:00,Harina Blanca Flor 1kg,Abarrotes,3.16,5,15.8,4,2024-04-09,9,Tuesday,4,15
3428,2024-05-29 20:35:00,Pasta Dental Colgate,Higiene,5.61,2,11.22,6,2024-05-29,20,Wednesday,5,22
3429,2024-03-25 17:48:00,Galletas Soda Field,Snacks,2.74,3,8.22,7,2024-03-25,17,Monday,3,13
3430,2024-07-08 09:03:00,Sublime 36g,Snacks,1.47,1,1.47,7,2024-07-08,9,Monday,7,28
3431,2024-07-09 08:52:00,Shampoo Head&Shoulders,Higiene,18.28,1,18.28,6,2024-07-09,8,Tuesday,7,28
3432,2024-02-18 20:57:00,Chancay 60g,Panadería,0.5,1,0.5,8,2024-02-18,20,Sunday,2,7
3433,2024-07-11 15:58:00,Jabón Bolivar 230g,Limpieza,2.87,2,5.74,6,2024-07-11,15,Thursday,7,28
3434,2024-07-21 07:27:00,Leche Gloria Entera 1L,Lácteos,4.88,2,9.76,3,2024-07-21,7,Sunday,7,29
3435,2024-05-13 09:05:00,Aceite Primor 1L,Abarrotes,9.02,2,18.04,4,2024-05-13,9,Monday,5,20
3436,2024-02-23 21:48:00,Inca Kola 1.5L,Bebidas,5.62,4,22.48,1,2024-02-23,21,Friday,2,8
3437,2024-07-17 07:39:00,Leche Gloria Light 1L,Lácteos,5.0,2,10.0,3,2024-07-17,7,Wednesday,7,29
3438,2024-03-11 16:36:00,Agua San Luis 2.5L,Bebidas,3.58,1,3.58,1,2024-03-11,16,Monday,3,11
3439,2024-07-07 11:53:00,Inca Kola 1.5L,Bebidas,5.48,1,5.48,1,2024-07-07,11,Sunday,7,27
3440,2024-01-13 20:35:00,Mantequilla Gloria 100g,Lácteos,4.31,2,8.62,3,2024-01-13,20,Saturday,1,2
3441,2024-02-23 08:05:00,Queso Edam Gloria 250g,Lácteos,12.75,3,38.25,3,2024-02-23,8,Friday,2,8
3442,2024-07-09 20:48:00,Sardina Florida 425g,Conservas,4.19,3,12.57,4,2024-07-09,20,Tuesday,7,28
3443,2024-07-15 16:12:00,Inca Kola 500ml,Bebidas,2.53,2,5.06,1,2024-07-15,16,Monday,7,29
3444,2024-07-10 09:36:00,Inca Kola 1.5L,Bebidas,5.59,2,11.18,1,2024-07-10,9,Wednesday,7,28
3445,2024-01-03 09:08:00,Agua San Luis 2.5L,Bebidas,3.6,5,18.0,1,2024-01-03,9,Wednesday,1,1
3446,2024-02-04 16:22:00,Atún Florida 170g,Conservas,3.84,1,3.84,4,2024-02-04,16,Sunday,2,5
3447,2024-01-11 16:52:00,Pañales Huggies T4 x28,Higiene,34.61,3,103.83,6,2024-01-11,16,Thursday,1,2
3448,2024-07-02 08:20:00,Chifles La Doña 80g,Snacks,2.05,1,2.05,7,2024-07-02,8,Tuesday,7,27
3449,2024-02-24 12:25:00,Atún Florida 170g,Conservas,3.99,1,3.99,4,2024-02-24,12,Saturday,2,8
3450,2024-05-07 08:08:00,Sublime 36g,Snacks,1.46,2,2.92,7,2024-05-07,8,Tuesday,5,19
3451,2024-05-10 18:36:00,Detergente Ariel 850g,Limpieza,12.28,1,12.28,6,2024-05-10,18,Friday,5,19
3452,2024-07-23 06:40:00,Sal Marina 1kg,Abarrotes,1.5,3,4.5,5,2024-07-23,6,Tuesday,7,30
3453,2024-01-24 21:28:00,Pañales Huggies T4 x28,Higiene,33.48,3,100.44,6,2024-01-24,21,Wednesday,1,4
3454,2024-08-08 21:15:00,Jabón Bolivar 230g,Limpieza,2.8,3,8.4,6,2024-08-08,21,Thursday,8,32
3455,2024-04-01 20:06:00,Aceite Primor 500ml,Abarrotes,5.13,4,20.52,4,2024-04-01,20,Monday,4,14
3456,2024-06-22 10:53:00,Papel Higiénico Elite x4,Higiene,9.12,3,27.36,6,2024-06-22,10,Saturday,6,25
3457,2024-05-04 07:54:00,Galletas Oreo 36g,Snacks,1.5,1,1.5,7,2024-05-04,7,Saturday,5,18
3458,2024-07-15 19:00:00,Pañales Huggies T3 x30,Higiene,33.31,2,66.62,6,2024-07-15,19,Monday,7,29
3459,2024-02-15 21:51:00,Harina Blanca Flor 1kg,Abarrotes,3.15,3,9.45,4,2024-02-15,21,Thursday,2,7
3460,2024-01-20 07:39:00,Pañales Huggies T3 x30,Higiene,32.43,3,97.29,6,2024-01-20,7,Saturday,1,3
3461,2024-06-11 16:34:00,Sardina Florida 425g,Conservas,4.31,3,12.93,4,2024-06-11,16,Tuesday,6,24
3462,2024-07-31 08:07:00,Pañales Huggies T3 x30,Higiene,31.89,1,31.89,6,2024-07-31,8,Wednesday,7,31
3463,2024-05-19 08:13:00,Pan de Molde Bimbo 500g,Panadería,6.41,1,6.41,8,2024-05-19,8,Sunday,5,20
3464,2024-04-17 07:59:00,Galletas Soda Field,Snacks,2.86,3,8.58,7,2024-04-17,7,Wednesday,4,16
3465,2024-06-11 08:29:00,Fideos Don Vittorio 500g,Abarrotes,2.8,1,2.8,4,2024-06-11,8,Tuesday,6,24
3466,2024-02-28 12:59:00,Queso Edam Gloria 250g,Lácteos,12.56,1,12.56,3,2024-02-28,12,Wednesday,2,9
3467,2024-07-23 08:25:00,Mantequilla Gloria 100g,Lácteos,4.25,2,8.5,3,2024-07-23,8,Tuesday,7,30
3468,2024-05-25 09:34:00,Inca Kola 500ml,Bebidas,2.57,3,7.71,1,2024-05-25,9,Saturday,5,21
3469,2024-04-26 16:48:00,Chifles La Doña 80g,Snacks,1.95,2,3.9,7,2024-04-26,16,Friday,4,17
3470,2024-07-31 16:34:00,Sal Marina 1kg,Abarrotes,1.47,4,5.88,5,2024-07-31,16,Wednesday,7,31
3471,2024-02-01 20:01:00,Galletas Soda Field,Snacks,2.88,3,8.64,7,2024-02-01,20,Thursday,2,5
3472,2024-05-23 09:48:00,Pan de Molde Bimbo 500g,Panadería,6.63,2,13.26,8,2024-05-23,9,Thursday,5,21
3473,2024-07-17 07:12:00,Fideos Lavaggi 500g,Abarrotes,2.57,3,7.71,4,2024-07-17,7,Wednesday,7,29
3474,2024-05-08 08:32:00,Queso Edam Gloria 250g,Lácteos,12.28,2,24.56,3,2024-05-08,8,Wednesday,5,19
3475,2024-04-23 17:32:00,Galletas Oreo 36g,Snacks,1.52,1,1.52,7,2024-04-23,17,Tuesday,4,17
3476,2024-04-13 08:28:00,Arroz Costeño 5kg,Abarrotes,17.85,1,17.85,4,2024-04-13,8,Saturday,4,15
3477,2024-02-29 06:39:00,Leche Gloria Entera 1L,Lácteos,4.93,1,4.93,3,2024-02-29,6,Thursday,2,9
3478,2024-02-19 21:01:00,Detergente Ariel 850g,Limpieza,12.53,1,12.53,6,2024-02-19,21,Monday,2,8
3479,2024-02-04 20:02:00,Papel Higiénico Elite x4,Higiene,8.67,2,17.34,6,2024-02-04,20,Sunday,2,5
3480,2024-08-08 08:39:00,Aceite Primor 1L,Abarrotes,9.02,1,9.02,4,2024-08-08,8,Thursday,8,32
3481,2024-04-25 20:17:00,Detergente Ariel 850g,Limpieza,12.17,2,24.34,6,2024-04-25,20,Thursday,4,17
3482,2024-06-30 14:06:00,Pepsi 500ml,Bebidas,2.26,5,11.3,2,2024-06-30,14,Sunday,6,26
3483,2024-04-05 13:53:00,Fideos Lavaggi 500g,Abarrotes,2.52,5,12.6,4,2024-04-05,13,Friday,4,14
3484,2024-06-08 21:06:00,Pepsi 500ml,Bebidas,2.25,2,4.5,2,2024-06-08,21,Saturday,6,23
3485,2024-05-19 06:37:00,Fideos Lavaggi 500g,Abarrotes,2.5,5,12.5,4,2024-05-19,6,Sunday,5,20
3486,2024-03-06 19:13:00,Lejía Clorox 900ml,Limpieza,4.41,1,4.41,6,2024-03-06,19,Wednesday,3,10
3487,2024-05-06 10:11:00,Agua San Luis 2.5L,Bebidas,3.4,3,10.2,1,2024-05-06,10,Monday,5,19
3488,2024-02-14 20:34:00,Arroz Costeño 5kg,Abarrotes,17.03,5,85.15,4,2024-02-14,20,Wednesday,2,7
3489,2024-03-19 21:06:00,Arroz Costeño 1kg,Abarrotes,3.74,4,14.96,4,2024-03-19,21,Tuesday,3,12
3490,2024-01-04 08:28:00,Galletas Oreo 36g,Snacks,1.51,3,4.53,7,2024-01-04,8,Thursday,1,1
3491,2024-08-27 07:02:00,Pepsi 500ml,Bebidas,2.28,5,11.4,2,2024-08-27,7,Tuesday,8,35
3492,2024-04-10 19:46:00,Sal Marina 1kg,Abarrotes,1.46,2,2.92,5,2024-04-10,19,Wednesday,4,15
3493,2024-02-20 20:00:00,Detergente Ace 850g,Limpieza,11.87,2,23.74,6,2024-02-20,20,Tuesday,2,8
3494,2024-01-08 08:15:00,Sardina Florida 425g,Conservas,4.16,1,4.16,4,2024-01-08,8,Monday,1,2
3495,2024-01-04 08:13:00,Mantequilla Gloria 100g,Lácteos,4.19,3,12.57,3,2024-01-04,8,Thursday,1,1
3496,2024-07-11 20:10:00,Arroz Costeño 1kg,Abarrotes,3.71,2,7.42,4,2024-07-11,20,Thursday,7,28
3497,2024-05-18 07:47:00,Arroz Costeño 5kg,Abarrotes,17.47,5,87.35,4,2024-05-18,7,Saturday,5,20
3498,2024-06-16 20:11:00,Agua San Luis 500ml,Bebidas,1.17,1,1.17,1,2024-06-16,20,Sunday,6,24
3499,2024-03-21 14:47:00,Fideos Don Vittorio 500g,Abarrotes,2.85,4,11.4,4,2024-03-21,14,Thursday,3,12
3500,2024-01-29 08:30:00,Galletas Soda Field,Snacks,2.79,1,2.79,7,2024-01-29,8,Monday,1,5
3501,2024-03-03 20:52:00,Atún Florida 170g,Conservas,3.96,1,3.96,4,2024-03-03,20,Sunday,3,9
3502,2024-08-07 10:11:00,Harina Blanca Flor 1kg,Abarrotes,3.13,3,9.39,4,2024-08-07,10,Wednesday,8,32
3503,2024-01-04 07:13:00,Papel Higiénico Elite x4,Higiene,8.78,3,26.34,6,2024-01-04,7,Thursday,1,1
3504,2024-02-06 06:37:00,Agua San Luis 2.5L,Bebidas,3.46,3,10.38,1,2024-02-06,6,Tuesday,2,6
3505,2024-07-23 11:24:00,Shampoo Head&Shoulders,Higiene,17.97,3,53.91,6,2024-07-23,11,Tuesday,7,30
3506,2024-04-17 17:20:00,Aceite Primor 500ml,Abarrotes,5.11,1,5.11,4,2024-04-17,17,Wednesday,4,16
3507,2024-04-30 21:38:00,Leche Evaporada Gloria,Lácteos,3.24,2,6.48,3,2024-04-30,21,Tuesday,4,18
3508,2024-06-22 08:52:00,Inca Kola 1.5L,Bebidas,5.53,3,16.59,1,2024-06-22,8,Saturday,6,25
3509,2024-01-29 20:06:00,Detergente Ariel 850g,Limpieza,12.56,1,12.56,6,2024-01-29,20,Monday,1,5
3510,2024-03-22 08:10:00,Leche Gloria Light 1L,Lácteos,4.91,2,9.82,3,2024-03-22,8,Friday,3,12
3511,2024-07-12 19:16:00,Papel Higiénico Elite x4,Higiene,8.93,2,17.86,6,2024-07-12,19,Friday,7,28
3512,2024-06-21 20:29:00,Chifles La Doña 80g,Snacks,2.06,2,4.12,7,2024-06-21,20,Friday,6,25
3513,2024-05-08 21:29:00,Inca Kola 500ml,Bebidas,2.43,3,7.29,1,2024-05-08,21,Wednesday,5,19
3514,2024-04-22 08:36:00,Azúcar Cartavio 1kg,Abarrotes,3.52,1,3.52,5,2024-04-22,8,Monday,4,17
3515,2024-03-15 10:05:00,Galletas Soda Field,Snacks,2.77,2,5.54,7,2024-03-15,10,Friday,3,11
3516,2024-04-13 12:25:00,Pepsi 500ml,Bebidas,2.36,5,11.8,2,2024-04-13,12,Saturday,4,15
3517,2024-08-01 08:14:00,Leche Evaporada Gloria,Lácteos,3.21,2,6.42,3,2024-08-01,8,Thursday,8,31
3518,2024-04-21 07:32:00,Chifles La Doña 80g,Snacks,1.95,1,1.95,7,2024-04-21,7,Sunday,4,16
3519,2024-05-15 21:27:00,Mantequilla Gloria 100g,Lácteos,4.11,1,4.11,3,2024-05-15,21,Wednesday,5,20
3520,2024-02-13 07:12:00,Inca Kola 500ml,Bebidas,2.53,4,10.12,1,2024-02-13,7,Tuesday,2,7
3521,2024-08-09 08:00:00,Yogurt Gloria Fresa 1kg,Lácteos,6.6,1,6.6,3,2024-08-09,8,Friday,8,32
3522,2024-01-16 09:33:00,Inca Kola 500ml,Bebidas,2.46,4,9.84,1,2024-01-16,9,Tuesday,1,3
3523,2024-07-09 18:29:00,Harina Blanca Flor 1kg,Abarrotes,3.22,2,6.44,4,2024-07-09,18,Tuesday,7,28
3524,2024-01-01 20:07:00,Inca Kola 500ml,Bebidas,2.44,3,7.32,1,2024-01-01,20,Monday,1,1
3525,2024-01-06 08:24:00,Inca Kola 500ml,Bebidas,2.54,5,12.7,1,2024-01-06,8,Saturday,1,1
3526,2024-07-29 09:31:00,Yogurt Gloria Fresa 1kg,Lácteos,6.67,1,6.67,3,2024-07-29,9,Monday,7,31
3527,2024-06-21 21:47:00,Queso Edam Gloria 250g,Lácteos,12.59,3,37.77,3,2024-06-21,21,Friday,6,25
3528,2024-01-03 21:19:00,Lejía Clorox 900ml,Limpieza,4.63,3,13.89,6,2024-01-03,21,Wednesday,1,1
3529,2024-08-29 19:30:00,Agua San Luis 2.5L,Bebidas,3.48,3,10.44,1,2024-08-29,19,Thursday,8,35
3530,2024-01-13 09:52:00,Coca-Cola 500ml,Bebidas,2.5,5,12.5,2,2024-01-13,9,Saturday,1,2
3531,2024-03-04 20:46:00,Azúcar Cartavio 1kg,Abarrotes,3.6,2,7.2,5,2024-03-04,20,Monday,3,10
3532,2024-08-25 07:20:00,Agua San Luis 2.5L,Bebidas,3.53,1,3.53,1,2024-08-25,7,Sunday,8,34
3533,2024-06-14 21:21:00,Pan de Molde Bimbo 500g,Panadería,6.36,3,19.08,8,2024-06-14,21,Friday,6,24
3534,2024-07-25 20:12:00,Mantequilla Gloria 100g,Lácteos,4.14,3,12.42,3,2024-07-25,20,Thursday,7,30
3535,2024-01-18 21:48:00,Inca Kola 500ml,Bebidas,2.47,2,4.94,1,2024-01-18,21,Thursday,1,3
3536,2024-01-08 21:36:00,Pañales Huggies T3 x30,Higiene,32.69,3,98.07,6,2024-01-08,21,Monday,1,2
3537,2024-05-28 14:55:00,Harina Blanca Flor 1kg,Abarrotes,3.19,4,12.76,4,2024-05-28,14,Tuesday,5,22
3538,2024-07-02 07:35:00,Yogurt Gloria Fresa 1kg,Lácteos,6.41,1,6.41,3,2024-07-02,7,Tuesday,7,27
3539,2024-07-26 09:58:00,Inca Kola 1.5L,Bebidas,5.56,1,5.56,1,2024-07-26,9,Friday,7,30
3540,2024-08-23 07:32:00,Yogurt Gloria Fresa 1kg,Lácteos,6.54,2,13.08,3,2024-08-23,7,Friday,8,34
3541,2024-01-01 08:09:00,Harina Blanca Flor 1kg,Abarrotes,3.21,1,3.21,4,2024-01-01,8,Monday,1,1
3542,2024-08-15 08:44:00,Chifles La Doña 80g,Snacks,2.05,2,4.1,7,2024-08-15,8,Thursday,8,33
3543,2024-02-28 17:40:00,Pasta Dental Colgate,Higiene,5.47,1,5.47,6,2024-02-28,17,Wednesday,2,9
3544,2024-08-31 17:29:00,Aceite Primor 1L,Abarrotes,8.64,1,8.64,4,2024-08-31,17,Saturday,8,35
3545,2024-02-10 10:35:00,Agua San Luis 2.5L,Bebidas,3.42,3,10.26,1,2024-02-10,10,Saturday,2,6
3546,2024-06-24 20:40:00,Leche Gloria Light 1L,Lácteos,4.98,1,4.98,3,2024-06-24,20,Monday,6,26
3547,2024-03-29 15:42:00,Sardina Florida 425g,Conservas,4.1,2,8.2,4,2024-03-29,15,Friday,3,13
3548,2024-01-16 20:14:00,Coca-Cola 500ml,Bebidas,2.46,1,2.46,2,2024-01-16,20,Tuesday,1,3
3549,2024-01-07 07:35:00,Pañales Huggies T3 x30,Higiene,32.54,1,32.54,6,2024-01-07,7,Sunday,1,1
3550,2024-01-23 09:56:00,Pasta Dental Colgate,Higiene,5.63,3,16.89,6,2024-01-23,9,Tuesday,1,4
3551,2024-08-19 09:59:00,Arroz Costeño 1kg,Abarrotes,3.7,4,14.8,4,2024-08-19,9,Monday,8,34
3552,2024-02-02 08:34:00,Agua San Luis 2.5L,Bebidas,3.4,3,10.2,1,2024-02-02,8,Friday,2,5
3553,2024-04-21 13:52:00,Pañales Huggies T4 x28,Higiene,34.84,3,104.52,6,2024-04-21,13,Sunday,4,16
3554,2024-03-20 20:56:00,Fideos Don Vittorio 500g,Abarrotes,2.83,3,8.49,4,2024-03-20,20,Wednesday,3,12
3555,2024-04-22 20:54:00,Yogurt Gloria Fresa 1kg,Lácteos,6.42,3,19.26,3,2024-04-22,20,Monday,4,17
3556,2024-01-28 16:15:00,Inca Kola 1.5L,Bebidas,5.46,1,5.46,1,2024-01-28,16,Sunday,1,4
3557,2024-07-06 20:16:00,Arroz Costeño 5kg,Abarrotes,17.34,2,34.68,4,2024-07-06,20,Saturday,7,27
3558,2024-01-22 21:34:00,Pañales Huggies T3 x30,Higiene,31.84,1,31.84,6,2024-01-22,21,Monday,1,4
3559,2024-07-12 09:08:00,Sardina Florida 425g,Conservas,4.24,2,8.48,4,2024-07-12,9,Friday,7,28
3560,2024-04-10 20:32:00,Aceite Primor 500ml,Abarrotes,5.31,4,21.24,4,2024-04-10,20,Wednesday,4,15
3561,2024-08-27 21:09:00,Lejía Clorox 900ml,Limpieza,4.44,1,4.44,6,2024-08-27,21,Tuesday,8,35
3562,2024-08-25 20:56:00,Agua San Luis 500ml,Bebidas,1.23,4,4.92,1,2024-08-25,20,Sunday,8,34
3563,2024-05-10 14:50:00,Shampoo Head&Shoulders,Higiene,18.27,3,54.81,6,2024-05-10,14,Friday,5,19
3564,2024-07-31 07:37:00,Pasta Dental Colgate,Higiene,5.55,1,5.55,6,2024-07-31,7,Wednesday,7,31
3565,2024-01-04 07:51:00,Detergente Ace 850g,Limpieza,11.76,3,35.28,6,2024-01-04,7,Thursday,1,1
3566,2024-05-03 10:08:00,Mantequilla Gloria 100g,Lácteos,4.15,1,4.15,3,2024-05-03,10,Friday,5,18
3567,2024-07-26 07:19:00,Fideos Lavaggi 500g,Abarrotes,2.56,4,10.24,4,2024-07-26,7,Friday,7,30
3568,2024-05-20 07:09:00,Lejía Clorox 900ml,Limpieza,4.46,1,4.46,6,2024-05-20,7,Monday,5,21
3569,2024-08-03 09:48:00,Pañales Huggies T4 x28,Higiene,33.31,2,66.62,6,2024-08-03,9,Saturday,8,31
3570,2024-05-27 06:25:00,Fideos Don Vittorio 500g,Abarrotes,2.85,3,8.55,4,2024-05-27,6,Monday,5,22
3571,2024-07-15 09:45:00,Agua San Luis 2.5L,Bebidas,3.5,5,17.5,1,2024-07-15,9,Monday,7,29
3572,2024-05-19 10:29:00,Arroz Costeño 1kg,Abarrotes,3.69,2,7.38,4,2024-05-19,10,Sunday,5,20
3573,2024-02-29 21:43:00,Pañales Huggies T4 x28,Higiene,34.59,3,103.77,6,2024-02-29,21,Thursday,2,9
3574,2024-08-11 11:46:00,Chifles La Doña 80g,Snacks,2.0,1,2.0,7,2024-08-11,11,Sunday,8,32
3575,2024-05-30 06:25:00,Fideos Lavaggi 500g,Abarrotes,2.46,4,9.84,4,2024-05-30,6,Thursday,5,22
3576,2024-03-29 09:02:00,Inca Kola 1.5L,Bebidas,5.37,2,10.74,1,2024-03-29,9,Friday,3,13
3577,2024-03-20 09:17:00,Detergente Ace 850g,Limpieza,12.12,1,12.12,6,2024-03-20,9,Wednesday,3,12
3578,2024-03-04 09:45:00,Aceite Primor 500ml,Abarrotes,5.06,4,20.24,4,2024-03-04,9,Monday,3,10
3579,2024-04-18 07:31:00,Sublime 36g,Snacks,1.46,1,1.46,7,2024-04-18,7,Thursday,4,16
3580,2024-04-08 07:12:00,Chifles La Doña 80g,Snacks,1.95,1,1.95,7,2024-04-08,7,Monday,4,15
3581,2024-01-27 07:05:00,Arroz Costeño 1kg,Abarrotes,3.87,1,3.87,4,2024-01-27,7,Saturday,1,4
3582,2024-08-28 08:58:00,Coca-Cola 500ml,Bebidas,2.55,4,10.2,2,2024-08-28,8,Wednesday,8,35
3583,2024-01-28 21:47:00,Sal Marina 1kg,Abarrotes,1.51,1,1.51,5,2024-01-28,21,Sunday,1,4
3584,2024-07-14 19:02:00,Pasta Dental Colgate,Higiene,5.37,3,16.11,6,2024-07-14,19,Sunday,7,28
3585,2024-08-14 17:43:00,Lejía Clorox 900ml,Limpieza,4.53,3,13.59,6,2024-08-14,17,Wednesday,8,33
3586,2024-07-03 20:37:00,Pepsi 500ml,Bebidas,2.35,3,7.05,2,2024-07-03,20,Wednesday,7,27
3587,2024-07-29 21:58:00,Pasta Dental Colgate,Higiene,5.54,1,5.54,6,2024-07-29,21,Monday,7,31
3588,2024-02-22 16:14:00,Agua San Luis 500ml,Bebidas,1.2,3,3.6,1,2024-02-22,16,Thursday,2,8
3589,2024-01-06 20:35:00,Leche Gloria Light 1L,Lácteos,4.95,3,14.85,3,2024-01-06,20,Saturday,1,1
3590,2024-05-13 21:08:00,Shampoo Head&Shoulders,Higiene,18.61,2,37.22,6,2024-05-13,21,Monday,5,20
3591,2024-07-02 07:26:00,Pepsi 500ml,Bebidas,2.29,1,2.29,2,2024-07-02,7,Tuesday,7,27
3592,2024-06-25 21:53:00,Pan de Molde Bimbo 500g,Panadería,6.36,1,6.36,8,2024-06-25,21,Tuesday,6,26
3593,2024-06-22 18:16:00,Arroz Costeño 1kg,Abarrotes,3.8,4,15.2,4,2024-06-22,18,Saturday,6,25
3594,2024-05-17 08:53:00,Leche Gloria Light 1L,Lácteos,4.76,1,4.76,3,2024-05-17,8,Friday,5,20
3595,2024-05-23 06:11:00,Pañales Huggies T3 x30,Higiene,32.59,2,65.18,6,2024-05-23,6,Thursday,5,21
3596,2024-04-03 20:55:00,Pan de Molde Bimbo 500g,Panadería,6.32,3,18.96,8,2024-04-03,20,Wednesday,4,14
3597,2024-06-15 08:12:00,Aceite Primor 1L,Abarrotes,8.75,2,17.5,4,2024-06-15,8,Saturday,6,24
3598,2024-02-17 07:25:00,Papel Higiénico Elite x4,Higiene,8.65,3,25.95,6,2024-02-17,7,Saturday,2,7
3599,2024-06-03 18:35:00,Lejía Clorox 900ml,Limpieza,4.59,2,9.18,6,2024-06-03,18,Monday,6,23
3600,2024-04-11 06:24:00,Fideos Don Vittorio 500g,Abarrotes,2.83,4,11.32,4,2024-04-11,6,Thursday,4,15
3601,2024-01-17 20:15:00,Detergente Ariel 850g,Limpieza,12.76,3,38.28,6,2024-01-17,20,Wednesday,1,3
3602,2024-06-27 10:05:00,Detergente Ace 850g,Limpieza,11.58,2,23.16,6,2024-06-27,10,Thursday,6,26
3603,2024-08-02 21:52:00,Leche Gloria Light 1L,Lácteos,4.87,1,4.87,3,2024-08-02,21,Friday,8,31
3604,2024-05-02 12:12:00,Inca Kola 500ml,Bebidas,2.43,3,7.29,1,2024-05-02,12,Thursday,5,18
3605,2024-07-15 07:18:00,Sublime 36g,Snacks,1.52,1,1.52,7,2024-07-15,7,Monday,7,29
3606,2024-06-07 20:36:00,Leche Gloria Light 1L,Lácteos,4.84,1,4.84,3,2024-06-07,20,Friday,6,23
3607,2024-05-08 07:00:00,Harina Blanca Flor 1kg,Abarrotes,3.28,3,9.84,4,2024-05-08,7,Wednesday,5,19
3608,2024-06-02 08:52:00,Pañales Huggies T4 x28,Higiene,33.63,1,33.63,6,2024-06-02,8,Sunday,6,22
3609,2024-01-12 08:58:00,Azúcar Cartavio 1kg,Abarrotes,3.47,1,3.47,5,2024-01-12,8,Friday,1,2
3610,2024-07-14 18:44:00,Detergente Ace 850g,Limpieza,11.83,2,23.66,6,2024-07-14,18,Sunday,7,28
3611,2024-02-29 16:14:00,Sal Marina 1kg,Abarrotes,1.5,3,4.5,5,2024-02-29,16,Thursday,2,9
3612,2024-01-01 20:56:00,Agua San Luis 2.5L,Bebidas,3.59,3,10.77,1,2024-01-01,20,Monday,1,1
3613,2024-03-07 10:31:00,Pañales Huggies T3 x30,Higiene,33.12,3,99.36,6,2024-03-07,10,Thursday,3,10
3614,2024-07-20 20:20:00,Queso Edam Gloria 250g,Lácteos,12.31,2,24.62,3,2024-07-20,20,Saturday,7,29
3615,2024-03-23 09:08:00,Jabón Bolivar 230g,Limpieza,2.85,3,8.55,6,2024-03-23,9,Saturday,3,12
3616,2024-08-20 20:08:00,Shampoo Head&Shoulders,Higiene,18.6,1,18.6,6,2024-08-20,20,Tuesday,8,34
3617,2024-05-07 21:23:00,Mantequilla Gloria 100g,Lácteos,4.11,2,8.22,3,2024-05-07,21,Tuesday,5,19
3618,2024-07-14 20:10:00,Coca-Cola 500ml,Bebidas,2.54,2,5.08,2,2024-07-14,20,Sunday,7,28
3619,2024-02-09 08:27:00,Inca Kola 1.5L,Bebidas,5.59,3,16.77,1,2024-02-09,8,Friday,2,6
3620,2024-07-16 20:02:00,Pañales Huggies T4 x28,Higiene,33.11,2,66.22,6,2024-07-16,20,Tuesday,7,29
3621,2024-01-07 20:52:00,Leche Gloria Entera 1L,Lácteos,4.79,3,14.37,3,2024-01-07,20,Sunday,1,1
3622,2024-04-08 21:34:00,Detergente Ace 850g,Limpieza,12.08,3,36.24,6,2024-04-08,21,Monday,4,15
3623,2024-06-19 12:06:00,Galletas Oreo 36g,Snacks,1.48,2,2.96,7,2024-06-19,12,Wednesday,6,25
3624,2024-05-15 07:56:00,Azúcar Cartavio 1kg,Abarrotes,3.46,4,13.84,5,2024-05-15,7,Wednesday,5,20
3625,2024-08-03 21:45:00,Agua San Luis 500ml,Bebidas,1.21,4,4.84,1,2024-08-03,21,Saturday,8,31
3626,2024-01-13 07:21:00,Lejía Clorox 900ml,Limpieza,4.57,2,9.14,6,2024-01-13,7,Saturday,1,2
3627,2024-06-24 20:57:00,Papel Higiénico Elite x4,Higiene,8.73,2,17.46,6,2024-06-24,20,Monday,6,26
3628,2024-08-01 20:28:00,Sublime 36g,Snacks,1.49,2,2.98,7,2024-08-01,20,Thursday,8,31
3629,2024-01-03 21:43:00,Leche Evaporada Gloria,Lácteos,3.13,1,3.13,3,2024-01-03,21,Wednesday,1,1
3630,2024-08-08 12:21:00,Agua San Luis 500ml,Bebidas,1.22,2,2.44,1,2024-08-08,12,Thursday,8,32
3631,2024-05-01 20:22:00,Papel Higiénico Elite x4,Higiene,8.7,3,26.1,6,2024-05-01,20,Wednesday,5,18
3632,2024-04-20 21:38:00,Sublime 36g,Snacks,1.49,1,1.49,7,2024-04-20,21,Saturday,4,16
3633,2024-07-23 09:25:00,Inca Kola 1.5L,Bebidas,5.56,5,27.8,1,2024-07-23,9,Tuesday,7,30
3634,2024-01-15 17:49:00,Aceite Primor 500ml,Abarrotes,5.13,2,10.26,4,2024-01-15,17,Monday,1,3
3635,2024-07-20 09:53:00,Detergente Ariel 850g,Limpieza,12.7,3,38.1,6,2024-07-20,9,Saturday,7,29
3636,2024-02-21 08:57:00,Galletas Oreo 36g,Snacks,1.51,2,3.02,7,2024-02-21,8,Wednesday,2,8
3637,2024-04-19 06:20:00,Shampoo Head&Shoulders,Higiene,18.7,1,18.7,6,2024-04-19,6,Friday,4,16
3638,2024-04-15 21:32:00,Sardina Florida 425g,Conservas,4.3,3,12.9,4,2024-04-15,21,Monday,4,16
3639,2024-06-30 21:10:00,Galletas Soda Field,Snacks,2.86,2,5.72,7,2024-06-30,21,Sunday,6,26
3640,2024-06-29 13:53:00,Queso Edam Gloria 250g,Lácteos,12.32,3,36.96,3,2024-06-29,13,Saturday,6,26
3641,2024-05-02 08:47:00,Aceite Primor 500ml,Abarrotes,5.19,2,10.38,4,2024-05-02,8,Thursday,5,18
3642,2024-02-16 07:11:00,Arroz Costeño 5kg,Abarrotes,17.48,2,34.96,4,2024-02-16,7,Friday,2,7
3643,2024-07-13 08:53:00,Leche Gloria Entera 1L,Lácteos,4.84,2,9.68,3,2024-07-13,8,Saturday,7,28
3644,2024-04-19 21:06:00,Galletas Soda Field,Snacks,2.74,2,5.48,7,2024-04-19,21,Friday,4,16
3645,2024-02-10 17:07:00,Harina Blanca Flor 1kg,Abarrotes,3.16,3,9.48,4,2024-02-10,17,Saturday,2,6
3646,2024-04-13 13:02:00,Pan de Molde Bimbo 500g,Panadería,6.37,2,12.74,8,2024-04-13,13,Saturday,4,15
3647,2024-08-01 20:13:00,Leche Gloria Entera 1L,Lácteos,4.9,3,14.7,3,2024-08-01,20,Thursday,8,31
3648,2024-02-17 07:47:00,Aceite Primor 500ml,Abarrotes,5.35,4,21.4,4,2024-02-17,7,Saturday,2,7
3649,2024-07-22 20:56:00,Mantequilla Gloria 100g,Lácteos,4.12,2,8.24,3,2024-07-22,20,Monday,7,30
3650,2024-03-09 20:03:00,Papel Higiénico Elite x4,Higiene,8.92,2,17.84,6,2024-03-09,20,Saturday,3,10
3651,2024-04-25 20:58:00,Agua San Luis 500ml,Bebidas,1.22,2,2.44,1,2024-04-25,20,Thursday,4,17
3652,2024-04-12 20:56:00,Agua San Luis 2.5L,Bebidas,3.58,1,3.58,1,2024-04-12,20,Friday,4,15
3653,2024-08-28 09:12:00,Inca Kola 500ml,Bebidas,2.45,2,4.9,1,2024-08-28,9,Wednesday,8,35
3654,2024-02-16 08:24:00,Pasta Dental Colgate,Higiene,5.41,3,16.23,6,2024-02-16,8,Friday,2,7
3655,2024-08-08 11:36:00,Leche Gloria Light 1L,Lácteos,4.98,2,9.96,3,2024-08-08,11,Thursday,8,32
3656,2024-03-02 06:34:00,Pañales Huggies T4 x28,Higiene,34.93,1,34.93,6,2024-03-02,6,Saturday,3,9
3657,2024-07-08 21:16:00,Coca-Cola 500ml,Bebidas,2.45,1,2.45,2,2024-07-08,21,Monday,7,28
3658,2024-06-06 16:06:00,Detergente Ariel 850g,Limpieza,12.58,3,37.74,6,2024-06-06,16,Thursday,6,23
3659,2024-02-02 20:48:00,Azúcar Cartavio 1kg,Abarrotes,3.43,4,13.72,5,2024-02-02,20,Friday,2,5
3660,2024-02-10 09:52:00,Agua San Luis 2.5L,Bebidas,3.44,4,13.76,1,2024-02-10,9,Saturday,2,6
3661,2024-03-17 19:03:00,Pepsi 500ml,Bebidas,2.35,2,4.7,2,2024-03-17,19,Sunday,3,11
3662,2024-04-25 21:52:00,Pañales Huggies T3 x30,Higiene,32.41,1,32.41,6,2024-04-25,21,Thursday,4,17
3663,2024-05-21 17:13:00,Aceite Primor 1L,Abarrotes,8.89,5,44.45,4,2024-05-21,17,Tuesday,5,21
3664,2024-04-05 09:00:00,Queso Edam Gloria 250g,Lácteos,12.77,3,38.31,3,2024-04-05,9,Friday,4,14
3665,2024-03-18 19:47:00,Pañales Huggies T4 x28,Higiene,35.01,2,70.02,6,2024-03-18,19,Monday,3,12
3666,2024-08-04 11:02:00,Pañales Huggies T3 x30,Higiene,31.54,3,94.62,6,2024-08-04,11,Sunday,8,31
3667,2024-05-24 11:38:00,Leche Gloria Entera 1L,Lácteos,4.7,1,4.7,3,2024-05-24,11,Friday,5,21
3668,2024-08-19 21:56:00,Agua San Luis 500ml,Bebidas,1.21,2,2.42,1,2024-08-19,21,Monday,8,34
3669,2024-03-07 20:37:00,Fideos Lavaggi 500g,Abarrotes,2.45,2,4.9,4,2024-03-07,20,Thursday,3,10
3670,2024-03-30 13:13:00,Aceite Primor 1L,Abarrotes,8.64,2,17.28,4,2024-03-30,13,Saturday,3,13
3671,2024-03-03 20:09:00,Aceite Primor 1L,Abarrotes,9.12,3,27.36,4,2024-03-03,20,Sunday,3,9
3672,2024-03-29 07:07:00,Jabón Bolivar 230g,Limpieza,2.86,3,8.58,6,2024-03-29,7,Friday,3,13
3673,2024-03-27 09:43:00,Azúcar Cartavio 1kg,Abarrotes,3.44,1,3.44,5,2024-03-27,9,Wednesday,3,13
3674,2024-05-28 21:44:00,Papel Higiénico Elite x4,Higiene,8.97,1,8.97,6,2024-05-28,21,Tuesday,5,22
3675,2024-02-19 15:54:00,Sal Marina 1kg,Abarrotes,1.49,2,2.98,5,2024-02-19,15,Monday,2,8
3676,2024-05-31 20:51:00,Aceite Primor 1L,Abarrotes,8.65,5,43.25,4,2024-05-31,20,Friday,5,22
3677,2024-07-10 13:07:00,Mantequilla Gloria 100g,Lácteos,4.28,1,4.28,3,2024-07-10,13,Wednesday,7,28
3678,2024-07-11 07:56:00,Fideos Lavaggi 500g,Abarrotes,2.43,5,12.15,4,2024-07-11,7,Thursday,7,28
3679,2024-07-11 16:58:00,Jabón Bolivar 230g,Limpieza,2.82,3,8.46,6,2024-07-11,16,Thursday,7,28
3680,2024-08-31 07:15:00,Leche Evaporada Gloria,Lácteos,3.18,2,6.36,3,2024-08-31,7,Saturday,8,35
3681,2024-05-03 21:17:00,Agua San Luis 500ml,Bebidas,1.17,2,2.34,1,2024-05-03,21,Friday,5,18
3682,2024-04-08 08:41:00,Inca Kola 500ml,Bebidas,2.51,1,2.51,1,2024-04-08,8,Monday,4,15
3683,2024-03-28 09:37:00,Shampoo Head&Shoulders,Higiene,18.15,1,18.15,6,2024-03-28,9,Thursday,3,13
3684,2024-01-20 09:30:00,Shampoo Head&Shoulders,Higiene,18.2,2,36.4,6,2024-01-20,9,Saturday,1,3
3685,2024-02-02 14:30:00,Papel Higiénico Elite x4,Higiene,8.71,2,17.42,6,2024-02-02,14,Friday,2,5
3686,2024-06-10 14:24:00,Chifles La Doña 80g,Snacks,2.05,1,2.05,7,2024-06-10,14,Monday,6,24
3687,2024-06-28 09:27:00,Yogurt Gloria Fresa 1kg,Lácteos,6.48,1,6.48,3,2024-06-28,9,Friday,6,26
3688,2024-01-07 09:10:00,Azúcar Cartavio 1kg,Abarrotes,3.58,5,17.9,5,2024-01-07,9,Sunday,1,1
3689,2024-08-11 07:12:00,Sardina Florida 425g,Conservas,4.25,1,4.25,4,2024-08-11,7,Sunday,8,32
3690,2024-03-31 16:22:00,Agua San Luis 500ml,Bebidas,1.19,1,1.19,1,2024-03-31,16,Sunday,3,13
3691,2024-02-23 10:06:00,Fideos Lavaggi 500g,Abarrotes,2.52,5,12.6,4,2024-02-23,10,Friday,2,8
3692,2024-03-01 07:33:00,Atún Florida 170g,Conservas,3.9,2,7.8,4,2024-03-01,7,Friday,3,9
3693,2024-04-28 14:29:00,Queso Edam Gloria 250g,Lácteos,12.86,3,38.58,3,2024-04-28,14,Sunday,4,17
3694,2024-06-26 10:09:00,Detergente Ace 850g,Limpieza,11.9,1,11.9,6,2024-06-26,10,Wednesday,6,26
3695,2024-06-30 16:44:00,Sal Marina 1kg,Abarrotes,1.53,5,7.65,5,2024-06-30,16,Sunday,6,26
3696,2024-02-16 06:19:00,Queso Edam Gloria 250g,Lácteos,12.49,3,37.47,3,2024-02-16,6,Friday,2,7
3697,2024-04-20 21:53:00,Coca-Cola 500ml,Bebidas,2.45,5,12.25,2,2024-04-20,21,Saturday,4,16
3698,2024-08-13 07:37:00,Arroz Costeño 5kg,Abarrotes,18.01,5,90.05,4,2024-08-13,7,Tuesday,8,33
3699,2024-03-31 09:03:00,Pañales Huggies T4 x28,Higiene,33.67,1,33.67,6,2024-03-31,9,Sunday,3,13
3700,2024-06-19 08:17:00,Chancay 60g,Panadería,0.51,1,0.51,8,2024-06-19,8,Wednesday,6,25
3701,2024-06-11 21:47:00,Jabón Bolivar 230g,Limpieza,2.81,3,8.43,6,2024-06-11,21,Tuesday,6,24
3702,2024-02-13 16:44:00,Chancay 60g,Panadería,0.51,2,1.02,8,2024-02-13,16,Tuesday,2,7
3703,2024-02-04 20:01:00,Galletas Oreo 36g,Snacks,1.5,3,4.5,7,2024-02-04,20,Sunday,2,5
3704,2024-05-03 09:49:00,Papel Higiénico Elite x4,Higiene,8.83,1,8.83,6,2024-05-03,9,Friday,5,18
3705,2024-08-08 16:47:00,Arroz Costeño 5kg,Abarrotes,17.06,3,51.18,4,2024-08-08,16,Thursday,8,32
3706,2024-04-10 07:11:00,Queso Edam Gloria 250g,Lácteos,12.78,1,12.78,3,2024-04-10,7,Wednesday,4,15
3707,2024-07-12 07:22:00,Inca Kola 500ml,Bebidas,2.45,4,9.8,1,2024-07-12,7,Friday,7,28
3708,2024-04-24 08:12:00,Atún Florida 170g,Conservas,3.96,3,11.88,4,2024-04-24,8,Wednesday,4,17
3709,2024-06-14 07:50:00,Aceite Primor 500ml,Abarrotes,5.12,2,10.24,4,2024-06-14,7,Friday,6,24
3710,2024-01-23 09:11:00,Fideos Lavaggi 500g,Abarrotes,2.43,5,12.15,4,2024-01-23,9,Tuesday,1,4
3711,2024-06-04 19:25:00,Inca Kola 500ml,Bebidas,2.55,2,5.1,1,2024-06-04,19,Tuesday,6,23
3712,2024-01-11 08:00:00,Shampoo Head&Shoulders,Higiene,18.96,2,37.92,6,2024-01-11,8,Thursday,1,2
3713,2024-07-30 17:27:00,Jabón Bolivar 230g,Limpieza,2.75,1,2.75,6,2024-07-30,17,Tuesday,7,31
3714,2024-08-02 07:01:00,Galletas Oreo 36g,Snacks,1.48,3,4.44,7,2024-08-02,7,Friday,8,31
3715,2024-01-13 08:36:00,Agua San Luis 500ml,Bebidas,1.18,2,2.36,1,2024-01-13,8,Saturday,1,2
3716,2024-05-17 10:10:00,Arroz Costeño 1kg,Abarrotes,3.88,3,11.64,4,2024-05-17,10,Friday,5,20
3717,2024-01-23 13:24:00,Agua San Luis 2.5L,Bebidas,3.54,1,3.54,1,2024-01-23,13,Tuesday,1,4
3718,2024-01-06 10:29:00,Pañales Huggies T3 x30,Higiene,32.81,2,65.62,6,2024-01-06,10,Saturday,1,1
3719,2024-04-12 07:59:00,Sardina Florida 425g,Conservas,4.26,3,12.78,4,2024-04-12,7,Friday,4,15
3720,2024-05-01 10:25:00,Pepsi 500ml,Bebidas,2.26,3,6.78,2,2024-05-01,10,Wednesday,5,18
3721,2024-07-01 06:00:00,Sublime 36g,Snacks,1.48,3,4.44,7,2024-07-01,6,Monday,7,27
3722,2024-02-14 08:05:00,Pasta Dental Colgate,Higiene,5.61,2,11.22,6,2024-02-14,8,Wednesday,2,7
3723,2024-08-07 07:13:00,Yogurt Gloria Fresa 1kg,Lácteos,6.61,1,6.61,3,2024-08-07,7,Wednesday,8,32
3724,2024-01-04 14:18:00,Leche Gloria Light 1L,Lácteos,4.78,3,14.34,3,2024-01-04,14,Thursday,1,1
3725,2024-03-17 07:45:00,Pañales Huggies T4 x28,Higiene,33.77,1,33.77,6,2024-03-17,7,Sunday,3,11
3726,2024-08-18 09:58:00,Fideos Lavaggi 500g,Abarrotes,2.49,2,4.98,4,2024-08-18,9,Sunday,8,33
3727,2024-04-30 18:33:00,Pasta Dental Colgate,Higiene,5.49,2,10.98,6,2024-04-30,18,Tuesday,4,18
3728,2024-08-16 07:27:00,Pañales Huggies T3 x30,Higiene,31.93,3,95.79,6,2024-08-16,7,Friday,8,33
3729,2024-06-03 09:02:00,Fideos Don Vittorio 500g,Abarrotes,2.86,3,8.58,4,2024-06-03,9,Monday,6,23
3730,2024-05-01 21:06:00,Agua San Luis 500ml,Bebidas,1.2,5,6.0,1,2024-05-01,21,Wednesday,5,18
3731,2024-01-23 21:39:00,Inca Kola 1.5L,Bebidas,5.52,5,27.6,1,2024-01-23,21,Tuesday,1,4
3732,2024-03-17 07:56:00,Aceite Primor 500ml,Abarrotes,5.13,2,10.26,4,2024-03-17,7,Sunday,3,11
3733,2024-04-23 21:04:00,Azúcar Cartavio 1kg,Abarrotes,3.43,4,13.72,5,2024-04-23,21,Tuesday,4,17
3734,2024-03-29 21:50:00,Fideos Lavaggi 500g,Abarrotes,2.5,2,5.0,4,2024-03-29,21,Friday,3,13
3735,2024-05-26 09:48:00,Lejía Clorox 900ml,Limpieza,4.41,1,4.41,6,2024-05-26,9,Sunday,5,21
3736,2024-07-16 20:24:00,Harina Blanca Flor 1kg,Abarrotes,3.18,2,6.36,4,2024-07-16,20,Tuesday,7,29
3737,2024-01-11 08:11:00,Mantequilla Gloria 100g,Lácteos,4.2,1,4.2,3,2024-01-11,8,Thursday,1,2
3738,2024-01-17 06:38:00,Fideos Lavaggi 500g,Abarrotes,2.46,3,7.38,4,2024-01-17,6,Wednesday,1,3
3739,2024-06-09 21:47:00,Jabón Bolivar 230g,Limpieza,2.75,2,5.5,6,2024-06-09,21,Sunday,6,23
3740,2024-07-04 08:49:00,Papel Higiénico Elite x4,Higiene,8.96,3,26.88,6,2024-07-04,8,Thursday,7,27
3741,2024-05-28 21:34:00,Coca-Cola 500ml,Bebidas,2.46,1,2.46,2,2024-05-28,21,Tuesday,5,22
3742,2024-01-13 21:47:00,Pañales Huggies T4 x28,Higiene,33.58,1,33.58,6,2024-01-13,21,Saturday,1,2
3743,2024-05-09 14:17:00,Pasta Dental Colgate,Higiene,5.49,1,5.49,6,2024-05-09,14,Thursday,5,19
3744,2024-07-05 21:53:00,Papel Higiénico Elite x4,Higiene,9.15,3,27.45,6,2024-07-05,21,Friday,7,27
3745,2024-08-12 21:54:00,Detergente Ariel 850g,Limpieza,12.22,2,24.44,6,2024-08-12,21,Monday,8,33
3746,2024-07-12 09:59:00,Lejía Clorox 900ml,Limpieza,4.46,1,4.46,6,2024-07-12,9,Friday,7,28
3747,2024-08-13 17:52:00,Atún Florida 170g,Conservas,3.96,3,11.88,4,2024-08-13,17,Tuesday,8,33
3748,2024-01-09 10:28:00,Mantequilla Gloria 100g,Lácteos,4.31,2,8.62,3,2024-01-09,10,Tuesday,1,2
3749,2024-05-27 06:49:00,Aceite Primor 1L,Abarrotes,8.8,5,44.0,4,2024-05-27,6,Monday,5,22
3750,2024-06-27 21:01:00,Coca-Cola 500ml,Bebidas,2.57,3,7.71,2,2024-06-27,21,Thursday,6,26
3751,2024-04-15 19:02:00,Detergente Ace 850g,Limpieza,12.19,2,24.38,6,2024-04-15,19,Monday,4,16
3752,2024-06-29 08:58:00,Azúcar Cartavio 1kg,Abarrotes,3.52,4,14.08,5,2024-06-29,8,Saturday,6,26
3753,2024-02-24 08:41:00,Sal Marina 1kg,Abarrotes,1.51,4,6.04,5,2024-02-24,8,Saturday,2,8
3754,2024-07-28 20:35:00,Inca Kola 1.5L,Bebidas,5.4,2,10.8,1,2024-07-28,20,Sunday,7,30
3755,2024-04-17 21:58:00,Aceite Primor 500ml,Abarrotes,5.24,5,26.2,4,2024-04-17,21,Wednesday,4,16
3756,2024-06-06 09:28:00,Agua San Luis 2.5L,Bebidas,3.53,5,17.65,1,2024-06-06,9,Thursday,6,23
3757,2024-03-25 08:43:00,Pañales Huggies T4 x28,Higiene,34.63,3,103.89,6,2024-03-25,8,Monday,3,13
3758,2024-04-09 20:36:00,Coca-Cola 500ml,Bebidas,2.46,4,9.84,2,2024-04-09,20,Tuesday,4,15
3759,2024-06-27 21:25:00,Aceite Primor 1L,Abarrotes,9.03,1,9.03,4,2024-06-27,21,Thursday,6,26
3760,2024-07-23 16:54:00,Sardina Florida 425g,Conservas,4.29,1,4.29,4,2024-07-23,16,Tuesday,7,30
3761,2024-05-26 07:44:00,Atún Florida 170g,Conservas,3.8,2,7.6,4,2024-05-26,7,Sunday,5,21
3762,2024-04-18 08:34:00,Pan de Molde Bimbo 500g,Panadería,6.57,2,13.14,8,2024-04-18,8,Thursday,4,16
3763,2024-01-08 20:11:00,Shampoo Head&Shoulders,Higiene,18.79,1,18.79,6,2024-01-08,20,Monday,1,2
3764,2024-07-14 09:57:00,Papel Higiénico Elite x4,Higiene,8.89,1,8.89,6,2024-07-14,9,Sunday,7,28
3765,2024-05-28 09:53:00,Queso Edam Gloria 250g,Lácteos,12.19,3,36.57,3,2024-05-28,9,Tuesday,5,22
3766,2024-07-27 20:31:00,Mantequilla Gloria 100g,Lácteos,4.22,1,4.22,3,2024-07-27,20,Saturday,7,30
3767,2024-06-28 20:49:00,Pañales Huggies T3 x30,Higiene,32.43,1,32.43,6,2024-06-28,20,Friday,6,26
3768,2024-07-07 06:34:00,Pasta Dental Colgate,Higiene,5.61,2,11.22,6,2024-07-07,6,Sunday,7,27
3769,2024-06-05 08:37:00,Atún Florida 170g,Conservas,3.82,2,7.64,4,2024-06-05,8,Wednesday,6,23
3770,2024-07-02 13:56:00,Arroz Costeño 5kg,Abarrotes,17.68,1,17.68,4,2024-07-02,13,Tuesday,7,27
3771,2024-03-24 20:07:00,Sal Marina 1kg,Abarrotes,1.49,3,4.47,5,2024-03-24,20,Sunday,3,12
3772,2024-06-05 20:01:00,Mantequilla Gloria 100g,Lácteos,4.22,2,8.44,3,2024-06-05,20,Wednesday,6,23
3773,2024-06-06 21:12:00,Agua San Luis 500ml,Bebidas,1.19,1,1.19,1,2024-06-06,21,Thursday,6,23
3774,2024-02-11 14:14:00,Sublime 36g,Snacks,1.54,3,4.62,7,2024-02-11,14,Sunday,2,6
3775,2024-06-17 07:44:00,Fideos Lavaggi 500g,Abarrotes,2.54,2,5.08,4,2024-06-17,7,Monday,6,25
3776,2024-04-29 09:26:00,Agua San Luis 500ml,Bebidas,1.2,4,4.8,1,2024-04-29,9,Monday,4,18
3777,2024-04-08 14:42:00,Inca Kola 500ml,Bebidas,2.53,2,5.06,1,2024-04-08,14,Monday,4,15
3778,2024-08-14 07:06:00,Jabón Bolivar 230g,Limpieza,2.83,2,5.66,6,2024-08-14,7,Wednesday,8,33
3779,2024-08-13 10:57:00,Fideos Don Vittorio 500g,Abarrotes,2.73,5,13.65,4,2024-08-13,10,Tuesday,8,33
3780,2024-02-21 07:07:00,Inca Kola 500ml,Bebidas,2.43,4,9.72,1,2024-02-21,7,Wednesday,2,8
3781,2024-04-15 07:28:00,Yogurt Gloria Fresa 1kg,Lácteos,6.38,1,6.38,3,2024-04-15,7,Monday,4,16
3782,2024-06-10 20:29:00,Chifles La Doña 80g,Snacks,1.99,1,1.99,7,2024-06-10,20,Monday,6,24
3783,2024-02-12 19:35:00,Sublime 36g,Snacks,1.51,1,1.51,7,2024-02-12,19,Monday,2,7
3784,2024-08-01 09:20:00,Harina Blanca Flor 1kg,Abarrotes,3.23,1,3.23,4,2024-08-01,9,Thursday,8,31
3785,2024-04-27 09:42:00,Inca Kola 1.5L,Bebidas,5.65,5,28.25,1,2024-04-27,9,Saturday,4,17
3786,2024-02-17 20:40:00,Mantequilla Gloria 100g,Lácteos,4.1,2,8.2,3,2024-02-17,20,Saturday,2,7
3787,2024-05-18 09:43:00,Pañales Huggies T3 x30,Higiene,32.93,1,32.93,6,2024-05-18,9,Saturday,5,20
3788,2024-08-07 08:25:00,Lejía Clorox 900ml,Limpieza,4.4,2,8.8,6,2024-08-07,8,Wednesday,8,32
3789,2024-01-09 20:15:00,Pan de Molde Bimbo 500g,Panadería,6.35,3,19.05,8,2024-01-09,20,Tuesday,1,2
3790,2024-06-11 11:59:00,Pepsi 500ml,Bebidas,2.26,4,9.04,2,2024-06-11,11,Tuesday,6,24
3791,2024-03-12 08:51:00,Fideos Don Vittorio 500g,Abarrotes,2.78,5,13.9,4,2024-03-12,8,Tuesday,3,11
3792,2024-06-13 09:43:00,Aceite Primor 500ml,Abarrotes,5.32,4,21.28,4,2024-06-13,9,Thursday,6,24
3793,2024-02-15 09:18:00,Agua San Luis 2.5L,Bebidas,3.46,2,6.92,1,2024-02-15,9,Thursday,2,7
3794,2024-02-25 20:37:00,Detergente Ace 850g,Limpieza,12.21,1,12.21,6,2024-02-25,20,Sunday,2,8
3795,2024-02-27 20:00:00,Yogurt Gloria Fresa 1kg,Lácteos,6.52,1,6.52,3,2024-02-27,20,Tuesday,2,9
3796,2024-05-25 20:15:00,Fideos Lavaggi 500g,Abarrotes,2.48,5,12.4,4,2024-05-25,20,Saturday,5,21
3797,2024-01-01 08:15:00,Shampoo Head&Shoulders,Higiene,18.3,2,36.6,6,2024-01-01,8,Monday,1,1
3798,2024-01-11 20:44:00,Atún Florida 170g,Conservas,3.84,2,7.68,4,2024-01-11,20,Thursday,1,2
3799,2024-06-28 21:50:00,Agua San Luis 2.5L,Bebidas,3.56,3,10.68,1,2024-06-28,21,Friday,6,26
3800,2024-06-22 07:55:00,Fideos Lavaggi 500g,Abarrotes,2.55,4,10.2,4,2024-06-22,7,Saturday,6,25
3801,2024-08-03 10:07:00,Fideos Lavaggi 500g,Abarrotes,2.56,3,7.68,4,2024-08-03,10,Saturday,8,31
3802,2024-04-25 13:33:00,Mantequilla Gloria 100g,Lácteos,4.14,2,8.28,3,2024-04-25,13,Thursday,4,17
3803,2024-04-15 07:08:00,Papel Higiénico Elite x4,Higiene,8.86,1,8.86,6,2024-04-15,7,Monday,4,16
3804,2024-04-13 19:18:00,Lejía Clorox 900ml,Limpieza,4.38,3,13.14,6,2024-04-13,19,Saturday,4,15
3805,2024-05-28 21:58:00,Detergente Ace 850g,Limpieza,12.19,3,36.57,6,2024-05-28,21,Tuesday,5,22
3806,2024-07-10 08:11:00,Leche Evaporada Gloria,Lácteos,3.2,3,9.6,3,2024-07-10,8,Wednesday,7,28
3807,2024-02-12 10:00:00,Aceite Primor 500ml,Abarrotes,5.17,4,20.68,4,2024-02-12,10,Monday,2,7
3808,2024-04-26 19:11:00,Agua San Luis 500ml,Bebidas,1.23,2,2.46,1,2024-04-26,19,Friday,4,17
3809,2024-06-05 10:37:00,Lejía Clorox 900ml,Limpieza,4.53,3,13.59,6,2024-06-05,10,Wednesday,6,23
3810,2024-03-04 09:47:00,Pan de Molde Bimbo 500g,Panadería,6.64,2,13.28,8,2024-03-04,9,Monday,3,10
3811,2024-05-22 21:28:00,Papel Higiénico Elite x4,Higiene,8.73,3,26.19,6,2024-05-22,21,Wednesday,5,21
3812,2024-01-04 20:16:00,Pañales Huggies T4 x28,Higiene,33.33,3,99.99,6,2024-01-04,20,Thursday,1,1
3813,2024-08-30 14:57:00,Sublime 36g,Snacks,1.53,3,4.59,7,2024-08-30,14,Friday,8,35
3814,2024-03-24 09:47:00,Leche Gloria Entera 1L,Lácteos,4.94,1,4.94,3,2024-03-24,9,Sunday,3,12
3815,2024-02-09 18:00:00,Agua San Luis 2.5L,Bebidas,3.4,1,3.4,1,2024-02-09,18,Friday,2,6
3816,2024-03-15 09:42:00,Agua San Luis 500ml,Bebidas,1.23,4,4.92,1,2024-03-15,9,Friday,3,11
3817,2024-08-03 08:50:00,Yogurt Gloria Fresa 1kg,Lácteos,6.59,2,13.18,3,2024-08-03,8,Saturday,8,31
3818,2024-08-06 08:46:00,Azúcar Cartavio 1kg,Abarrotes,3.41,5,17.05,5,2024-08-06,8,Tuesday,8,32
3819,2024-01-31 09:51:00,Atún Florida 170g,Conservas,3.9,3,11.7,4,2024-01-31,9,Wednesday,1,5
3820,2024-08-18 21:08:00,Yogurt Gloria Fresa 1kg,Lácteos,6.54,1,6.54,3,2024-08-18,21,Sunday,8,33
3821,2024-04-21 18:19:00,Chancay 60g,Panadería,0.51,1,0.51,8,2024-04-21,18,Sunday,4,16
3822,2024-03-16 16:39:00,Leche Evaporada Gloria,Lácteos,3.23,3,9.69,3,2024-03-16,16,Saturday,3,11
3823,2024-05-12 08:53:00,Pepsi 500ml,Bebidas,2.24,2,4.48,2,2024-05-12,8,Sunday,5,19
3824,2024-04-19 20:39:00,Galletas Soda Field,Snacks,2.81,2,5.62,7,2024-04-19,20,Friday,4,16
3825,2024-02-02 07:41:00,Papel Higiénico Elite x4,Higiene,8.85,2,17.7,6,2024-02-02,7,Friday,2,5
3826,2024-08-13 08:42:00,Leche Evaporada Gloria,Lácteos,3.15,2,6.3,3,2024-08-13,8,Tuesday,8,33
3827,2024-04-24 19:06:00,Inca Kola 500ml,Bebidas,2.49,5,12.45,1,2024-04-24,19,Wednesday,4,17
3828,2024-05-02 09:58:00,Jabón Bolivar 230g,Limpieza,2.82,3,8.46,6,2024-05-02,9,Thursday,5,18
3829,2024-08-05 15:15:00,Harina Blanca Flor 1kg,Abarrotes,3.2,3,9.6,4,2024-08-05,15,Monday,8,32
3830,2024-06-30 07:04:00,Leche Gloria Light 1L,Lácteos,4.81,3,14.43,3,2024-06-30,7,Sunday,6,26
3831,2024-08-05 20:03:00,Sardina Florida 425g,Conservas,4.2,2,8.4,4,2024-08-05,20,Monday,8,32
3832,2024-06-13 08:22:00,Arroz Costeño 1kg,Abarrotes,3.74,1,3.74,4,2024-06-13,8,Thursday,6,24
3833,2024-07-12 11:02:00,Agua San Luis 2.5L,Bebidas,3.54,2,7.08,1,2024-07-12,11,Friday,7,28
3834,2024-06-01 12:33:00,Queso Edam Gloria 250g,Lácteos,12.27,2,24.54,3,2024-06-01,12,Saturday,6,22
3835,2024-01-11 09:11:00,Pasta Dental Colgate,Higiene,5.62,2,11.24,6,2024-01-11,9,Thursday,1,2
3836,2024-03-11 15:35:00,Atún Florida 170g,Conservas,3.78,3,11.34,4,2024-03-11,15,Monday,3,11
3837,2024-05-06 21:47:00,Fideos Lavaggi 500g,Abarrotes,2.49,5,12.45,4,2024-05-06,21,Monday,5,19
3838,2024-07-17 07:59:00,Leche Evaporada Gloria,Lácteos,3.24,1,3.24,3,2024-07-17,7,Wednesday,7,29
3839,2024-04-15 20:50:00,Galletas Oreo 36g,Snacks,1.51,2,3.02,7,2024-04-15,20,Monday,4,16
3840,2024-08-06 17:05:00,Pan de Molde Bimbo 500g,Panadería,6.58,2,13.16,8,2024-08-06,17,Tuesday,8,32
3841,2024-08-09 21:05:00,Aceite Primor 1L,Abarrotes,8.82,3,26.46,4,2024-08-09,21,Friday,8,32
3842,2024-03-06 07:35:00,Arroz Costeño 1kg,Abarrotes,3.8,3,11.4,4,2024-03-06,7,Wednesday,3,10
3843,2024-03-29 20:46:00,Detergente Ariel 850g,Limpieza,12.73,3,38.19,6,2024-03-29,20,Friday,3,13
3844,2024-08-17 14:17:00,Sardina Florida 425g,Conservas,4.28,3,12.84,4,2024-08-17,14,Saturday,8,33
3845,2024-06-20 20:58:00,Papel Higiénico Elite x4,Higiene,8.66,2,17.32,6,2024-06-20,20,Thursday,6,25
3846,2024-07-29 20:18:00,Galletas Soda Field,Snacks,2.81,1,2.81,7,2024-07-29,20,Monday,7,31
3847,2024-07-02 21:07:00,Inca Kola 500ml,Bebidas,2.47,5,12.35,1,2024-07-02,21,Tuesday,7,27
3848,2024-07-13 09:34:00,Inca Kola 1.5L,Bebidas,5.39,2,10.78,1,2024-07-13,9,Saturday,7,28
3849,2024-01-07 18:25:00,Chancay 60g,Panadería,0.51,1,0.51,8,2024-01-07,18,Sunday,1,1
3850,2024-03-02 21:43:00,Coca-Cola 500ml,Bebidas,2.52,3,7.56,2,2024-03-02,21,Saturday,3,9
3851,2024-06-17 20:09:00,Inca Kola 1.5L,Bebidas,5.44,4,21.76,1,2024-06-17,20,Monday,6,25
3852,2024-01-24 18:18:00,Jabón Bolivar 230g,Limpieza,2.79,3,8.37,6,2024-01-24,18,Wednesday,1,4
3853,2024-08-09 07:21:00,Arroz Costeño 5kg,Abarrotes,17.11,4,68.44,4,2024-08-09,7,Friday,8,32
3854,2024-08-26 08:19:00,Pepsi 500ml,Bebidas,2.35,3,7.05,2,2024-08-26,8,Monday,8,35
3855,2024-08-20 20:48:00,Chifles La Doña 80g,Snacks,2.0,2,4.0,7,2024-08-20,20,Tuesday,8,34
3856,2024-07-03 21:02:00,Chifles La Doña 80g,Snacks,1.96,3,5.88,7,2024-07-03,21,Wednesday,7,27
3857,2024-06-02 08:34:00,Leche Gloria Light 1L,Lácteos,4.99,3,14.97,3,2024-06-02,8,Sunday,6,22
3858,2024-08-09 07:12:00,Harina Blanca Flor 1kg,Abarrotes,3.26,2,6.52,4,2024-08-09,7,Friday,8,32
3859,2024-01-26 09:17:00,Lejía Clorox 900ml,Limpieza,4.46,3,13.38,6,2024-01-26,9,Friday,1,4
3860,2024-03-28 08:15:00,Pepsi 500ml,Bebidas,2.32,2,4.64,2,2024-03-28,8,Thursday,3,13
3861,2024-06-01 07:18:00,Leche Gloria Light 1L,Lácteos,4.99,2,9.98,3,2024-06-01,7,Saturday,6,22
3862,2024-02-07 07:38:00,Aceite Primor 1L,Abarrotes,9.0,4,36.0,4,2024-02-07,7,Wednesday,2,6
3863,2024-05-02 17:45:00,Galletas Oreo 36g,Snacks,1.48,2,2.96,7,2024-05-02,17,Thursday,5,18
3864,2024-08-09 20:58:00,Pepsi 500ml,Bebidas,2.24,2,4.48,2,2024-08-09,20,Friday,8,32
3865,2024-03-15 20:52:00,Agua San Luis 500ml,Bebidas,1.21,5,6.05,1,2024-03-15,20,Friday,3,11
3866,2024-05-27 08:51:00,Sal Marina 1kg,Abarrotes,1.54,4,6.16,5,2024-05-27,8,Monday,5,22
3867,2024-08-11 20:20:00,Leche Evaporada Gloria,Lácteos,3.25,3,9.75,3,2024-08-11,20,Sunday,8,32
3868,2024-08-24 07:00:00,Lejía Clorox 900ml,Limpieza,4.57,1,4.57,6,2024-08-24,7,Saturday,8,34
3869,2024-07-08 20:08:00,Agua San Luis 500ml,Bebidas,1.2,3,3.6,1,2024-07-08,20,Monday,7,28
3870,2024-08-20 20:58:00,Pan de Molde Bimbo 500g,Panadería,6.51,2,13.02,8,2024-08-20,20,Tuesday,8,34
3871,2024-03-25 07:25:00,Pepsi 500ml,Bebidas,2.24,2,4.48,2,2024-03-25,7,Monday,3,13
3872,2024-03-02 20:23:00,Papel Higiénico Elite x4,Higiene,8.7,1,8.7,6,2024-03-02,20,Saturday,3,9
3873,2024-08-15 19:17:00,Sublime 36g,Snacks,1.51,1,1.51,7,2024-08-15,19,Thursday,8,33
3874,2024-01-31 07:37:00,Queso Edam Gloria 250g,Lácteos,12.57,1,12.57,3,2024-01-31,7,Wednesday,1,5
3875,2024-01-16 13:40:00,Aceite Primor 1L,Abarrotes,8.71,1,8.71,4,2024-01-16,13,Tuesday,1,3
3876,2024-01-06 16:10:00,Leche Evaporada Gloria,Lácteos,3.14,3,9.42,3,2024-01-06,16,Saturday,1,1
3877,2024-07-12 21:44:00,Pasta Dental Colgate,Higiene,5.46,3,16.38,6,2024-07-12,21,Friday,7,28
3878,2024-05-27 11:25:00,Leche Gloria Light 1L,Lácteos,4.77,1,4.77,3,2024-05-27,11,Monday,5,22
3879,2024-04-20 08:22:00,Chancay 60g,Panadería,0.51,2,1.02,8,2024-04-20,8,Saturday,4,16
3880,2024-03-06 10:02:00,Sardina Florida 425g,Conservas,4.15,2,8.3,4,2024-03-06,10,Wednesday,3,10
3881,2024-06-03 08:59:00,Pan de Molde Bimbo 500g,Panadería,6.39,2,12.78,8,2024-06-03,8,Monday,6,23
3882,2024-02-01 09:45:00,Agua San Luis 2.5L,Bebidas,3.52,5,17.6,1,2024-02-01,9,Thursday,2,5
3883,2024-06-10 20:18:00,Detergente Ariel 850g,Limpieza,12.7,2,25.4,6,2024-06-10,20,Monday,6,24
3884,2024-04-13 07:38:00,Papel Higiénico Elite x4,Higiene,8.83,3,26.49,6,2024-04-13,7,Saturday,4,15
3885,2024-05-06 07:20:00,Leche Gloria Light 1L,Lácteos,4.87,3,14.61,3,2024-05-06,7,Monday,5,19
3886,2024-03-01 19:06:00,Inca Kola 500ml,Bebidas,2.55,4,10.2,1,2024-03-01,19,Friday,3,9
3887,2024-05-18 21:00:00,Atún Florida 170g,Conservas,3.89,2,7.78,4,2024-05-18,21,Saturday,5,20
3888,2024-07-12 21:01:00,Yogurt Gloria Fresa 1kg,Lácteos,6.38,1,6.38,3,2024-07-12,21,Friday,7,28
3889,2024-04-03 20:04:00,Agua San Luis 500ml,Bebidas,1.23,3,3.69,1,2024-04-03,20,Wednesday,4,14
3890,2024-01-18 20:27:00,Inca Kola 500ml,Bebidas,2.55,4,10.2,1,2024-01-18,20,Thursday,1,3
3891,2024-04-18 09:28:00,Sardina Florida 425g,Conservas,4.09,3,12.27,4,2024-04-18,9,Thursday,4,16
3892,2024-02-15 07:13:00,Leche Evaporada Gloria,Lácteos,3.22,1,3.22,3,2024-02-15,7,Thursday,2,7
3893,2024-04-23 07:45:00,Atún Florida 170g,Conservas,4.01,2,8.02,4,2024-04-23,7,Tuesday,4,17
3894,2024-02-24 08:44:00,Detergente Ace 850g,Limpieza,11.96,2,23.92,6,2024-02-24,8,Saturday,2,8
3895,2024-07-04 20:48:00,Sardina Florida 425g,Conservas,4.31,3,12.93,4,2024-07-04,20,Thursday,7,27
3896,2024-05-16 21:54:00,Mantequilla Gloria 100g,Lácteos,4.18,3,12.54,3,2024-05-16,21,Thursday,5,20
3897,2024-04-19 20:35:00,Arroz Costeño 5kg,Abarrotes,17.18,2,34.36,4,2024-04-19,20,Friday,4,16
3898,2024-07-01 14:40:00,Sardina Florida 425g,Conservas,4.22,3,12.66,4,2024-07-01,14,Monday,7,27
3899,2024-05-20 17:43:00,Papel Higiénico Elite x4,Higiene,8.66,2,17.32,6,2024-05-20,17,Monday,5,21
3900,2024-03-03 21:54:00,Aceite Primor 500ml,Abarrotes,5.29,4,21.16,4,2024-03-03,21,Sunday,3,9
3901,2024-05-18 07:51:00,Agua San Luis 2.5L,Bebidas,3.51,1,3.51,1,2024-05-18,7,Saturday,5,20
3902,2024-01-07 19:31:00,Aceite Primor 1L,Abarrotes,8.75,2,17.5,4,2024-01-07,19,Sunday,1,1
3903,2024-06-25 21:13:00,Yogurt Gloria Fresa 1kg,Lácteos,6.36,3,19.08,3,2024-06-25,21,Tuesday,6,26
3904,2024-08-08 21:02:00,Mantequilla Gloria 100g,Lácteos,4.29,1,4.29,3,2024-08-08,21,Thursday,8,32
3905,2024-03-23 07:52:00,Leche Evaporada Gloria,Lácteos,3.28,2,6.56,3,2024-03-23,7,Saturday,3,12
3906,2024-04-06 11:16:00,Pasta Dental Colgate,Higiene,5.48,1,5.48,6,2024-04-06,11,Saturday,4,14
3907,2024-06-08 11:14:00,Sal Marina 1kg,Abarrotes,1.53,5,7.65,5,2024-06-08,11,Saturday,6,23
3908,2024-01-12 09:11:00,Yogurt Gloria Fresa 1kg,Lácteos,6.53,1,6.53,3,2024-01-12,9,Friday,1,2
3909,2024-06-25 08:27:00,Fideos Don Vittorio 500g,Abarrotes,2.75,5,13.75,4,2024-06-25,8,Tuesday,6,26
3910,2024-05-12 07:13:00,Aceite Primor 500ml,Abarrotes,5.2,3,15.6,4,2024-05-12,7,Sunday,5,19
3911,2024-06-03 10:56:00,Agua San Luis 500ml,Bebidas,1.16,5,5.8,1,2024-06-03,10,Monday,6,23
3912,2024-03-25 08:21:00,Galletas Oreo 36g,Snacks,1.52,2,3.04,7,2024-03-25,8,Monday,3,13
3913,2024-08-17 21:20:00,Leche Evaporada Gloria,Lácteos,3.21,2,6.42,3,2024-08-17,21,Saturday,8,33
3914,2024-02-21 13:07:00,Agua San Luis 500ml,Bebidas,1.16,1,1.16,1,2024-02-21,13,Wednesday,2,8
3915,2024-07-20 07:13:00,Papel Higiénico Elite x4,Higiene,8.72,3,26.16,6,2024-07-20,7,Saturday,7,29
3916,2024-06-09 10:58:00,Pañales Huggies T4 x28,Higiene,33.99,1,33.99,6,2024-06-09,10,Sunday,6,23
3917,2024-04-29 07:26:00,Pasta Dental Colgate,Higiene,5.5,3,16.5,6,2024-04-29,7,Monday,4,18
3918,2024-04-11 21:46:00,Coca-Cola 500ml,Bebidas,2.43,4,9.72,2,2024-04-11,21,Thursday,4,15
3919,2024-01-01 08:03:00,Shampoo Head&Shoulders,Higiene,18.37,1,18.37,6,2024-01-01,8,Monday,1,1
3920,2024-03-26 11:39:00,Coca-Cola 500ml,Bebidas,2.54,5,12.7,2,2024-03-26,11,Tuesday,3,13
3921,2024-06-10 09:52:00,Leche Evaporada Gloria,Lácteos,3.23,1,3.23,3,2024-06-10,9,Monday,6,24
3922,2024-07-05 08:17:00,Atún Florida 170g,Conservas,3.94,1,3.94,4,2024-07-05,8,Friday,7,27
3923,2024-05-01 17:32:00,Pañales Huggies T4 x28,Higiene,33.85,1,33.85,6,2024-05-01,17,Wednesday,5,18
3924,2024-02-05 20:53:00,Pañales Huggies T3 x30,Higiene,33.14,2,66.28,6,2024-02-05,20,Monday,2,6
3925,2024-08-03 09:25:00,Inca Kola 500ml,Bebidas,2.55,2,5.1,1,2024-08-03,9,Saturday,8,31
3926,2024-06-11 18:56:00,Detergente Ariel 850g,Limpieza,12.83,2,25.66,6,2024-06-11,18,Tuesday,6,24
3927,2024-03-13 14:20:00,Agua San Luis 500ml,Bebidas,1.2,5,6.0,1,2024-03-13,14,Wednesday,3,11
3928,2024-02-23 07:37:00,Queso Edam Gloria 250g,Lácteos,12.7,3,38.1,3,2024-02-23,7,Friday,2,8
3929,2024-07-10 14:53:00,Galletas Soda Field,Snacks,2.85,3,8.55,7,2024-07-10,14,Wednesday,7,28
3930,2024-06-02 19:02:00,Fideos Don Vittorio 500g,Abarrotes,2.84,5,14.2,4,2024-06-02,19,Sunday,6,22
3931,2024-07-27 21:38:00,Sardina Florida 425g,Conservas,4.28,3,12.84,4,2024-07-27,21,Saturday,7,30
3932,2024-02-06 19:18:00,Arroz Costeño 5kg,Abarrotes,17.11,2,34.22,4,2024-02-06,19,Tuesday,2,6
3933,2024-05-31 08:06:00,Azúcar Cartavio 1kg,Abarrotes,3.42,2,6.84,5,2024-05-31,8,Friday,5,22
3934,2024-05-29 08:42:00,Pan de Molde Bimbo 500g,Panadería,6.43,1,6.43,8,2024-05-29,8,Wednesday,5,22
3935,2024-05-23 13:16:00,Harina Blanca Flor 1kg,Abarrotes,3.1,1,3.1,4,2024-05-23,13,Thursday,5,21
3936,2024-02-16 19:47:00,Agua San Luis 500ml,Bebidas,1.17,2,2.34,1,2024-02-16,19,Friday,2,7
3937,2024-07-28 15:31:00,Arroz Costeño 1kg,Abarrotes,3.73,3,11.19,4,2024-07-28,15,Sunday,7,30
3938,2024-03-28 21:47:00,Aceite Primor 1L,Abarrotes,9.0,5,45.0,4,2024-03-28,21,Thursday,3,13
3939,2024-08-04 20:58:00,Agua San Luis 500ml,Bebidas,1.18,2,2.36,1,2024-08-04,20,Sunday,8,31
3940,2024-06-13 21:03:00,Sublime 36g,Snacks,1.51,2,3.02,7,2024-06-13,21,Thursday,6,24
3941,2024-01-18 20:24:00,Harina Blanca Flor 1kg,Abarrotes,3.29,1,3.29,4,2024-01-18,20,Thursday,1,3
3942,2024-06-27 17:25:00,Arroz Costeño 1kg,Abarrotes,3.79,3,11.37,4,2024-06-27,17,Thursday,6,26
3943,2024-06-02 21:25:00,Mantequilla Gloria 100g,Lácteos,4.26,1,4.26,3,2024-06-02,21,Sunday,6,22
3944,2024-05-11 21:39:00,Sardina Florida 425g,Conservas,4.22,2,8.44,4,2024-05-11,21,Saturday,5,19
3945,2024-02-19 13:00:00,Lejía Clorox 900ml,Limpieza,4.6,3,13.8,6,2024-02-19,13,Monday,2,8
3946,2024-02-09 07:03:00,Shampoo Head&Shoulders,Higiene,18.01,3,54.03,6,2024-02-09,7,Friday,2,6
3947,2024-04-16 08:08:00,Yogurt Gloria Fresa 1kg,Lácteos,6.34,1,6.34,3,2024-04-16,8,Tuesday,4,16
3948,2024-04-01 20:43:00,Sardina Florida 425g,Conservas,4.18,3,12.54,4,2024-04-01,20,Monday,4,14
3949,2024-03-25 21:20:00,Fideos Lavaggi 500g,Abarrotes,2.54,3,7.62,4,2024-03-25,21,Monday,3,13
3950,2024-08-15 20:11:00,Detergente Ariel 850g,Limpieza,12.48,2,24.96,6,2024-08-15,20,Thursday,8,33
3951,2024-01-02 08:33:00,Fideos Lavaggi 500g,Abarrotes,2.48,4,9.92,4,2024-01-02,8,Tuesday,1,1
3952,2024-07-25 20:18:00,Pañales Huggies T3 x30,Higiene,31.64,3,94.92,6,2024-07-25,20,Thursday,7,30
3953,2024-04-16 21:20:00,Agua San Luis 500ml,Bebidas,1.18,1,1.18,1,2024-04-16,21,Tuesday,4,16
3954,2024-08-08 20:49:00,Fideos Don Vittorio 500g,Abarrotes,2.81,5,14.05,4,2024-08-08,20,Thursday,8,32
3955,2024-08-26 07:51:00,Galletas Oreo 36g,Snacks,1.47,1,1.47,7,2024-08-26,7,Monday,8,35
3956,2024-08-21 21:01:00,Pañales Huggies T3 x30,Higiene,33.04,3,99.12,6,2024-08-21,21,Wednesday,8,34
3957,2024-07-29 20:46:00,Sardina Florida 425g,Conservas,4.19,1,4.19,4,2024-07-29,20,Monday,7,31
3958,2024-04-14 09:19:00,Sal Marina 1kg,Abarrotes,1.47,3,4.41,5,2024-04-14,9,Sunday,4,15
3959,2024-05-11 07:11:00,Arroz Costeño 5kg,Abarrotes,17.81,1,17.81,4,2024-05-11,7,Saturday,5,19
3960,2024-07-06 09:47:00,Jabón Bolivar 230g,Limpieza,2.75,3,8.25,6,2024-07-06,9,Saturday,7,27
3961,2024-07-10 08:42:00,Fideos Lavaggi 500g,Abarrotes,2.43,5,12.15,4,2024-07-10,8,Wednesday,7,28
3962,2024-06-12 09:30:00,Pañales Huggies T4 x28,Higiene,33.97,3,101.91,6,2024-06-12,9,Wednesday,6,24
3963,2024-08-12 21:21:00,Mantequilla Gloria 100g,Lácteos,4.21,1,4.21,3,2024-08-12,21,Monday,8,33
3964,2024-02-23 21:33:00,Leche Gloria Light 1L,Lácteos,4.84,1,4.84,3,2024-02-23,21,Friday,2,8
3965,2024-04-28 08:48:00,Coca-Cola 500ml,Bebidas,2.47,4,9.88,2,2024-04-28,8,Sunday,4,17
3966,2024-01-04 21:40:00,Chifles La Doña 80g,Snacks,2.05,3,6.15,7,2024-01-04,21,Thursday,1,1
3967,2024-03-05 16:37:00,Mantequilla Gloria 100g,Lácteos,4.27,3,12.81,3,2024-03-05,16,Tuesday,3,10
3968,2024-02-05 19:00:00,Coca-Cola 500ml,Bebidas,2.53,2,5.06,2,2024-02-05,19,Monday,2,6
3969,2024-03-10 07:51:00,Fideos Don Vittorio 500g,Abarrotes,2.88,2,5.76,4,2024-03-10,7,Sunday,3,10
3970,2024-08-21 20:21:00,Detergente Ariel 850g,Limpieza,12.34,3,37.02,6,2024-08-21,20,Wednesday,8,34
3971,2024-04-29 08:09:00,Inca Kola 1.5L,Bebidas,5.41,1,5.41,1,2024-04-29,8,Monday,4,18
3972,2024-07-09 21:30:00,Mantequilla Gloria 100g,Lácteos,4.21,2,8.42,3,2024-07-09,21,Tuesday,7,28
3973,2024-04-02 09:42:00,Pasta Dental Colgate,Higiene,5.36,2,10.72,6,2024-04-02,9,Tuesday,4,14
3974,2024-07-07 09:33:00,Pañales Huggies T4 x28,Higiene,33.3,3,99.9,6,2024-07-07,9,Sunday,7,27
3975,2024-05-08 20:53:00,Inca Kola 500ml,Bebidas,2.47,5,12.35,1,2024-05-08,20,Wednesday,5,19
3976,2024-08-11 21:06:00,Sublime 36g,Snacks,1.49,3,4.47,7,2024-08-11,21,Sunday,8,32
3977,2024-06-14 11:57:00,Sal Marina 1kg,Abarrotes,1.46,4,5.84,5,2024-06-14,11,Friday,6,24
3978,2024-07-03 21:10:00,Detergente Ace 850g,Limpieza,11.84,2,23.68,6,2024-07-03,21,Wednesday,7,27
3979,2024-03-15 12:06:00,Galletas Oreo 36g,Snacks,1.47,2,2.94,7,2024-03-15,12,Friday,3,11
3980,2024-04-08 20:42:00,Inca Kola 500ml,Bebidas,2.48,1,2.48,1,2024-04-08,20,Monday,4,15
3981,2024-08-24 08:29:00,Sublime 36g,Snacks,1.5,3,4.5,7,2024-08-24,8,Saturday,8,34
3982,2024-07-18 08:52:00,Harina Blanca Flor 1kg,Abarrotes,3.26,3,9.78,4,2024-07-18,8,Thursday,7,29
3983,2024-03-20 20:59:00,Mantequilla Gloria 100g,Lácteos,4.31,2,8.62,3,2024-03-20,20,Wednesday,3,12
3984,2024-02-04 20:14:00,Sal Marina 1kg,Abarrotes,1.47,4,5.88,5,2024-02-04,20,Sunday,2,5
3985,2024-08-30 10:56:00,Chifles La Doña 80g,Snacks,1.97,1,1.97,7,2024-08-30,10,Friday,8,35
3986,2024-01-15 08:20:00,Mantequilla Gloria 100g,Lácteos,4.29,2,8.58,3,2024-01-15,8,Monday,1,3
3987,2024-06-09 07:42:00,Chancay 60g,Panadería,0.49,3,1.47,8,2024-06-09,7,Sunday,6,23
3988,2024-04-24 14:04:00,Pasta Dental Colgate,Higiene,5.6,3,16.8,6,2024-04-24,14,Wednesday,4,17
3989,2024-05-07 20:37:00,Pañales Huggies T3 x30,Higiene,31.68,3,95.04,6,2024-05-07,20,Tuesday,5,19
3990,2024-05-18 07:53:00,Chancay 60g,Panadería,0.51,2,1.02,8,2024-05-18,7,Saturday,5,20
3991,2024-05-11 09:04:00,Pasta Dental Colgate,Higiene,5.5,2,11.0,6,2024-05-11,9,Saturday,5,19
3992,2024-05-22 17:32:00,Pepsi 500ml,Bebidas,2.34,5,11.7,2,2024-05-22,17,Wednesday,5,21
3993,2024-02-12 20:32:00,Lejía Clorox 900ml,Limpieza,4.51,2,9.02,6,2024-02-12,20,Monday,2,7
3994,2024-04-15 07:55:00,Shampoo Head&Shoulders,Higiene,19.01,1,19.01,6,2024-04-15,7,Monday,4,16
3995,2024-04-12 07:37:00,Galletas Oreo 36g,Snacks,1.52,2,3.04,7,2024-04-12,7,Friday,4,15
3996,2024-01-30 06:40:00,Aceite Primor 500ml,Abarrotes,5.27,3,15.81,4,2024-01-30,6,Tuesday,1,5
3997,2024-08-12 09:09:00,Pan de Molde Bimbo 500g,Panadería,6.56,3,19.68,8,2024-08-12,9,Monday,8,33
3998,2024-05-13 09:32:00,Chancay 60g,Panadería,0.51,1,0.51,8,2024-05-13,9,Monday,5,20
3999,2024-06-15 06:58:00,Inca Kola 1.5L,Bebidas,5.46,4,21.84,1,2024-06-15,6,Saturday,6,24
4000,2024-08-11 08:37:00,Coca-Cola 500ml,Bebidas,2.46,2,4.92,2,2024-08-11,8,Sunday,8,32
4001,2024-05-30 18:35:00,Yogurt Gloria Fresa 1kg,Lácteos,6.65,3,19.95,3,2024-05-30,18,Thursday,5,22
4002,2024-03-11 19:42:00,Azúcar Cartavio 1kg,Abarrotes,3.52,3,10.56,5,2024-03-11,19,Monday,3,11
4003,2024-08-23 09:20:00,Pasta Dental Colgate,Higiene,5.47,1,5.47,6,2024-08-23,9,Friday,8,34
4004,2024-04-27 21:55:00,Sardina Florida 425g,Conservas,4.27,3,12.81,4,2024-04-27,21,Saturday,4,17
4005,2024-02-18 21:00:00,Azúcar Cartavio 1kg,Abarrotes,3.49,4,13.96,5,2024-02-18,21,Sunday,2,7
4006,2024-07-15 09:57:00,Leche Gloria Entera 1L,Lácteos,4.68,1,4.68,3,2024-07-15,9,Monday,7,29
4007,2024-03-28 16:28:00,Jabón Bolivar 230g,Limpieza,2.87,3,8.61,6,2024-03-28,16,Thursday,3,13
4008,2024-02-02 21:39:00,Detergente Ariel 850g,Limpieza,12.63,3,37.89,6,2024-02-02,21,Friday,2,5
4009,2024-05-12 08:16:00,Azúcar Cartavio 1kg,Abarrotes,3.46,1,3.46,5,2024-05-12,8,Sunday,5,19
4010,2024-05-17 07:19:00,Chifles La Doña 80g,Snacks,1.98,1,1.98,7,2024-05-17,7,Friday,5,20
4011,2024-08-31 09:06:00,Galletas Oreo 36g,Snacks,1.54,1,1.54,7,2024-08-31,9,Saturday,8,35
4012,2024-08-05 08:34:00,Sardina Florida 425g,Conservas,4.1,2,8.2,4,2024-08-05,8,Monday,8,32
4013,2024-07-28 08:47:00,Papel Higiénico Elite x4,Higiene,8.94,1,8.94,6,2024-07-28,8,Sunday,7,30
4014,2024-08-12 20:34:00,Shampoo Head&Shoulders,Higiene,18.91,1,18.91,6,2024-08-12,20,Monday,8,33
4015,2024-02-29 15:51:00,Yogurt Gloria Fresa 1kg,Lácteos,6.41,3,19.23,3,2024-02-29,15,Thursday,2,9
4016,2024-05-11 08:30:00,Pañales Huggies T4 x28,Higiene,34.63,3,103.89,6,2024-05-11,8,Saturday,5,19
4017,2024-08-22 13:52:00,Inca Kola 1.5L,Bebidas,5.57,4,22.28,1,2024-08-22,13,Thursday,8,34
4018,2024-03-17 08:27:00,Pañales Huggies T4 x28,Higiene,34.89,1,34.89,6,2024-03-17,8,Sunday,3,11
4019,2024-05-02 08:32:00,Sardina Florida 425g,Conservas,4.13,3,12.39,4,2024-05-02,8,Thursday,5,18
4020,2024-03-31 21:23:00,Leche Gloria Light 1L,Lácteos,4.96,2,9.92,3,2024-03-31,21,Sunday,3,13
4021,2024-06-02 10:42:00,Aceite Primor 1L,Abarrotes,8.76,4,35.04,4,2024-06-02,10,Sunday,6,22
4022,2024-04-10 12:45:00,Chifles La Doña 80g,Snacks,1.96,1,1.96,7,2024-04-10,12,Wednesday,4,15
4023,2024-03-25 15:41:00,Agua San Luis 2.5L,Bebidas,3.6,2,7.2,1,2024-03-25,15,Monday,3,13
4024,2024-02-28 07:24:00,Azúcar Cartavio 1kg,Abarrotes,3.41,3,10.23,5,2024-02-28,7,Wednesday,2,9
4025,2024-06-09 13:37:00,Detergente Ariel 850g,Limpieza,12.72,2,25.44,6,2024-06-09,13,Sunday,6,23
4026,2024-08-30 20:19:00,Inca Kola 1.5L,Bebidas,5.6,3,16.8,1,2024-08-30,20,Friday,8,35
4027,2024-06-30 07:46:00,Galletas Oreo 36g,Snacks,1.49,1,1.49,7,2024-06-30,7,Sunday,6,26
4028,2024-04-01 20:58:00,Mantequilla Gloria 100g,Lácteos,4.2,3,12.6,3,2024-04-01,20,Monday,4,14
4029,2024-04-18 07:21:00,Leche Gloria Light 1L,Lácteos,5.03,1,5.03,3,2024-04-18,7,Thursday,4,16
4030,2024-01-20 20:25:00,Aceite Primor 1L,Abarrotes,8.93,5,44.65,4,2024-01-20,20,Saturday,1,3
4031,2024-08-16 13:50:00,Harina Blanca Flor 1kg,Abarrotes,3.26,3,9.78,4,2024-08-16,13,Friday,8,33
4032,2024-04-08 07:45:00,Galletas Oreo 36g,Snacks,1.48,3,4.44,7,2024-04-08,7,Monday,4,15
4033,2024-02-22 20:18:00,Pan de Molde Bimbo 500g,Panadería,6.59,1,6.59,8,2024-02-22,20,Thursday,2,8
4034,2024-05-31 10:34:00,Leche Evaporada Gloria,Lácteos,3.16,2,6.32,3,2024-05-31,10,Friday,5,22
4035,2024-02-21 06:51:00,Sal Marina 1kg,Abarrotes,1.49,2,2.98,5,2024-02-21,6,Wednesday,2,8
4036,2024-08-26 18:45:00,Detergente Ariel 850g,Limpieza,12.21,1,12.21,6,2024-08-26,18,Monday,8,35
4037,2024-04-16 21:07:00,Arroz Costeño 1kg,Abarrotes,3.86,5,19.3,4,2024-04-16,21,Tuesday,4,16
4038,2024-04-15 20:00:00,Pañales Huggies T3 x30,Higiene,33.47,1,33.47,6,2024-04-15,20,Monday,4,16
4039,2024-08-22 07:51:00,Papel Higiénico Elite x4,Higiene,8.7,1,8.7,6,2024-08-22,7,Thursday,8,34
4040,2024-02-04 13:17:00,Leche Evaporada Gloria,Lácteos,3.22,3,9.66,3,2024-02-04,13,Sunday,2,5
4041,2024-01-19 12:46:00,Coca-Cola 500ml,Bebidas,2.57,4,10.28,2,2024-01-19,12,Friday,1,3
4042,2024-02-26 21:22:00,Pan de Molde Bimbo 500g,Panadería,6.59,3,19.77,8,2024-02-26,21,Monday,2,9
4043,2024-05-01 08:20:00,Leche Gloria Entera 1L,Lácteos,4.84,1,4.84,3,2024-05-01,8,Wednesday,5,18
4044,2024-07-27 21:18:00,Fideos Lavaggi 500g,Abarrotes,2.52,1,2.52,4,2024-07-27,21,Saturday,7,30
4045,2024-03-03 17:04:00,Arroz Costeño 5kg,Abarrotes,17.29,4,69.16,4,2024-03-03,17,Sunday,3,9
4046,2024-08-20 21:08:00,Papel Higiénico Elite x4,Higiene,9.07,2,18.14,6,2024-08-20,21,Tuesday,8,34
4047,2024-05-20 21:48:00,Leche Gloria Light 1L,Lácteos,4.86,1,4.86,3,2024-05-20,21,Monday,5,21
4048,2024-05-25 17:47:00,Agua San Luis 500ml,Bebidas,1.23,4,4.92,1,2024-05-25,17,Saturday,5,21
4049,2024-04-01 11:40:00,Jabón Bolivar 230g,Limpieza,2.8,1,2.8,6,2024-04-01,11,Monday,4,14
4050,2024-04-06 14:51:00,Shampoo Head&Shoulders,Higiene,18.28,1,18.28,6,2024-04-06,14,Saturday,4,14
4051,2024-01-07 09:20:00,Coca-Cola 500ml,Bebidas,2.57,1,2.57,2,2024-01-07,9,Sunday,1,1
4052,2024-03-28 09:13:00,Jabón Bolivar 230g,Limpieza,2.85,2,5.7,6,2024-03-28,9,Thursday,3,13
4053,2024-08-12 21:09:00,Fideos Don Vittorio 500g,Abarrotes,2.81,2,5.62,4,2024-08-12,21,Monday,8,33
4054,2024-02-28 15:30:00,Chancay 60g,Panadería,0.51,1,0.51,8,2024-02-28,15,Wednesday,2,9
4055,2024-03-05 14:24:00,Agua San Luis 500ml,Bebidas,1.19,1,1.19,1,2024-03-05,14,Tuesday,3,10
4056,2024-03-15 12:09:00,Galletas Oreo 36g,Snacks,1.46,2,2.92,7,2024-03-15,12,Friday,3,11
4057,2024-06-27 20:33:00,Fideos Don Vittorio 500g,Abarrotes,2.79,5,13.95,4,2024-06-27,20,Thursday,6,26
4058,2024-02-24 09:00:00,Sardina Florida 425g,Conservas,4.08,2,8.16,4,2024-02-24,9,Saturday,2,8
4059,2024-03-14 08:41:00,Sardina Florida 425g,Conservas,4.18,2,8.36,4,2024-03-14,8,Thursday,3,11
4060,2024-02-19 09:51:00,Chifles La Doña 80g,Snacks,2.0,2,4.0,7,2024-02-19,9,Monday,2,8
4061,2024-01-26 21:15:00,Pepsi 500ml,Bebidas,2.27,1,2.27,2,2024-01-26,21,Friday,1,4
4062,2024-01-22 20:16:00,Queso Edam Gloria 250g,Lácteos,12.45,1,12.45,3,2024-01-22,20,Monday,1,4
4063,2024-04-15 07:51:00,Chancay 60g,Panadería,0.5,1,0.5,8,2024-04-15,7,Monday,4,16
4064,2024-01-20 20:02:00,Pan de Molde Bimbo 500g,Panadería,6.57,3,19.71,8,2024-01-20,20,Saturday,1,3
4065,2024-03-22 20:21:00,Sublime 36g,Snacks,1.53,2,3.06,7,2024-03-22,20,Friday,3,12
4066,2024-06-13 20:09:00,Pañales Huggies T3 x30,Higiene,33.13,2,66.26,6,2024-06-13,20,Thursday,6,24
4067,2024-03-03 08:23:00,Arroz Costeño 1kg,Abarrotes,3.73,3,11.19,4,2024-03-03,8,Sunday,3,9
4068,2024-01-04 20:11:00,Arroz Costeño 1kg,Abarrotes,3.7,2,7.4,4,2024-01-04,20,Thursday,1,1
4069,2024-04-20 16:58:00,Chifles La Doña 80g,Snacks,1.94,3,5.82,7,2024-04-20,16,Saturday,4,16
4070,2024-08-22 11:18:00,Sardina Florida 425g,Conservas,4.1,3,12.3,4,2024-08-22,11,Thursday,8,34
4071,2024-07-20 08:26:00,Harina Blanca Flor 1kg,Abarrotes,3.11,4,12.44,4,2024-07-20,8,Saturday,7,29
4072,2024-01-20 09:37:00,Sardina Florida 425g,Conservas,4.11,3,12.33,4,2024-01-20,9,Saturday,1,3
4073,2024-08-08 20:13:00,Leche Gloria Entera 1L,Lácteos,4.81,3,14.43,3,2024-08-08,20,Thursday,8,32
4074,2024-02-04 14:02:00,Leche Evaporada Gloria,Lácteos,3.29,1,3.29,3,2024-02-04,14,Sunday,2,5
4075,2024-08-10 10:11:00,Azúcar Cartavio 1kg,Abarrotes,3.4,2,6.8,5,2024-08-10,10,Saturday,8,32
4076,2024-02-05 09:42:00,Lejía Clorox 900ml,Limpieza,4.53,3,13.59,6,2024-02-05,9,Monday,2,6
4077,2024-08-05 07:16:00,Coca-Cola 500ml,Bebidas,2.47,5,12.35,2,2024-08-05,7,Monday,8,32
4078,2024-05-27 07:41:00,Azúcar Cartavio 1kg,Abarrotes,3.47,2,6.94,5,2024-05-27,7,Monday,5,22
4079,2024-04-06 09:50:00,Sublime 36g,Snacks,1.47,1,1.47,7,2024-04-06,9,Saturday,4,14
4080,2024-03-26 19:43:00,Fideos Don Vittorio 500g,Abarrotes,2.77,3,8.31,4,2024-03-26,19,Tuesday,3,13
4081,2024-03-18 08:19:00,Arroz Costeño 5kg,Abarrotes,17.61,3,52.83,4,2024-03-18,8,Monday,3,12
4082,2024-07-22 08:37:00,Pañales Huggies T4 x28,Higiene,33.86,3,101.58,6,2024-07-22,8,Monday,7,30
4083,2024-03-09 07:46:00,Arroz Costeño 1kg,Abarrotes,3.9,5,19.5,4,2024-03-09,7,Saturday,3,10
4084,2024-04-21 21:40:00,Sal Marina 1kg,Abarrotes,1.48,2,2.96,5,2024-04-21,21,Sunday,4,16
4085,2024-05-20 17:11:00,Mantequilla Gloria 100g,Lácteos,4.19,3,12.57,3,2024-05-20,17,Monday,5,21
4086,2024-04-01 20:21:00,Azúcar Cartavio 1kg,Abarrotes,3.6,2,7.2,5,2024-04-01,20,Monday,4,14
4087,2024-04-04 08:17:00,Papel Higiénico Elite x4,Higiene,9.04,2,18.08,6,2024-04-04,8,Thursday,4,14
4088,2024-02-10 20:55:00,Lejía Clorox 900ml,Limpieza,4.5,3,13.5,6,2024-02-10,20,Saturday,2,6
4089,2024-04-16 21:30:00,Pañales Huggies T3 x30,Higiene,31.95,2,63.9,6,2024-04-16,21,Tuesday,4,16
4090,2024-08-05 17:10:00,Papel Higiénico Elite x4,Higiene,9.1,2,18.2,6,2024-08-05,17,Monday,8,32
4091,2024-08-24 19:46:00,Fideos Lavaggi 500g,Abarrotes,2.53,3,7.59,4,2024-08-24,19,Saturday,8,34
4092,2024-02-23 19:08:00,Jabón Bolivar 230g,Limpieza,2.86,3,8.58,6,2024-02-23,19,Friday,2,8
4093,2024-05-21 13:09:00,Mantequilla Gloria 100g,Lácteos,4.13,2,8.26,3,2024-05-21,13,Tuesday,5,21
4094,2024-05-06 10:19:00,Lejía Clorox 900ml,Limpieza,4.46,1,4.46,6,2024-05-06,10,Monday,5,19
4095,2024-02-10 19:12:00,Agua San Luis 2.5L,Bebidas,3.59,5,17.95,1,2024-02-10,19,Saturday,2,6
4096,2024-03-10 09:18:00,Sardina Florida 425g,Conservas,4.21,2,8.42,4,2024-03-10,9,Sunday,3,10
4097,2024-07-10 20:26:00,Chifles La Doña 80g,Snacks,1.99,1,1.99,7,2024-07-10,20,Wednesday,7,28
4098,2024-02-07 08:37:00,Chancay 60g,Panadería,0.49,3,1.47,8,2024-02-07,8,Wednesday,2,6
4099,2024-07-20 19:06:00,Chancay 60g,Panadería,0.51,2,1.02,8,2024-07-20,19,Saturday,7,29
4100,2024-01-22 09:41:00,Chifles La Doña 80g,Snacks,2.02,1,2.02,7,2024-01-22,9,Monday,1,4
4101,2024-01-08 08:51:00,Agua San Luis 2.5L,Bebidas,3.49,2,6.98,1,2024-01-08,8,Monday,1,2
4102,2024-01-16 20:49:00,Lejía Clorox 900ml,Limpieza,4.62,1,4.62,6,2024-01-16,20,Tuesday,1,3
4103,2024-05-17 21:35:00,Fideos Lavaggi 500g,Abarrotes,2.51,1,2.51,4,2024-05-17,21,Friday,5,20
4104,2024-04-08 12:07:00,Leche Evaporada Gloria,Lácteos,3.29,1,3.29,3,2024-04-08,12,Monday,4,15
4105,2024-04-11 15:50:00,Harina Blanca Flor 1kg,Abarrotes,3.18,4,12.72,4,2024-04-11,15,Thursday,4,15
4106,2024-06-13 07:47:00,Sardina Florida 425g,Conservas,4.32,3,12.96,4,2024-06-13,7,Thursday,6,24
4107,2024-04-09 15:22:00,Aceite Primor 1L,Abarrotes,8.74,4,34.96,4,2024-04-09,15,Tuesday,4,15
4108,2024-06-02 07:47:00,Arroz Costeño 1kg,Abarrotes,3.88,5,19.4,4,2024-06-02,7,Sunday,6,22
4109,2024-06-10 06:13:00,Queso Edam Gloria 250g,Lácteos,12.74,2,25.48,3,2024-06-10,6,Monday,6,24
4110,2024-05-09 08:42:00,Fideos Don Vittorio 500g,Abarrotes,2.75,1,2.75,4,2024-05-09,8,Thursday,5,19
4111,2024-06-28 15:36:00,Pañales Huggies T3 x30,Higiene,31.7,2,63.4,6,2024-06-28,15,Friday,6,26
4112,2024-04-25 06:26:00,Pañales Huggies T3 x30,Higiene,33.26,3,99.78,6,2024-04-25,6,Thursday,4,17
4113,2024-02-25 20:02:00,Azúcar Cartavio 1kg,Abarrotes,3.6,1,3.6,5,2024-02-25,20,Sunday,2,8
4114,2024-02-13 20:07:00,Leche Gloria Entera 1L,Lácteos,4.88,2,9.76,3,2024-02-13,20,Tuesday,2,7
4115,2024-05-25 07:48:00,Sal Marina 1kg,Abarrotes,1.47,1,1.47,5,2024-05-25,7,Saturday,5,21
4116,2024-03-10 12:30:00,Azúcar Cartavio 1kg,Abarrotes,3.57,4,14.28,5,2024-03-10,12,Sunday,3,10
4117,2024-06-24 07:18:00,Arroz Costeño 5kg,Abarrotes,17.84,1,17.84,4,2024-06-24,7,Monday,6,26
4118,2024-07-23 08:46:00,Chancay 60g,Panadería,0.51,1,0.51,8,2024-07-23,8,Tuesday,7,30
4119,2024-05-06 07:04:00,Pañales Huggies T4 x28,Higiene,34.83,2,69.66,6,2024-05-06,7,Monday,5,19
4120,2024-01-27 21:37:00,Agua San Luis 2.5L,Bebidas,3.53,5,17.65,1,2024-01-27,21,Saturday,1,4
4121,2024-07-16 08:41:00,Agua San Luis 2.5L,Bebidas,3.58,2,7.16,1,2024-07-16,8,Tuesday,7,29
4122,2024-02-08 21:54:00,Coca-Cola 500ml,Bebidas,2.56,4,10.24,2,2024-02-08,21,Thursday,2,6
4123,2024-08-22 20:47:00,Papel Higiénico Elite x4,Higiene,9.1,1,9.1,6,2024-08-22,20,Thursday,8,34
4124,2024-03-04 07:54:00,Coca-Cola 500ml,Bebidas,2.46,2,4.92,2,2024-03-04,7,Monday,3,10
4125,2024-03-18 10:03:00,Jabón Bolivar 230g,Limpieza,2.77,1,2.77,6,2024-03-18,10,Monday,3,12
4126,2024-04-18 08:36:00,Agua San Luis 500ml,Bebidas,1.2,1,1.2,1,2024-04-18,8,Thursday,4,16
4127,2024-01-26 09:24:00,Queso Edam Gloria 250g,Lácteos,12.18,1,12.18,3,2024-01-26,9,Friday,1,4
4128,2024-01-26 08:50:00,Galletas Oreo 36g,Snacks,1.47,2,2.94,7,2024-01-26,8,Friday,1,4
4129,2024-07-19 15:59:00,Leche Evaporada Gloria,Lácteos,3.3,1,3.3,3,2024-07-19,15,Friday,7,29
4130,2024-08-19 20:10:00,Atún Florida 170g,Conservas,3.91,3,11.73,4,2024-08-19,20,Monday,8,34
4131,2024-03-15 07:53:00,Agua San Luis 2.5L,Bebidas,3.49,5,17.45,1,2024-03-15,7,Friday,3,11
4132,2024-03-22 08:59:00,Atún Florida 170g,Conservas,3.8,3,11.4,4,2024-03-22,8,Friday,3,12
4133,2024-04-21 21:31:00,Arroz Costeño 5kg,Abarrotes,17.28,4,69.12,4,2024-04-21,21,Sunday,4,16
4134,2024-02-18 13:35:00,Pañales Huggies T4 x28,Higiene,33.06,1,33.06,6,2024-02-18,13,Sunday,2,7
4135,2024-03-18 09:42:00,Galletas Soda Field,Snacks,2.74,2,5.48,7,2024-03-18,9,Monday,3,12
4136,2024-03-14 09:09:00,Mantequilla Gloria 100g,Lácteos,4.16,1,4.16,3,2024-03-14,9,Thursday,3,11
4137,2024-01-20 08:58:00,Pepsi 500ml,Bebidas,2.26,3,6.78,2,2024-01-20,8,Saturday,1,3
4138,2024-04-15 19:42:00,Pepsi 500ml,Bebidas,2.28,2,4.56,2,2024-04-15,19,Monday,4,16
4139,2024-05-20 08:21:00,Pañales Huggies T3 x30,Higiene,33.47,1,33.47,6,2024-05-20,8,Monday,5,21
4140,2024-07-12 15:57:00,Aceite Primor 500ml,Abarrotes,5.04,1,5.04,4,2024-07-12,15,Friday,7,28
4141,2024-03-13 20:59:00,Detergente Ace 850g,Limpieza,11.88,3,35.64,6,2024-03-13,20,Wednesday,3,11
4142,2024-06-01 14:33:00,Chancay 60g,Panadería,0.51,3,1.53,8,2024-06-01,14,Saturday,6,22
4143,2024-04-19 21:32:00,Detergente Ariel 850g,Limpieza,12.86,3,38.58,6,2024-04-19,21,Friday,4,16
4144,2024-01-15 07:37:00,Azúcar Cartavio 1kg,Abarrotes,3.49,3,10.47,5,2024-01-15,7,Monday,1,3
4145,2024-08-28 18:13:00,Detergente Ariel 850g,Limpieza,12.4,2,24.8,6,2024-08-28,18,Wednesday,8,35
4146,2024-03-16 11:28:00,Chifles La Doña 80g,Snacks,2.03,3,6.09,7,2024-03-16,11,Saturday,3,11
4147,2024-02-09 20:48:00,Pasta Dental Colgate,Higiene,5.45,3,16.35,6,2024-02-09,20,Friday,2,6
4148,2024-01-07 07:30:00,Detergente Ace 850g,Limpieza,12.02,1,12.02,6,2024-01-07,7,Sunday,1,1
4149,2024-03-16 14:07:00,Agua San Luis 2.5L,Bebidas,3.4,2,6.8,1,2024-03-16,14,Saturday,3,11
4150,2024-05-10 19:55:00,Lejía Clorox 900ml,Limpieza,4.44,1,4.44,6,2024-05-10,19,Friday,5,19
4151,2024-04-23 09:56:00,Chifles La Doña 80g,Snacks,1.94,1,1.94,7,2024-04-23,9,Tuesday,4,17
4152,2024-04-14 20:43:00,Pañales Huggies T3 x30,Higiene,33.45,2,66.9,6,2024-04-14,20,Sunday,4,15
4153,2024-05-04 07:00:00,Leche Gloria Entera 1L,Lácteos,4.77,2,9.54,3,2024-05-04,7,Saturday,5,18
4154,2024-05-08 09:22:00,Arroz Costeño 1kg,Abarrotes,3.72,2,7.44,4,2024-05-08,9,Wednesday,5,19
4155,2024-05-21 07:35:00,Yogurt Gloria Fresa 1kg,Lácteos,6.42,1,6.42,3,2024-05-21,7,Tuesday,5,21
4156,2024-03-12 20:33:00,Chancay 60g,Panadería,0.5,1,0.5,8,2024-03-12,20,Tuesday,3,11
4157,2024-06-01 07:17:00,Queso Edam Gloria 250g,Lácteos,12.15,1,12.15,3,2024-06-01,7,Saturday,6,22
4158,2024-03-09 20:14:00,Pan de Molde Bimbo 500g,Panadería,6.65,2,13.3,8,2024-03-09,20,Saturday,3,10
4159,2024-06-29 07:22:00,Leche Gloria Entera 1L,Lácteos,4.66,3,13.98,3,2024-06-29,7,Saturday,6,26
4160,2024-02-19 21:59:00,Sardina Florida 425g,Conservas,4.12,1,4.12,4,2024-02-19,21,Monday,2,8
4161,2024-05-31 07:50:00,Sublime 36g,Snacks,1.48,2,2.96,7,2024-05-31,7,Friday,5,22
4162,2024-05-05 07:38:00,Detergente Ace 850g,Limpieza,11.92,2,23.84,6,2024-05-05,7,Sunday,5,18
4163,2024-02-02 06:54:00,Inca Kola 1.5L,Bebidas,5.34,1,5.34,1,2024-02-02,6,Friday,2,5
4164,2024-01-27 16:15:00,Atún Florida 170g,Conservas,3.8,2,7.6,4,2024-01-27,16,Saturday,1,4
4165,2024-08-11 09:59:00,Jabón Bolivar 230g,Limpieza,2.76,3,8.28,6,2024-08-11,9,Sunday,8,32
4166,2024-05-22 21:18:00,Galletas Oreo 36g,Snacks,1.53,3,4.59,7,2024-05-22,21,Wednesday,5,21
4167,2024-05-20 07:41:00,Leche Evaporada Gloria,Lácteos,3.23,3,9.69,3,2024-05-20,7,Monday,5,21
4168,2024-01-06 21:31:00,Azúcar Cartavio 1kg,Abarrotes,3.53,5,17.65,5,2024-01-06,21,Saturday,1,1
4169,2024-06-21 20:35:00,Inca Kola 1.5L,Bebidas,5.59,5,27.95,1,2024-06-21,20,Friday,6,25
4170,2024-01-25 09:39:00,Yogurt Gloria Fresa 1kg,Lácteos,6.66,3,19.98,3,2024-01-25,9,Thursday,1,4
4171,2024-03-05 13:52:00,Shampoo Head&Shoulders,Higiene,18.39,3,55.17,6,2024-03-05,13,Tuesday,3,10
4172,2024-01-04 21:35:00,Mantequilla Gloria 100g,Lácteos,4.32,2,8.64,3,2024-01-04,21,Thursday,1,1
4173,2024-07-19 21:44:00,Galletas Soda Field,Snacks,2.81,1,2.81,7,2024-07-19,21,Friday,7,29
4174,2024-02-17 06:53:00,Fideos Lavaggi 500g,Abarrotes,2.52,4,10.08,4,2024-02-17,6,Saturday,2,7
4175,2024-05-25 15:22:00,Pañales Huggies T4 x28,Higiene,34.04,1,34.04,6,2024-05-25,15,Saturday,5,21
4176,2024-04-19 07:46:00,Chancay 60g,Panadería,0.5,1,0.5,8,2024-04-19,7,Friday,4,16
4177,2024-04-27 08:48:00,Pañales Huggies T3 x30,Higiene,32.25,2,64.5,6,2024-04-27,8,Saturday,4,17
4178,2024-01-22 20:28:00,Coca-Cola 500ml,Bebidas,2.44,4,9.76,2,2024-01-22,20,Monday,1,4
4179,2024-04-17 08:19:00,Azúcar Cartavio 1kg,Abarrotes,3.58,5,17.9,5,2024-04-17,8,Wednesday,4,16
4180,2024-02-05 20:32:00,Pepsi 500ml,Bebidas,2.26,3,6.78,2,2024-02-05,20,Monday,2,6
4181,2024-06-06 18:18:00,Papel Higiénico Elite x4,Higiene,8.79,2,17.58,6,2024-06-06,18,Thursday,6,23
4182,2024-08-08 16:51:00,Galletas Soda Field,Snacks,2.81,1,2.81,7,2024-08-08,16,Thursday,8,32
4183,2024-03-02 14:11:00,Aceite Primor 500ml,Abarrotes,5.14,2,10.28,4,2024-03-02,14,Saturday,3,9
4184,2024-07-15 07:29:00,Inca Kola 500ml,Bebidas,2.47,2,4.94,1,2024-07-15,7,Monday,7,29
4185,2024-03-28 08:38:00,Jabón Bolivar 230g,Limpieza,2.77,1,2.77,6,2024-03-28,8,Thursday,3,13
4186,2024-03-21 20:24:00,Jabón Bolivar 230g,Limpieza,2.86,1,2.86,6,2024-03-21,20,Thursday,3,12
4187,2024-07-26 20:17:00,Mantequilla Gloria 100g,Lácteos,4.17,1,4.17,3,2024-07-26,20,Friday,7,30
4188,2024-03-02 12:14:00,Pepsi 500ml,Bebidas,2.32,2,4.64,2,2024-03-02,12,Saturday,3,9
4189,2024-06-21 17:11:00,Jabón Bolivar 230g,Limpieza,2.86,1,2.86,6,2024-06-21,17,Friday,6,25
4190,2024-06-12 20:33:00,Sardina Florida 425g,Conservas,4.13,2,8.26,4,2024-06-12,20,Wednesday,6,24
4191,2024-01-06 10:38:00,Fideos Lavaggi 500g,Abarrotes,2.48,4,9.92,4,2024-01-06,10,Saturday,1,1
4192,2024-04-23 08:18:00,Agua San Luis 2.5L,Bebidas,3.52,2,7.04,1,2024-04-23,8,Tuesday,4,17
4193,2024-01-07 21:29:00,Leche Evaporada Gloria,Lácteos,3.28,3,9.84,3,2024-01-07,21,Sunday,1,1
4194,2024-08-19 09:15:00,Aceite Primor 500ml,Abarrotes,5.1,5,25.5,4,2024-08-19,9,Monday,8,34
4195,2024-04-07 21:54:00,Papel Higiénico Elite x4,Higiene,8.84,1,8.84,6,2024-04-07,21,Sunday,4,14
4196,2024-07-28 20:13:00,Leche Evaporada Gloria,Lácteos,3.27,1,3.27,3,2024-07-28,20,Sunday,7,30
4197,2024-02-10 21:34:00,Queso Edam Gloria 250g,Lácteos,12.13,2,24.26,3,2024-02-10,21,Saturday,2,6
4198,2024-01-12 20:06:00,Yogurt Gloria Fresa 1kg,Lácteos,6.4,3,19.2,3,2024-01-12,20,Friday,1,2
4199,2024-02-24 20:31:00,Sal Marina 1kg,Abarrotes,1.5,5,7.5,5,2024-02-24,20,Saturday,2,8
4200,2024-01-01 07:11:00,Pepsi 500ml,Bebidas,2.32,5,11.6,2,2024-01-01,7,Monday,1,1
4201,2024-01-26 20:53:00,Pañales Huggies T4 x28,Higiene,33.75,2,67.5,6,2024-01-26,20,Friday,1,4
4202,2024-06-28 21:22:00,Fideos Lavaggi 500g,Abarrotes,2.47,5,12.35,4,2024-06-28,21,Friday,6,26
4203,2024-05-28 10:14:00,Shampoo Head&Shoulders,Higiene,18.26,1,18.26,6,2024-05-28,10,Tuesday,5,22
4204,2024-07-05 12:08:00,Detergente Ariel 850g,Limpieza,12.3,3,36.9,6,2024-07-05,12,Friday,7,27
4205,2024-06-15 20:58:00,Lejía Clorox 900ml,Limpieza,4.57,3,13.71,6,2024-06-15,20,Saturday,6,24
4206,2024-03-25 21:46:00,Harina Blanca Flor 1kg,Abarrotes,3.26,3,9.78,4,2024-03-25,21,Monday,3,13
4207,2024-01-04 09:39:00,Shampoo Head&Shoulders,Higiene,18.99,2,37.98,6,2024-01-04,9,Thursday,1,1
4208,2024-02-20 09:58:00,Detergente Ariel 850g,Limpieza,12.63,1,12.63,6,2024-02-20,9,Tuesday,2,8
4209,2024-04-19 19:21:00,Galletas Soda Field,Snacks,2.77,1,2.77,7,2024-04-19,19,Friday,4,16
4210,2024-06-14 19:04:00,Galletas Oreo 36g,Snacks,1.46,1,1.46,7,2024-06-14,19,Friday,6,24
4211,2024-02-10 16:30:00,Mantequilla Gloria 100g,Lácteos,4.09,3,12.27,3,2024-02-10,16,Saturday,2,6
4212,2024-07-23 07:09:00,Agua San Luis 500ml,Bebidas,1.18,2,2.36,1,2024-07-23,7,Tuesday,7,30
4213,2024-04-10 21:01:00,Leche Gloria Light 1L,Lácteos,4.94,2,9.88,3,2024-04-10,21,Wednesday,4,15
4214,2024-06-10 21:15:00,Galletas Oreo 36g,Snacks,1.47,1,1.47,7,2024-06-10,21,Monday,6,24
4215,2024-02-01 20:04:00,Galletas Soda Field,Snacks,2.78,1,2.78,7,2024-02-01,20,Thursday,2,5
4216,2024-07-03 09:23:00,Sublime 36g,Snacks,1.47,2,2.94,7,2024-07-03,9,Wednesday,7,27
4217,2024-01-22 07:38:00,Galletas Soda Field,Snacks,2.75,2,5.5,7,2024-01-22,7,Monday,1,4
4218,2024-01-08 13:29:00,Coca-Cola 500ml,Bebidas,2.54,3,7.62,2,2024-01-08,13,Monday,1,2
4219,2024-05-25 10:55:00,Sal Marina 1kg,Abarrotes,1.52,2,3.04,5,2024-05-25,10,Saturday,5,21
4220,2024-02-23 08:22:00,Agua San Luis 500ml,Bebidas,1.21,5,6.05,1,2024-02-23,8,Friday,2,8
4221,2024-08-05 20:08:00,Chifles La Doña 80g,Snacks,2.03,2,4.06,7,2024-08-05,20,Monday,8,32
4222,2024-07-01 08:42:00,Chancay 60g,Panadería,0.49,3,1.47,8,2024-07-01,8,Monday,7,27
4223,2024-04-15 20:56:00,Galletas Soda Field,Snacks,2.87,2,5.74,7,2024-04-15,20,Monday,4,16
4224,2024-02-05 07:49:00,Sublime 36g,Snacks,1.52,2,3.04,7,2024-02-05,7,Monday,2,6
4225,2024-07-27 21:10:00,Inca Kola 1.5L,Bebidas,5.46,4,21.84,1,2024-07-27,21,Saturday,7,30
4226,2024-04-20 20:55:00,Aceite Primor 500ml,Abarrotes,5.06,3,15.18,4,2024-04-20,20,Saturday,4,16
4227,2024-05-04 08:20:00,Yogurt Gloria Fresa 1kg,Lácteos,6.39,2,12.78,3,2024-05-04,8,Saturday,5,18
4228,2024-05-05 17:43:00,Sal Marina 1kg,Abarrotes,1.48,4,5.92,5,2024-05-05,17,Sunday,5,18
4229,2024-06-06 21:16:00,Lejía Clorox 900ml,Limpieza,4.48,3,13.44,6,2024-06-06,21,Thursday,6,23
4230,2024-05-30 20:17:00,Harina Blanca Flor 1kg,Abarrotes,3.16,5,15.8,4,2024-05-30,20,Thursday,5,22
4231,2024-07-31 08:26:00,Detergente Ace 850g,Limpieza,11.64,3,34.92,6,2024-07-31,8,Wednesday,7,31
4232,2024-04-15 19:20:00,Inca Kola 500ml,Bebidas,2.51,4,10.04,1,2024-04-15,19,Monday,4,16
4233,2024-08-07 09:03:00,Jabón Bolivar 230g,Limpieza,2.84,2,5.68,6,2024-08-07,9,Wednesday,8,32
4234,2024-08-12 21:11:00,Shampoo Head&Shoulders,Higiene,18.99,3,56.97,6,2024-08-12,21,Monday,8,33
4235,2024-06-28 08:37:00,Sardina Florida 425g,Conservas,4.14,1,4.14,4,2024-06-28,8,Friday,6,26
4236,2024-08-09 07:36:00,Fideos Lavaggi 500g,Abarrotes,2.47,1,2.47,4,2024-08-09,7,Friday,8,32
4237,2024-08-18 07:50:00,Detergente Ace 850g,Limpieza,11.75,1,11.75,6,2024-08-18,7,Sunday,8,33
4238,2024-04-28 06:18:00,Galletas Soda Field,Snacks,2.88,2,5.76,7,2024-04-28,6,Sunday,4,17
4239,2024-04-28 10:23:00,Mantequilla Gloria 100g,Lácteos,4.29,1,4.29,3,2024-04-28,10,Sunday,4,17
4240,2024-06-27 20:01:00,Harina Blanca Flor 1kg,Abarrotes,3.15,2,6.3,4,2024-06-27,20,Thursday,6,26
4241,2024-02-04 08:35:00,Sublime 36g,Snacks,1.53,3,4.59,7,2024-02-04,8,Sunday,2,5
4242,2024-07-17 08:41:00,Yogurt Gloria Fresa 1kg,Lácteos,6.65,3,19.95,3,2024-07-17,8,Wednesday,7,29
4243,2024-08-25 14:20:00,Pepsi 500ml,Bebidas,2.33,1,2.33,2,2024-08-25,14,Sunday,8,34
4244,2024-05-04 21:00:00,Papel Higiénico Elite x4,Higiene,8.74,2,17.48,6,2024-05-04,21,Saturday,5,18
4245,2024-06-20 09:27:00,Azúcar Cartavio 1kg,Abarrotes,3.4,2,6.8,5,2024-06-20,9,Thursday,6,25
4246,2024-02-05 10:01:00,Agua San Luis 500ml,Bebidas,1.23,1,1.23,1,2024-02-05,10,Monday,2,6
4247,2024-03-15 21:08:00,Sublime 36g,Snacks,1.53,2,3.06,7,2024-03-15,21,Friday,3,11
4248,2024-02-22 07:27:00,Chancay 60g,Panadería,0.51,2,1.02,8,2024-02-22,7,Thursday,2,8
4249,2024-01-06 11:44:00,Lejía Clorox 900ml,Limpieza,4.53,3,13.59,6,2024-01-06,11,Saturday,1,1
4250,2024-07-04 08:44:00,Galletas Soda Field,Snacks,2.78,1,2.78,7,2024-07-04,8,Thursday,7,27
4251,2024-06-12 15:57:00,Jabón Bolivar 230g,Limpieza,2.86,2,5.72,6,2024-06-12,15,Wednesday,6,24
4252,2024-01-07 17:58:00,Leche Evaporada Gloria,Lácteos,3.16,2,6.32,3,2024-01-07,17,Sunday,1,1
4253,2024-01-30 10:16:00,Pepsi 500ml,Bebidas,2.28,5,11.4,2,2024-01-30,10,Tuesday,1,5
4254,2024-08-20 12:23:00,Agua San Luis 2.5L,Bebidas,3.57,1,3.57,1,2024-08-20,12,Tuesday,8,34
4255,2024-01-20 08:18:00,Inca Kola 500ml,Bebidas,2.44,4,9.76,1,2024-01-20,8,Saturday,1,3
4256,2024-07-20 07:34:00,Detergente Ariel 850g,Limpieza,12.29,1,12.29,6,2024-07-20,7,Saturday,7,29
4257,2024-07-06 20:18:00,Sublime 36g,Snacks,1.51,2,3.02,7,2024-07-06,20,Saturday,7,27
4258,2024-03-13 07:04:00,Pepsi 500ml,Bebidas,2.29,3,6.87,2,2024-03-13,7,Wednesday,3,11
4259,2024-03-28 07:53:00,Chifles La Doña 80g,Snacks,1.96,2,3.92,7,2024-03-28,7,Thursday,3,13
4260,2024-03-11 20:30:00,Leche Gloria Entera 1L,Lácteos,4.79,2,9.58,3,2024-03-11,20,Monday,3,11
4261,2024-05-09 07:39:00,Detergente Ariel 850g,Limpieza,12.13,3,36.39,6,2024-05-09,7,Thursday,5,19
4262,2024-05-12 18:18:00,Papel Higiénico Elite x4,Higiene,8.69,2,17.38,6,2024-05-12,18,Sunday,5,19
4263,2024-05-20 07:59:00,Shampoo Head&Shoulders,Higiene,17.99,3,53.97,6,2024-05-20,7,Monday,5,21
4264,2024-07-21 09:25:00,Pasta Dental Colgate,Higiene,5.51,3,16.53,6,2024-07-21,9,Sunday,7,29
4265,2024-06-14 21:44:00,Pan de Molde Bimbo 500g,Panadería,6.48,1,6.48,8,2024-06-14,21,Friday,6,24
4266,2024-04-03 21:27:00,Leche Gloria Entera 1L,Lácteos,4.94,3,14.82,3,2024-04-03,21,Wednesday,4,14
4267,2024-01-22 21:52:00,Leche Gloria Light 1L,Lácteos,4.88,2,9.76,3,2024-01-22,21,Monday,1,4
4268,2024-07-07 12:42:00,Queso Edam Gloria 250g,Lácteos,12.24,1,12.24,3,2024-07-07,12,Sunday,7,27
4269,2024-05-01 16:55:00,Agua San Luis 500ml,Bebidas,1.19,1,1.19,1,2024-05-01,16,Wednesday,5,18
4270,2024-02-23 21:22:00,Chancay 60g,Panadería,0.5,3,1.5,8,2024-02-23,21,Friday,2,8
4271,2024-03-30 21:45:00,Queso Edam Gloria 250g,Lácteos,12.53,1,12.53,3,2024-03-30,21,Saturday,3,13
4272,2024-04-03 13:37:00,Sal Marina 1kg,Abarrotes,1.52,5,7.6,5,2024-04-03,13,Wednesday,4,14
4273,2024-02-11 08:25:00,Chifles La Doña 80g,Snacks,1.96,3,5.88,7,2024-02-11,8,Sunday,2,6
4274,2024-08-19 21:21:00,Pasta Dental Colgate,Higiene,5.35,3,16.05,6,2024-08-19,21,Monday,8,34
4275,2024-05-18 19:27:00,Jabón Bolivar 230g,Limpieza,2.8,3,8.4,6,2024-05-18,19,Saturday,5,20
4276,2024-01-02 12:00:00,Arroz Costeño 5kg,Abarrotes,17.8,2,35.6,4,2024-01-02,12,Tuesday,1,1
4277,2024-02-22 08:11:00,Jabón Bolivar 230g,Limpieza,2.84,2,5.68,6,2024-02-22,8,Thursday,2,8
4278,2024-05-31 13:16:00,Pañales Huggies T4 x28,Higiene,33.12,2,66.24,6,2024-05-31,13,Friday,5,22
4279,2024-07-26 07:10:00,Detergente Ace 850g,Limpieza,11.63,2,23.26,6,2024-07-26,7,Friday,7,30
4280,2024-04-04 19:06:00,Sublime 36g,Snacks,1.46,1,1.46,7,2024-04-04,19,Thursday,4,14
4281,2024-04-29 06:34:00,Chancay 60g,Panadería,0.51,3,1.53,8,2024-04-29,6,Monday,4,18
4282,2024-08-14 06:40:00,Leche Evaporada Gloria,Lácteos,3.25,2,6.5,3,2024-08-14,6,Wednesday,8,33
4283,2024-05-22 11:30:00,Azúcar Cartavio 1kg,Abarrotes,3.49,4,13.96,5,2024-05-22,11,Wednesday,5,21
4284,2024-01-31 15:08:00,Leche Gloria Light 1L,Lácteos,4.79,2,9.58,3,2024-01-31,15,Wednesday,1,5
4285,2024-06-16 21:12:00,Galletas Oreo 36g,Snacks,1.53,1,1.53,7,2024-06-16,21,Sunday,6,24
4286,2024-01-03 20:09:00,Pepsi 500ml,Bebidas,2.24,1,2.24,2,2024-01-03,20,Wednesday,1,1
4287,2024-07-02 10:12:00,Yogurt Gloria Fresa 1kg,Lácteos,6.57,2,13.14,3,2024-07-02,10,Tuesday,7,27
4288,2024-02-25 07:22:00,Galletas Soda Field,Snacks,2.83,3,8.49,7,2024-02-25,7,Sunday,2,8
4289,2024-04-30 09:53:00,Shampoo Head&Shoulders,Higiene,18.95,3,56.85,6,2024-04-30,9,Tuesday,4,18
4290,2024-06-22 21:06:00,Leche Gloria Light 1L,Lácteos,4.86,2,9.72,3,2024-06-22,21,Saturday,6,25
4291,2024-03-30 18:49:00,Pañales Huggies T4 x28,Higiene,33.81,2,67.62,6,2024-03-30,18,Saturday,3,13
4292,2024-06-04 18:33:00,Coca-Cola 500ml,Bebidas,2.45,2,4.9,2,2024-06-04,18,Tuesday,6,23
4293,2024-01-05 09:23:00,Fideos Lavaggi 500g,Abarrotes,2.45,2,4.9,4,2024-01-05,9,Friday,1,1
4294,2024-08-29 09:24:00,Harina Blanca Flor 1kg,Abarrotes,3.14,3,9.42,4,2024-08-29,9,Thursday,8,35
4295,2024-06-08 09:11:00,Pasta Dental Colgate,Higiene,5.61,1,5.61,6,2024-06-08,9,Saturday,6,23
4296,2024-01-20 13:39:00,Queso Edam Gloria 250g,Lácteos,12.13,3,36.39,3,2024-01-20,13,Saturday,1,3
4297,2024-04-02 21:42:00,Inca Kola 1.5L,Bebidas,5.47,2,10.94,1,2024-04-02,21,Tuesday,4,14
4298,2024-03-26 20:05:00,Leche Gloria Light 1L,Lácteos,4.76,2,9.52,3,2024-03-26,20,Tuesday,3,13
4299,2024-01-12 09:53:00,Leche Gloria Entera 1L,Lácteos,4.78,1,4.78,3,2024-01-12,9,Friday,1,2
4300,2024-05-09 08:22:00,Inca Kola 1.5L,Bebidas,5.52,5,27.6,1,2024-05-09,8,Thursday,5,19
4301,2024-06-20 08:58:00,Arroz Costeño 5kg,Abarrotes,17.6,3,52.8,4,2024-06-20,8,Thursday,6,25
4302,2024-08-23 13:20:00,Pan de Molde Bimbo 500g,Panadería,6.5,2,13.0,8,2024-08-23,13,Friday,8,34
4303,2024-04-01 20:38:00,Arroz Costeño 5kg,Abarrotes,17.09,2,34.18,4,2024-04-01,20,Monday,4,14
4304,2024-04-13 20:52:00,Mantequilla Gloria 100g,Lácteos,4.17,2,8.34,3,2024-04-13,20,Saturday,4,15
4305,2024-08-24 21:54:00,Chifles La Doña 80g,Snacks,2.02,2,4.04,7,2024-08-24,21,Saturday,8,34
4306,2024-07-26 07:05:00,Sal Marina 1kg,Abarrotes,1.52,4,6.08,5,2024-07-26,7,Friday,7,30
4307,2024-04-18 20:19:00,Pañales Huggies T3 x30,Higiene,32.58,2,65.16,6,2024-04-18,20,Thursday,4,16
4308,2024-08-07 11:46:00,Fideos Don Vittorio 500g,Abarrotes,2.83,4,11.32,4,2024-08-07,11,Wednesday,8,32
4309,2024-01-01 07:44:00,Harina Blanca Flor 1kg,Abarrotes,3.11,2,6.22,4,2024-01-01,7,Monday,1,1
4310,2024-06-19 08:42:00,Papel Higiénico Elite x4,Higiene,8.83,3,26.49,6,2024-06-19,8,Wednesday,6,25
4311,2024-03-22 07:35:00,Inca Kola 1.5L,Bebidas,5.43,3,16.29,1,2024-03-22,7,Friday,3,12
4312,2024-05-06 18:41:00,Yogurt Gloria Fresa 1kg,Lácteos,6.59,1,6.59,3,2024-05-06,18,Monday,5,19
4313,2024-03-01 21:54:00,Arroz Costeño 1kg,Abarrotes,3.77,2,7.54,4,2024-03-01,21,Friday,3,9
4314,2024-07-26 07:03:00,Arroz Costeño 1kg,Abarrotes,3.82,1,3.82,4,2024-07-26,7,Friday,7,30
4315,2024-07-29 13:04:00,Sublime 36g,Snacks,1.49,3,4.47,7,2024-07-29,13,Monday,7,31
4316,2024-07-05 08:54:00,Leche Gloria Light 1L,Lácteos,5.04,3,15.12,3,2024-07-05,8,Friday,7,27
4317,2024-05-14 13:21:00,Aceite Primor 500ml,Abarrotes,5.06,3,15.18,4,2024-05-14,13,Tuesday,5,20
4318,2024-08-13 11:39:00,Chancay 60g,Panadería,0.49,3,1.47,8,2024-08-13,11,Tuesday,8,33
4319,2024-01-13 13:40:00,Azúcar Cartavio 1kg,Abarrotes,3.48,4,13.92,5,2024-01-13,13,Saturday,1,2
4320,2024-03-03 18:10:00,Agua San Luis 2.5L,Bebidas,3.59,5,17.95,1,2024-03-03,18,Sunday,3,9
4321,2024-05-11 08:08:00,Inca Kola 1.5L,Bebidas,5.56,2,11.12,1,2024-05-11,8,Saturday,5,19
4322,2024-05-13 09:19:00,Pañales Huggies T4 x28,Higiene,34.8,2,69.6,6,2024-05-13,9,Monday,5,20
4323,2024-07-15 20:55:00,Fideos Don Vittorio 500g,Abarrotes,2.87,3,8.61,4,2024-07-15,20,Monday,7,29
4324,2024-01-19 08:02:00,Azúcar Cartavio 1kg,Abarrotes,3.54,3,10.62,5,2024-01-19,8,Friday,1,3
4325,2024-06-21 13:00:00,Arroz Costeño 5kg,Abarrotes,17.43,5,87.15,4,2024-06-21,13,Friday,6,25
4326,2024-06-03 21:08:00,Arroz Costeño 1kg,Abarrotes,3.81,1,3.81,4,2024-06-03,21,Monday,6,23
4327,2024-07-10 21:38:00,Leche Gloria Light 1L,Lácteos,4.89,1,4.89,3,2024-07-10,21,Wednesday,7,28
4328,2024-07-06 06:48:00,Pañales Huggies T3 x30,Higiene,31.73,3,95.19,6,2024-07-06,6,Saturday,7,27
4329,2024-04-19 20:32:00,Galletas Soda Field,Snacks,2.8,2,5.6,7,2024-04-19,20,Friday,4,16
4330,2024-06-17 20:26:00,Leche Evaporada Gloria,Lácteos,3.19,1,3.19,3,2024-06-17,20,Monday,6,25
4331,2024-08-19 17:01:00,Sublime 36g,Snacks,1.52,1,1.52,7,2024-08-19,17,Monday,8,34
4332,2024-08-13 11:29:00,Papel Higiénico Elite x4,Higiene,8.72,2,17.44,6,2024-08-13,11,Tuesday,8,33
4333,2024-02-17 21:28:00,Aceite Primor 1L,Abarrotes,9.08,5,45.4,4,2024-02-17,21,Saturday,2,7
4334,2024-01-03 12:28:00,Chifles La Doña 80g,Snacks,1.99,3,5.97,7,2024-01-03,12,Wednesday,1,1
4335,2024-07-28 20:35:00,Papel Higiénico Elite x4,Higiene,8.95,3,26.85,6,2024-07-28,20,Sunday,7,30
4336,2024-06-04 08:37:00,Chancay 60g,Panadería,0.49,3,1.47,8,2024-06-04,8,Tuesday,6,23
4337,2024-05-24 20:20:00,Sardina Florida 425g,Conservas,4.23,2,8.46,4,2024-05-24,20,Friday,5,21
4338,2024-04-29 08:38:00,Galletas Oreo 36g,Snacks,1.49,2,2.98,7,2024-04-29,8,Monday,4,18
4339,2024-05-20 17:47:00,Inca Kola 1.5L,Bebidas,5.34,5,26.7,1,2024-05-20,17,Monday,5,21
4340,2024-08-24 09:59:00,Inca Kola 1.5L,Bebidas,5.38,3,16.14,1,2024-08-24,9,Saturday,8,34
4341,2024-01-28 18:21:00,Shampoo Head&Shoulders,Higiene,18.56,2,37.12,6,2024-01-28,18,Sunday,1,4
4342,2024-05-26 07:37:00,Arroz Costeño 1kg,Abarrotes,3.88,3,11.64,4,2024-05-26,7,Sunday,5,21
4343,2024-07-24 09:28:00,Detergente Ariel 850g,Limpieza,12.61,1,12.61,6,2024-07-24,9,Wednesday,7,30
4344,2024-05-14 20:55:00,Atún Florida 170g,Conservas,3.87,3,11.61,4,2024-05-14,20,Tuesday,5,20
4345,2024-01-02 11:16:00,Coca-Cola 500ml,Bebidas,2.51,3,7.53,2,2024-01-02,11,Tuesday,1,1
4346,2024-05-13 21:22:00,Aceite Primor 500ml,Abarrotes,5.35,4,21.4,4,2024-05-13,21,Monday,5,20
4347,2024-06-13 07:37:00,Azúcar Cartavio 1kg,Abarrotes,3.4,2,6.8,5,2024-06-13,7,Thursday,6,24
4348,2024-07-06 16:40:00,Leche Gloria Entera 1L,Lácteos,4.67,1,4.67,3,2024-07-06,16,Saturday,7,27
4349,2024-04-10 07:31:00,Chifles La Doña 80g,Snacks,1.96,2,3.92,7,2024-04-10,7,Wednesday,4,15
4350,2024-04-12 17:09:00,Inca Kola 1.5L,Bebidas,5.39,2,10.78,1,2024-04-12,17,Friday,4,15
4351,2024-04-14 09:40:00,Arroz Costeño 1kg,Abarrotes,3.69,5,18.45,4,2024-04-14,9,Sunday,4,15
4352,2024-08-14 08:40:00,Aceite Primor 1L,Abarrotes,8.64,2,17.28,4,2024-08-14,8,Wednesday,8,33
4353,2024-07-26 07:57:00,Leche Evaporada Gloria,Lácteos,3.23,2,6.46,3,2024-07-26,7,Friday,7,30
4354,2024-02-05 09:28:00,Pañales Huggies T4 x28,Higiene,33.47,2,66.94,6,2024-02-05,9,Monday,2,6
4355,2024-01-07 16:31:00,Harina Blanca Flor 1kg,Abarrotes,3.26,1,3.26,4,2024-01-07,16,Sunday,1,1
4356,2024-03-19 21:57:00,Fideos Lavaggi 500g,Abarrotes,2.53,4,10.12,4,2024-03-19,21,Tuesday,3,12
4357,2024-03-06 08:34:00,Galletas Soda Field,Snacks,2.85,2,5.7,7,2024-03-06,8,Wednesday,3,10
4358,2024-06-14 21:14:00,Detergente Ace 850g,Limpieza,11.78,2,23.56,6,2024-06-14,21,Friday,6,24
4359,2024-03-12 21:57:00,Agua San Luis 500ml,Bebidas,1.23,5,6.15,1,2024-03-12,21,Tuesday,3,11
4360,2024-03-31 12:42:00,Pañales Huggies T3 x30,Higiene,33.23,3,99.69,6,2024-03-31,12,Sunday,3,13
4361,2024-02-20 13:42:00,Chifles La Doña 80g,Snacks,2.02,2,4.04,7,2024-02-20,13,Tuesday,2,8
4362,2024-06-10 08:53:00,Pañales Huggies T4 x28,Higiene,33.42,2,66.84,6,2024-06-10,8,Monday,6,24
4363,2024-07-31 08:15:00,Papel Higiénico Elite x4,Higiene,8.65,1,8.65,6,2024-07-31,8,Wednesday,7,31
4364,2024-05-01 21:00:00,Pasta Dental Colgate,Higiene,5.63,3,16.89,6,2024-05-01,21,Wednesday,5,18
4365,2024-03-03 09:26:00,Harina Blanca Flor 1kg,Abarrotes,3.21,5,16.05,4,2024-03-03,9,Sunday,3,9
4366,2024-03-17 09:27:00,Fideos Don Vittorio 500g,Abarrotes,2.83,5,14.15,4,2024-03-17,9,Sunday,3,11
4367,2024-01-09 21:20:00,Chancay 60g,Panadería,0.5,1,0.5,8,2024-01-09,21,Tuesday,1,2
4368,2024-06-01 08:25:00,Coca-Cola 500ml,Bebidas,2.45,4,9.8,2,2024-06-01,8,Saturday,6,22
4369,2024-01-14 21:11:00,Inca Kola 500ml,Bebidas,2.54,5,12.7,1,2024-01-14,21,Sunday,1,2
4370,2024-01-12 20:14:00,Mantequilla Gloria 100g,Lácteos,4.2,3,12.6,3,2024-01-12,20,Friday,1,2
4371,2024-08-04 16:17:00,Yogurt Gloria Fresa 1kg,Lácteos,6.61,3,19.83,3,2024-08-04,16,Sunday,8,31
4372,2024-06-19 06:15:00,Detergente Ariel 850g,Limpieza,12.82,3,38.46,6,2024-06-19,6,Wednesday,6,25
4373,2024-04-17 09:22:00,Agua San Luis 500ml,Bebidas,1.19,1,1.19,1,2024-04-17,9,Wednesday,4,16
4374,2024-06-25 06:19:00,Leche Evaporada Gloria,Lácteos,3.11,2,6.22,3,2024-06-25,6,Tuesday,6,26
4375,2024-05-23 07:21:00,Aceite Primor 500ml,Abarrotes,5.32,2,10.64,4,2024-05-23,7,Thursday,5,21
4376,2024-08-20 21:49:00,Leche Evaporada Gloria,Lácteos,3.24,3,9.72,3,2024-08-20,21,Tuesday,8,34
4377,2024-07-30 08:39:00,Azúcar Cartavio 1kg,Abarrotes,3.43,3,10.29,5,2024-07-30,8,Tuesday,7,31
4378,2024-01-29 09:22:00,Leche Gloria Entera 1L,Lácteos,4.66,3,13.98,3,2024-01-29,9,Monday,1,5
4379,2024-04-12 21:52:00,Aceite Primor 1L,Abarrotes,8.71,3,26.13,4,2024-04-12,21,Friday,4,15
4380,2024-08-03 11:51:00,Pañales Huggies T4 x28,Higiene,33.68,3,101.04,6,2024-08-03,11,Saturday,8,31
4381,2024-05-14 20:33:00,Pepsi 500ml,Bebidas,2.31,2,4.62,2,2024-05-14,20,Tuesday,5,20
4382,2024-03-30 07:16:00,Detergente Ariel 850g,Limpieza,12.69,3,38.07,6,2024-03-30,7,Saturday,3,13
4383,2024-07-23 08:37:00,Coca-Cola 500ml,Bebidas,2.47,2,4.94,2,2024-07-23,8,Tuesday,7,30
4384,2024-05-02 15:22:00,Agua San Luis 2.5L,Bebidas,3.46,3,10.38,1,2024-05-02,15,Thursday,5,18
4385,2024-06-25 20:59:00,Azúcar Cartavio 1kg,Abarrotes,3.42,4,13.68,5,2024-06-25,20,Tuesday,6,26
4386,2024-05-19 19:29:00,Aceite Primor 500ml,Abarrotes,5.12,2,10.24,4,2024-05-19,19,Sunday,5,20
4387,2024-04-08 07:54:00,Fideos Don Vittorio 500g,Abarrotes,2.83,1,2.83,4,2024-04-08,7,Monday,4,15
4388,2024-04-05 11:48:00,Galletas Oreo 36g,Snacks,1.48,2,2.96,7,2024-04-05,11,Friday,4,14
4389,2024-02-14 06:32:00,Leche Gloria Entera 1L,Lácteos,4.81,2,9.62,3,2024-02-14,6,Wednesday,2,7
4390,2024-07-19 18:10:00,Chifles La Doña 80g,Snacks,2.01,1,2.01,7,2024-07-19,18,Friday,7,29
4391,2024-04-18 08:38:00,Pepsi 500ml,Bebidas,2.26,4,9.04,2,2024-04-18,8,Thursday,4,16
4392,2024-08-24 16:04:00,Sal Marina 1kg,Abarrotes,1.52,4,6.08,5,2024-08-24,16,Saturday,8,34
4393,2024-03-20 21:46:00,Pepsi 500ml,Bebidas,2.34,5,11.7,2,2024-03-20,21,Wednesday,3,12
4394,2024-02-06 10:58:00,Chancay 60g,Panadería,0.51,3,1.53,8,2024-02-06,10,Tuesday,2,6
4395,2024-04-22 07:11:00,Pañales Huggies T3 x30,Higiene,32.07,1,32.07,6,2024-04-22,7,Monday,4,17
4396,2024-07-30 07:19:00,Azúcar Cartavio 1kg,Abarrotes,3.47,5,17.35,5,2024-07-30,7,Tuesday,7,31
4397,2024-06-17 07:03:00,Agua San Luis 2.5L,Bebidas,3.47,2,6.94,1,2024-06-17,7,Monday,6,25
4398,2024-04-12 07:54:00,Sal Marina 1kg,Abarrotes,1.5,2,3.0,5,2024-04-12,7,Friday,4,15
4399,2024-01-28 07:30:00,Sal Marina 1kg,Abarrotes,1.52,3,4.56,5,2024-01-28,7,Sunday,1,4
4400,2024-04-06 20:07:00,Shampoo Head&Shoulders,Higiene,18.31,3,54.93,6,2024-04-06,20,Saturday,4,14
4401,2024-01-07 14:12:00,Queso Edam Gloria 250g,Lácteos,12.52,1,12.52,3,2024-01-07,14,Sunday,1,1
4402,2024-06-14 08:56:00,Arroz Costeño 1kg,Abarrotes,3.77,5,18.85,4,2024-06-14,8,Friday,6,24
4403,2024-08-14 09:54:00,Agua San Luis 2.5L,Bebidas,3.53,2,7.06,1,2024-08-14,9,Wednesday,8,33
4404,2024-05-03 20:20:00,Queso Edam Gloria 250g,Lácteos,12.43,1,12.43,3,2024-05-03,20,Friday,5,18
4405,2024-01-30 20:38:00,Queso Edam Gloria 250g,Lácteos,12.42,1,12.42,3,2024-01-30,20,Tuesday,1,5
4406,2024-07-26 08:13:00,Jabón Bolivar 230g,Limpieza,2.8,1,2.8,6,2024-07-26,8,Friday,7,30
4407,2024-02-06 08:47:00,Pañales Huggies T4 x28,Higiene,34.47,1,34.47,6,2024-02-06,8,Tuesday,2,6
4408,2024-02-28 10:10:00,Galletas Soda Field,Snacks,2.82,1,2.82,7,2024-02-28,10,Wednesday,2,9
4409,2024-04-11 08:50:00,Sal Marina 1kg,Abarrotes,1.49,3,4.47,5,2024-04-11,8,Thursday,4,15
4410,2024-04-21 09:49:00,Pasta Dental Colgate,Higiene,5.45,1,5.45,6,2024-04-21,9,Sunday,4,16
4411,2024-05-11 21:00:00,Mantequilla Gloria 100g,Lácteos,4.24,2,8.48,3,2024-05-11,21,Saturday,5,19
4412,2024-08-05 08:23:00,Detergente Ariel 850g,Limpieza,12.17,1,12.17,6,2024-08-05,8,Monday,8,32
4413,2024-03-22 07:00:00,Fideos Lavaggi 500g,Abarrotes,2.54,2,5.08,4,2024-03-22,7,Friday,3,12
4414,2024-07-09 13:35:00,Lejía Clorox 900ml,Limpieza,4.51,2,9.02,6,2024-07-09,13,Tuesday,7,28
4415,2024-08-15 08:40:00,Coca-Cola 500ml,Bebidas,2.56,3,7.68,2,2024-08-15,8,Thursday,8,33
4416,2024-06-01 21:28:00,Aceite Primor 1L,Abarrotes,8.66,4,34.64,4,2024-06-01,21,Saturday,6,22
4417,2024-03-10 09:50:00,Pepsi 500ml,Bebidas,2.27,2,4.54,2,2024-03-10,9,Sunday,3,10
4418,2024-06-22 20:34:00,Pasta Dental Colgate,Higiene,5.57,3,16.71,6,2024-06-22,20,Saturday,6,25
4419,2024-07-20 20:02:00,Sal Marina 1kg,Abarrotes,1.53,1,1.53,5,2024-07-20,20,Saturday,7,29
4420,2024-06-19 07:04:00,Pan de Molde Bimbo 500g,Panadería,6.64,1,6.64,8,2024-06-19,7,Wednesday,6,25
4421,2024-01-26 08:24:00,Sardina Florida 425g,Conservas,4.1,1,4.1,4,2024-01-26,8,Friday,1,4
4422,2024-02-10 07:15:00,Atún Florida 170g,Conservas,3.94,3,11.82,4,2024-02-10,7,Saturday,2,6
4423,2024-04-02 11:02:00,Aceite Primor 1L,Abarrotes,9.03,5,45.15,4,2024-04-02,11,Tuesday,4,14
4424,2024-08-13 18:33:00,Agua San Luis 500ml,Bebidas,1.22,1,1.22,1,2024-08-13,18,Tuesday,8,33
4425,2024-02-26 20:15:00,Pañales Huggies T3 x30,Higiene,32.63,3,97.89,6,2024-02-26,20,Monday,2,9
4426,2024-06-15 21:15:00,Agua San Luis 2.5L,Bebidas,3.52,4,14.08,1,2024-06-15,21,Saturday,6,24
4427,2024-07-10 21:41:00,Pasta Dental Colgate,Higiene,5.48,2,10.96,6,2024-07-10,21,Wednesday,7,28
4428,2024-01-12 08:08:00,Aceite Primor 500ml,Abarrotes,5.12,1,5.12,4,2024-01-12,8,Friday,1,2
4429,2024-07-18 08:58:00,Leche Gloria Entera 1L,Lácteos,4.79,1,4.79,3,2024-07-18,8,Thursday,7,29
4430,2024-03-02 08:55:00,Pañales Huggies T4 x28,Higiene,34.6,1,34.6,6,2024-03-02,8,Saturday,3,9
4431,2024-08-02 09:11:00,Chancay 60g,Panadería,0.5,1,0.5,8,2024-08-02,9,Friday,8,31
4432,2024-04-05 07:56:00,Sublime 36g,Snacks,1.52,3,4.56,7,2024-04-05,7,Friday,4,14
4433,2024-07-23 17:16:00,Fideos Don Vittorio 500g,Abarrotes,2.79,3,8.37,4,2024-07-23,17,Tuesday,7,30
4434,2024-02-06 17:21:00,Galletas Oreo 36g,Snacks,1.53,2,3.06,7,2024-02-06,17,Tuesday,2,6
4435,2024-04-26 20:15:00,Aceite Primor 500ml,Abarrotes,5.18,4,20.72,4,2024-04-26,20,Friday,4,17
4436,2024-06-25 19:48:00,Leche Gloria Light 1L,Lácteos,5.0,1,5.0,3,2024-06-25,19,Tuesday,6,26
4437,2024-05-29 20:08:00,Sal Marina 1kg,Abarrotes,1.52,4,6.08,5,2024-05-29,20,Wednesday,5,22
4438,2024-08-24 13:01:00,Lejía Clorox 900ml,Limpieza,4.46,2,8.92,6,2024-08-24,13,Saturday,8,34
4439,2024-04-27 09:54:00,Arroz Costeño 5kg,Abarrotes,17.48,5,87.4,4,2024-04-27,9,Saturday,4,17
4440,2024-07-29 11:46:00,Harina Blanca Flor 1kg,Abarrotes,3.15,2,6.3,4,2024-07-29,11,Monday,7,31
4441,2024-06-19 20:19:00,Harina Blanca Flor 1kg,Abarrotes,3.26,3,9.78,4,2024-06-19,20,Wednesday,6,25
4442,2024-02-15 20:46:00,Lejía Clorox 900ml,Limpieza,4.37,1,4.37,6,2024-02-15,20,Thursday,2,7
4443,2024-01-19 19:49:00,Leche Gloria Light 1L,Lácteos,4.95,1,4.95,3,2024-01-19,19,Friday,1,3
4444,2024-06-09 17:11:00,Aceite Primor 500ml,Abarrotes,5.2,3,15.6,4,2024-06-09,17,Sunday,6,23
4445,2024-06-02 21:13:00,Leche Gloria Light 1L,Lácteos,4.83,2,9.66,3,2024-06-02,21,Sunday,6,22
4446,2024-08-03 08:24:00,Inca Kola 1.5L,Bebidas,5.66,5,28.3,1,2024-08-03,8,Saturday,8,31
4447,2024-05-31 21:59:00,Lejía Clorox 900ml,Limpieza,4.42,1,4.42,6,2024-05-31,21,Friday,5,22
4448,2024-05-23 13:00:00,Pan de Molde Bimbo 500g,Panadería,6.41,1,6.41,8,2024-05-23,13,Thursday,5,21
4449,2024-05-04 13:25:00,Azúcar Cartavio 1kg,Abarrotes,3.54,2,7.08,5,2024-05-04,13,Saturday,5,18
4450,2024-07-14 20:47:00,Agua San Luis 2.5L,Bebidas,3.56,2,7.12,1,2024-07-14,20,Sunday,7,28
4451,2024-06-18 21:59:00,Leche Gloria Light 1L,Lácteos,4.87,1,4.87,3,2024-06-18,21,Tuesday,6,25
4452,2024-03-12 08:03:00,Azúcar Cartavio 1kg,Abarrotes,3.55,4,14.2,5,2024-03-12,8,Tuesday,3,11
4453,2024-05-28 09:28:00,Yogurt Gloria Fresa 1kg,Lácteos,6.36,1,6.36,3,2024-05-28,9,Tuesday,5,22
4454,2024-03-12 20:01:00,Aceite Primor 1L,Abarrotes,8.92,1,8.92,4,2024-03-12,20,Tuesday,3,11
4455,2024-06-27 18:41:00,Shampoo Head&Shoulders,Higiene,18.89,1,18.89,6,2024-06-27,18,Thursday,6,26
4456,2024-03-26 14:53:00,Galletas Oreo 36g,Snacks,1.5,3,4.5,7,2024-03-26,14,Tuesday,3,13
4457,2024-05-28 07:20:00,Harina Blanca Flor 1kg,Abarrotes,3.28,2,6.56,4,2024-05-28,7,Tuesday,5,22
4458,2024-01-28 20:17:00,Leche Evaporada Gloria,Lácteos,3.27,3,9.81,3,2024-01-28,20,Sunday,1,4
4459,2024-04-16 20:35:00,Jabón Bolivar 230g,Limpieza,2.81,3,8.43,6,2024-04-16,20,Tuesday,4,16
4460,2024-08-28 06:27:00,Leche Gloria Entera 1L,Lácteos,4.8,1,4.8,3,2024-08-28,6,Wednesday,8,35
4461,2024-04-14 09:26:00,Sardina Florida 425g,Conservas,4.28,1,4.28,4,2024-04-14,9,Sunday,4,15
4462,2024-06-01 21:53:00,Aceite Primor 1L,Abarrotes,8.87,3,26.61,4,2024-06-01,21,Saturday,6,22
4463,2024-07-09 19:06:00,Aceite Primor 500ml,Abarrotes,5.23,4,20.92,4,2024-07-09,19,Tuesday,7,28
4464,2024-02-25 20:05:00,Pañales Huggies T3 x30,Higiene,33.16,3,99.48,6,2024-02-25,20,Sunday,2,8
4465,2024-05-14 07:25:00,Arroz Costeño 5kg,Abarrotes,18.0,5,90.0,4,2024-05-14,7,Tuesday,5,20
4466,2024-06-27 07:41:00,Aceite Primor 1L,Abarrotes,8.9,1,8.9,4,2024-06-27,7,Thursday,6,26
4467,2024-05-06 20:07:00,Pañales Huggies T4 x28,Higiene,33.43,2,66.86,6,2024-05-06,20,Monday,5,19
4468,2024-04-17 13:04:00,Arroz Costeño 1kg,Abarrotes,3.83,4,15.32,4,2024-04-17,13,Wednesday,4,16
4469,2024-03-25 07:48:00,Sublime 36g,Snacks,1.48,1,1.48,7,2024-03-25,7,Monday,3,13
4470,2024-03-03 20:38:00,Pepsi 500ml,Bebidas,2.33,3,6.99,2,2024-03-03,20,Sunday,3,9
4471,2024-05-12 13:21:00,Detergente Ace 850g,Limpieza,11.84,3,35.52,6,2024-05-12,13,Sunday,5,19
4472,2024-06-23 09:09:00,Sal Marina 1kg,Abarrotes,1.53,4,6.12,5,2024-06-23,9,Sunday,6,25
4473,2024-06-03 10:58:00,Arroz Costeño 5kg,Abarrotes,17.79,3,53.37,4,2024-06-03,10,Monday,6,23
4474,2024-01-28 21:04:00,Jabón Bolivar 230g,Limpieza,2.83,3,8.49,6,2024-01-28,21,Sunday,1,4
4475,2024-03-23 08:40:00,Aceite Primor 500ml,Abarrotes,5.3,3,15.9,4,2024-03-23,8,Saturday,3,12
4476,2024-08-17 07:52:00,Pañales Huggies T3 x30,Higiene,33.46,3,100.38,6,2024-08-17,7,Saturday,8,33
4477,2024-04-13 09:44:00,Arroz Costeño 1kg,Abarrotes,3.78,5,18.9,4,2024-04-13,9,Saturday,4,15
4478,2024-06-02 08:06:00,Mantequilla Gloria 100g,Lácteos,4.26,1,4.26,3,2024-06-02,8,Sunday,6,22
4479,2024-03-05 20:20:00,Pan de Molde Bimbo 500g,Panadería,6.39,2,12.78,8,2024-03-05,20,Tuesday,3,10
4480,2024-06-03 08:38:00,Pepsi 500ml,Bebidas,2.3,4,9.2,2,2024-06-03,8,Monday,6,23
4481,2024-07-17 07:41:00,Jabón Bolivar 230g,Limpieza,2.79,3,8.37,6,2024-07-17,7,Wednesday,7,29
4482,2024-04-02 20:08:00,Atún Florida 170g,Conservas,3.85,3,11.55,4,2024-04-02,20,Tuesday,4,14
4483,2024-05-23 11:44:00,Coca-Cola 500ml,Bebidas,2.49,1,2.49,2,2024-05-23,11,Thursday,5,21
4484,2024-03-25 08:26:00,Arroz Costeño 1kg,Abarrotes,3.8,4,15.2,4,2024-03-25,8,Monday,3,13
4485,2024-08-12 09:30:00,Agua San Luis 500ml,Bebidas,1.23,2,2.46,1,2024-08-12,9,Monday,8,33
4486,2024-01-08 20:07:00,Shampoo Head&Shoulders,Higiene,18.67,2,37.34,6,2024-01-08,20,Monday,1,2
4487,2024-01-03 11:19:00,Harina Blanca Flor 1kg,Abarrotes,3.23,2,6.46,4,2024-01-03,11,Wednesday,1,1
4488,2024-07-07 14:06:00,Aceite Primor 1L,Abarrotes,8.91,5,44.55,4,2024-07-07,14,Sunday,7,27
4489,2024-07-26 19:43:00,Azúcar Cartavio 1kg,Abarrotes,3.43,2,6.86,5,2024-07-26,19,Friday,7,30
4490,2024-04-21 20:06:00,Sal Marina 1kg,Abarrotes,1.46,5,7.3,5,2024-04-21,20,Sunday,4,16
4491,2024-03-15 08:48:00,Atún Florida 170g,Conservas,3.99,3,11.97,4,2024-03-15,8,Friday,3,11
4492,2024-02-09 06:10:00,Fideos Lavaggi 500g,Abarrotes,2.46,3,7.38,4,2024-02-09,6,Friday,2,6
4493,2024-01-02 15:28:00,Detergente Ace 850g,Limpieza,11.79,2,23.58,6,2024-01-02,15,Tuesday,1,1
4494,2024-01-31 19:42:00,Agua San Luis 2.5L,Bebidas,3.6,1,3.6,1,2024-01-31,19,Wednesday,1,5
4495,2024-03-11 09:18:00,Pañales Huggies T3 x30,Higiene,32.13,1,32.13,6,2024-03-11,9,Monday,3,11
4496,2024-02-19 08:57:00,Detergente Ariel 850g,Limpieza,12.48,1,12.48,6,2024-02-19,8,Monday,2,8
4497,2024-03-20 10:19:00,Sardina Florida 425g,Conservas,4.32,2,8.64,4,2024-03-20,10,Wednesday,3,12
4498,2024-05-10 11:24:00,Pepsi 500ml,Bebidas,2.32,1,2.32,2,2024-05-10,11,Friday,5,19
4499,2024-01-07 16:24:00,Agua San Luis 500ml,Bebidas,1.21,3,3.63,1,2024-01-07,16,Sunday,1,1
4500,2024-07-10 11:02:00,Aceite Primor 500ml,Abarrotes,5.12,2,10.24,4,2024-07-10,11,Wednesday,7,28
4501,2024-07-01 21:38:00,Lejía Clorox 900ml,Limpieza,4.57,1,4.57,6,2024-07-01,21,Monday,7,27
4502,2024-03-29 09:24:00,Mantequilla Gloria 100g,Lácteos,4.22,1,4.22,3,2024-03-29,9,Friday,3,13
4503,2024-08-01 09:50:00,Agua San Luis 2.5L,Bebidas,3.52,2,7.04,1,2024-08-01,9,Thursday,8,31
4504,2024-08-01 13:50:00,Inca Kola 1.5L,Bebidas,5.38,3,16.14,1,2024-08-01,13,Thursday,8,31
4505,2024-03-16 08:43:00,Yogurt Gloria Fresa 1kg,Lácteos,6.5,1,6.5,3,2024-03-16,8,Saturday,3,11
4506,2024-03-10 20:51:00,Arroz Costeño 1kg,Abarrotes,3.84,3,11.52,4,2024-03-10,20,Sunday,3,10
4507,2024-06-03 07:16:00,Chancay 60g,Panadería,0.5,1,0.5,8,2024-06-03,7,Monday,6,23
4508,2024-08-28 18:27:00,Leche Gloria Entera 1L,Lácteos,4.73,3,14.19,3,2024-08-28,18,Wednesday,8,35
4509,2024-05-09 21:51:00,Coca-Cola 500ml,Bebidas,2.45,3,7.35,2,2024-05-09,21,Thursday,5,19
4510,2024-07-05 18:39:00,Sal Marina 1kg,Abarrotes,1.5,2,3.0,5,2024-07-05,18,Friday,7,27
4511,2024-01-06 20:21:00,Jabón Bolivar 230g,Limpieza,2.81,1,2.81,6,2024-01-06,20,Saturday,1,1
4512,2024-02-11 17:38:00,Detergente Ariel 850g,Limpieza,12.78,2,25.56,6,2024-02-11,17,Sunday,2,6
4513,2024-08-03 06:15:00,Galletas Oreo 36g,Snacks,1.49,3,4.47,7,2024-08-03,6,Saturday,8,31
4514,2024-03-13 21:38:00,Pañales Huggies T4 x28,Higiene,34.69,1,34.69,6,2024-03-13,21,Wednesday,3,11
4515,2024-04-13 21:29:00,Galletas Oreo 36g,Snacks,1.53,1,1.53,7,2024-04-13,21,Saturday,4,15
4516,2024-02-21 09:51:00,Sublime 36g,Snacks,1.49,3,4.47,7,2024-02-21,9,Wednesday,2,8
4517,2024-05-20 21:13:00,Leche Evaporada Gloria,Lácteos,3.29,2,6.58,3,2024-05-20,21,Monday,5,21
4518,2024-06-19 21:27:00,Papel Higiénico Elite x4,Higiene,8.95,2,17.9,6,2024-06-19,21,Wednesday,6,25
4519,2024-03-07 21:44:00,Queso Edam Gloria 250g,Lácteos,12.47,1,12.47,3,2024-03-07,21,Thursday,3,10
4520,2024-08-11 19:37:00,Inca Kola 1.5L,Bebidas,5.36,1,5.36,1,2024-08-11,19,Sunday,8,32
4521,2024-06-08 20:05:00,Fideos Don Vittorio 500g,Abarrotes,2.88,1,2.88,4,2024-06-08,20,Saturday,6,23
4522,2024-07-23 21:06:00,Arroz Costeño 5kg,Abarrotes,17.39,3,52.17,4,2024-07-23,21,Tuesday,7,30
4523,2024-04-17 21:00:00,Detergente Ariel 850g,Limpieza,12.38,3,37.14,6,2024-04-17,21,Wednesday,4,16
4524,2024-07-05 20:43:00,Chancay 60g,Panadería,0.5,1,0.5,8,2024-07-05,20,Friday,7,27
4525,2024-03-07 11:13:00,Harina Blanca Flor 1kg,Abarrotes,3.24,3,9.72,4,2024-03-07,11,Thursday,3,10
4526,2024-06-05 19:36:00,Detergente Ace 850g,Limpieza,11.78,3,35.34,6,2024-06-05,19,Wednesday,6,23
4527,2024-03-23 06:41:00,Fideos Lavaggi 500g,Abarrotes,2.54,3,7.62,4,2024-03-23,6,Saturday,3,12
4528,2024-08-07 13:31:00,Pañales Huggies T3 x30,Higiene,32.13,2,64.26,6,2024-08-07,13,Wednesday,8,32
4529,2024-07-30 14:57:00,Leche Evaporada Gloria,Lácteos,3.26,1,3.26,3,2024-07-30,14,Tuesday,7,31
4530,2024-01-19 20:57:00,Pañales Huggies T4 x28,Higiene,34.62,2,69.24,6,2024-01-19,20,Friday,1,3
4531,2024-03-17 10:21:00,Leche Gloria Light 1L,Lácteos,5.04,1,5.04,3,2024-03-17,10,Sunday,3,11
4532,2024-05-17 21:27:00,Sal Marina 1kg,Abarrotes,1.52,2,3.04,5,2024-05-17,21,Friday,5,20
4533,2024-05-11 08:40:00,Atún Florida 170g,Conservas,3.96,2,7.92,4,2024-05-11,8,Saturday,5,19
4534,2024-05-12 13:48:00,Sal Marina 1kg,Abarrotes,1.53,4,6.12,5,2024-05-12,13,Sunday,5,19
4535,2024-06-20 21:32:00,Pepsi 500ml,Bebidas,2.26,3,6.78,2,2024-06-20,21,Thursday,6,25
4536,2024-01-06 10:28:00,Agua San Luis 2.5L,Bebidas,3.52,5,17.6,1,2024-01-06,10,Saturday,1,1
4537,2024-01-22 12:00:00,Jabón Bolivar 230g,Limpieza,2.82,2,5.64,6,2024-01-22,12,Monday,1,4
4538,2024-08-08 21:29:00,Chifles La Doña 80g,Snacks,2.0,2,4.0,7,2024-08-08,21,Thursday,8,32
4539,2024-01-13 18:20:00,Galletas Oreo 36g,Snacks,1.47,2,2.94,7,2024-01-13,18,Saturday,1,2
4540,2024-07-10 21:19:00,Arroz Costeño 1kg,Abarrotes,3.73,3,11.19,4,2024-07-10,21,Wednesday,7,28
4541,2024-04-13 21:47:00,Fideos Don Vittorio 500g,Abarrotes,2.76,2,5.52,4,2024-04-13,21,Saturday,4,15
4542,2024-01-19 10:12:00,Chancay 60g,Panadería,0.5,1,0.5,8,2024-01-19,10,Friday,1,3
4543,2024-01-23 20:28:00,Pañales Huggies T3 x30,Higiene,33.16,1,33.16,6,2024-01-23,20,Tuesday,1,4
4544,2024-03-18 08:29:00,Shampoo Head&Shoulders,Higiene,18.93,2,37.86,6,2024-03-18,8,Monday,3,12
4545,2024-06-21 20:24:00,Aceite Primor 500ml,Abarrotes,5.34,2,10.68,4,2024-06-21,20,Friday,6,25
4546,2024-05-17 20:32:00,Shampoo Head&Shoulders,Higiene,18.95,3,56.85,6,2024-05-17,20,Friday,5,20
4547,2024-08-22 21:52:00,Pan de Molde Bimbo 500g,Panadería,6.41,2,12.82,8,2024-08-22,21,Thursday,8,34
4548,2024-07-16 14:43:00,Galletas Soda Field,Snacks,2.83,2,5.66,7,2024-07-16,14,Tuesday,7,29
4549,2024-08-02 21:08:00,Harina Blanca Flor 1kg,Abarrotes,3.17,5,15.85,4,2024-08-02,21,Friday,8,31
4550,2024-04-24 14:56:00,Arroz Costeño 1kg,Abarrotes,3.91,1,3.91,4,2024-04-24,14,Wednesday,4,17
4551,2024-05-01 21:35:00,Sal Marina 1kg,Abarrotes,1.48,4,5.92,5,2024-05-01,21,Wednesday,5,18
4552,2024-08-11 08:26:00,Fideos Don Vittorio 500g,Abarrotes,2.78,4,11.12,4,2024-08-11,8,Sunday,8,32
4553,2024-06-01 20:19:00,Atún Florida 170g,Conservas,3.8,1,3.8,4,2024-06-01,20,Saturday,6,22
4554,2024-07-15 07:03:00,Galletas Oreo 36g,Snacks,1.51,3,4.53,7,2024-07-15,7,Monday,7,29
4555,2024-06-13 14:47:00,Coca-Cola 500ml,Bebidas,2.54,1,2.54,2,2024-06-13,14,Thursday,6,24
4556,2024-04-11 20:15:00,Detergente Ace 850g,Limpieza,11.75,3,35.25,6,2024-04-11,20,Thursday,4,15
4557,2024-03-28 08:41:00,Fideos Don Vittorio 500g,Abarrotes,2.78,4,11.12,4,2024-03-28,8,Thursday,3,13
4558,2024-02-16 10:26:00,Jabón Bolivar 230g,Limpieza,2.88,2,5.76,6,2024-02-16,10,Friday,2,7
4559,2024-08-08 14:29:00,Inca Kola 500ml,Bebidas,2.55,1,2.55,1,2024-08-08,14,Thursday,8,32
4560,2024-07-07 07:47:00,Mantequilla Gloria 100g,Lácteos,4.28,1,4.28,3,2024-07-07,7,Sunday,7,27
4561,2024-07-11 19:04:00,Queso Edam Gloria 250g,Lácteos,12.58,1,12.58,3,2024-07-11,19,Thursday,7,28
4562,2024-05-25 18:53:00,Chifles La Doña 80g,Snacks,2.06,2,4.12,7,2024-05-25,18,Saturday,5,21
4563,2024-05-20 08:32:00,Agua San Luis 2.5L,Bebidas,3.55,2,7.1,1,2024-05-20,8,Monday,5,21
4564,2024-07-20 18:27:00,Shampoo Head&Shoulders,Higiene,18.29,1,18.29,6,2024-07-20,18,Saturday,7,29
4565,2024-04-30 20:32:00,Atún Florida 170g,Conservas,3.96,3,11.88,4,2024-04-30,20,Tuesday,4,18
4566,2024-05-10 20:17:00,Pañales Huggies T3 x30,Higiene,32.43,3,97.29,6,2024-05-10,20,Friday,5,19
4567,2024-04-15 21:35:00,Queso Edam Gloria 250g,Lácteos,12.66,1,12.66,3,2024-04-15,21,Monday,4,16
4568,2024-07-08 20:23:00,Inca Kola 1.5L,Bebidas,5.45,4,21.8,1,2024-07-08,20,Monday,7,28
4569,2024-04-05 09:39:00,Queso Edam Gloria 250g,Lácteos,12.33,1,12.33,3,2024-04-05,9,Friday,4,14
4570,2024-06-28 07:00:00,Aceite Primor 1L,Abarrotes,8.94,2,17.88,4,2024-06-28,7,Friday,6,26
4571,2024-05-07 21:54:00,Aceite Primor 500ml,Abarrotes,5.14,1,5.14,4,2024-05-07,21,Tuesday,5,19
4572,2024-06-23 09:27:00,Galletas Oreo 36g,Snacks,1.54,1,1.54,7,2024-06-23,9,Sunday,6,25
4573,2024-03-05 07:13:00,Agua San Luis 500ml,Bebidas,1.2,1,1.2,1,2024-03-05,7,Tuesday,3,10
4574,2024-01-09 21:28:00,Lejía Clorox 900ml,Limpieza,4.42,1,4.42,6,2024-01-09,21,Tuesday,1,2
4575,2024-08-02 08:46:00,Queso Edam Gloria 250g,Lácteos,12.5,3,37.5,3,2024-08-02,8,Friday,8,31
4576,2024-03-07 21:52:00,Aceite Primor 1L,Abarrotes,8.63,2,17.26,4,2024-03-07,21,Thursday,3,10
4577,2024-06-04 07:01:00,Sardina Florida 425g,Conservas,4.29,3,12.87,4,2024-06-04,7,Tuesday,6,23
4578,2024-08-22 21:41:00,Aceite Primor 1L,Abarrotes,9.08,2,18.16,4,2024-08-22,21,Thursday,8,34
4579,2024-05-17 19:26:00,Agua San Luis 2.5L,Bebidas,3.59,3,10.77,1,2024-05-17,19,Friday,5,20
4580,2024-05-02 20:05:00,Galletas Soda Field,Snacks,2.87,1,2.87,7,2024-05-02,20,Thursday,5,18
4581,2024-05-09 06:09:00,Agua San Luis 500ml,Bebidas,1.2,3,3.6,1,2024-05-09,6,Thursday,5,19
4582,2024-03-09 19:49:00,Arroz Costeño 1kg,Abarrotes,3.81,3,11.43,4,2024-03-09,19,Saturday,3,10
4583,2024-03-30 09:59:00,Agua San Luis 2.5L,Bebidas,3.56,5,17.8,1,2024-03-30,9,Saturday,3,13
4584,2024-06-12 07:31:00,Detergente Ace 850g,Limpieza,11.97,3,35.91,6,2024-06-12,7,Wednesday,6,24
4585,2024-08-12 07:51:00,Jabón Bolivar 230g,Limpieza,2.8,3,8.4,6,2024-08-12,7,Monday,8,33
4586,2024-08-22 09:24:00,Agua San Luis 500ml,Bebidas,1.19,3,3.57,1,2024-08-22,9,Thursday,8,34
4587,2024-08-02 09:24:00,Sublime 36g,Snacks,1.49,2,2.98,7,2024-08-02,9,Friday,8,31
4588,2024-02-25 20:37:00,Aceite Primor 500ml,Abarrotes,5.14,2,10.28,4,2024-02-25,20,Sunday,2,8
4589,2024-01-24 20:46:00,Mantequilla Gloria 100g,Lácteos,4.32,1,4.32,3,2024-01-24,20,Wednesday,1,4
4590,2024-01-17 18:12:00,Chancay 60g,Panadería,0.49,2,0.98,8,2024-01-17,18,Wednesday,1,3
4591,2024-03-20 09:44:00,Aceite Primor 500ml,Abarrotes,5.32,5,26.6,4,2024-03-20,9,Wednesday,3,12
4592,2024-04-28 13:48:00,Mantequilla Gloria 100g,Lácteos,4.29,1,4.29,3,2024-04-28,13,Sunday,4,17
4593,2024-02-14 08:09:00,Leche Gloria Entera 1L,Lácteos,4.92,2,9.84,3,2024-02-14,8,Wednesday,2,7
4594,2024-01-24 15:46:00,Harina Blanca Flor 1kg,Abarrotes,3.12,4,12.48,4,2024-01-24,15,Wednesday,1,4
4595,2024-01-22 21:23:00,Sal Marina 1kg,Abarrotes,1.53,2,3.06,5,2024-01-22,21,Monday,1,4
4596,2024-03-23 07:03:00,Agua San Luis 500ml,Bebidas,1.19,3,3.57,1,2024-03-23,7,Saturday,3,12
4597,2024-04-22 20:57:00,Shampoo Head&Shoulders,Higiene,18.63,1,18.63,6,2024-04-22,20,Monday,4,17
4598,2024-04-02 15:42:00,Pañales Huggies T3 x30,Higiene,32.15,2,64.3,6,2024-04-02,15,Tuesday,4,14
4599,2024-07-08 19:15:00,Pañales Huggies T3 x30,Higiene,33.09,3,99.27,6,2024-07-08,19,Monday,7,28
4600,2024-08-14 20:38:00,Sardina Florida 425g,Conservas,4.1,3,12.3,4,2024-08-14,20,Wednesday,8,33
4601,2024-08-28 14:21:00,Pañales Huggies T3 x30,Higiene,31.63,1,31.63,6,2024-08-28,14,Wednesday,8,35
4602,2024-06-24 09:58:00,Atún Florida 170g,Conservas,3.97,3,11.91,4,2024-06-24,9,Monday,6,26
4603,2024-04-17 18:41:00,Inca Kola 1.5L,Bebidas,5.56,4,22.24,1,2024-04-17,18,Wednesday,4,16
4604,2024-01-05 09:46:00,Agua San Luis 2.5L,Bebidas,3.53,5,17.65,1,2024-01-05,9,Friday,1,1
4605,2024-06-19 09:07:00,Aceite Primor 1L,Abarrotes,8.92,4,35.68,4,2024-06-19,9,Wednesday,6,25
4606,2024-07-30 20:09:00,Pañales Huggies T3 x30,Higiene,31.69,3,95.07,6,2024-07-30,20,Tuesday,7,31
4607,2024-04-01 18:10:00,Galletas Soda Field,Snacks,2.85,3,8.55,7,2024-04-01,18,Monday,4,14
4608,2024-07-18 20:01:00,Mantequilla Gloria 100g,Lácteos,4.12,3,12.36,3,2024-07-18,20,Thursday,7,29
4609,2024-05-07 08:47:00,Fideos Lavaggi 500g,Abarrotes,2.43,1,2.43,4,2024-05-07,8,Tuesday,5,19
4610,2024-02-28 09:40:00,Mantequilla Gloria 100g,Lácteos,4.16,3,12.48,3,2024-02-28,9,Wednesday,2,9
4611,2024-07-13 09:29:00,Leche Evaporada Gloria,Lácteos,3.24,1,3.24,3,2024-07-13,9,Saturday,7,28
4612,2024-02-07 09:42:00,Aceite Primor 1L,Abarrotes,9.12,4,36.48,4,2024-02-07,9,Wednesday,2,6
4613,2024-05-23 21:47:00,Fideos Lavaggi 500g,Abarrotes,2.46,2,4.92,4,2024-05-23,21,Thursday,5,21
4614,2024-05-22 20:09:00,Arroz Costeño 1kg,Abarrotes,3.77,5,18.85,4,2024-05-22,20,Wednesday,5,21
4615,2024-03-26 09:51:00,Harina Blanca Flor 1kg,Abarrotes,3.17,1,3.17,4,2024-03-26,9,Tuesday,3,13
4616,2024-08-14 06:45:00,Chifles La Doña 80g,Snacks,2.05,1,2.05,7,2024-08-14,6,Wednesday,8,33
4617,2024-04-12 08:02:00,Sublime 36g,Snacks,1.5,2,3.0,7,2024-04-12,8,Friday,4,15
4618,2024-07-21 11:16:00,Aceite Primor 500ml,Abarrotes,5.17,1,5.17,4,2024-07-21,11,Sunday,7,29
4619,2024-08-04 21:16:00,Detergente Ariel 850g,Limpieza,12.84,2,25.68,6,2024-08-04,21,Sunday,8,31
4620,2024-06-26 16:02:00,Papel Higiénico Elite x4,Higiene,8.94,3,26.82,6,2024-06-26,16,Wednesday,6,26
4621,2024-08-10 09:46:00,Fideos Don Vittorio 500g,Abarrotes,2.8,5,14.0,4,2024-08-10,9,Saturday,8,32
4622,2024-04-10 14:13:00,Pañales Huggies T4 x28,Higiene,33.17,1,33.17,6,2024-04-10,14,Wednesday,4,15
4623,2024-03-25 17:27:00,Lejía Clorox 900ml,Limpieza,4.42,1,4.42,6,2024-03-25,17,Monday,3,13
4624,2024-05-05 21:46:00,Pan de Molde Bimbo 500g,Panadería,6.44,2,12.88,8,2024-05-05,21,Sunday,5,18
4625,2024-01-19 09:03:00,Sal Marina 1kg,Abarrotes,1.51,4,6.04,5,2024-01-19,9,Friday,1,3
4626,2024-08-03 08:06:00,Leche Evaporada Gloria,Lácteos,3.27,3,9.81,3,2024-08-03,8,Saturday,8,31
4627,2024-04-07 08:30:00,Pan de Molde Bimbo 500g,Panadería,6.41,3,19.23,8,2024-04-07,8,Sunday,4,14
4628,2024-08-19 06:13:00,Shampoo Head&Shoulders,Higiene,17.96,3,53.88,6,2024-08-19,6,Monday,8,34
4629,2024-02-01 14:54:00,Jabón Bolivar 230g,Limpieza,2.81,3,8.43,6,2024-02-01,14,Thursday,2,5
4630,2024-07-05 07:45:00,Sardina Florida 425g,Conservas,4.15,3,12.45,4,2024-07-05,7,Friday,7,27
4631,2024-05-30 09:16:00,Agua San Luis 500ml,Bebidas,1.22,4,4.88,1,2024-05-30,9,Thursday,5,22
4632,2024-04-02 08:08:00,Pepsi 500ml,Bebidas,2.26,5,11.3,2,2024-04-02,8,Tuesday,4,14
4633,2024-08-13 09:26:00,Detergente Ariel 850g,Limpieza,12.29,2,24.58,6,2024-08-13,9,Tuesday,8,33
4634,2024-07-28 13:08:00,Pepsi 500ml,Bebidas,2.3,4,9.2,2,2024-07-28,13,Sunday,7,30
4635,2024-03-06 18:52:00,Pan de Molde Bimbo 500g,Panadería,6.51,3,19.53,8,2024-03-06,18,Wednesday,3,10
4636,2024-08-01 18:44:00,Pañales Huggies T3 x30,Higiene,31.82,3,95.46,6,2024-08-01,18,Thursday,8,31
4637,2024-04-04 11:55:00,Aceite Primor 1L,Abarrotes,8.91,2,17.82,4,2024-04-04,11,Thursday,4,14
4638,2024-07-02 20:48:00,Aceite Primor 1L,Abarrotes,8.91,1,8.91,4,2024-07-02,20,Tuesday,7,27
4639,2024-03-03 20:27:00,Yogurt Gloria Fresa 1kg,Lácteos,6.51,3,19.53,3,2024-03-03,20,Sunday,3,9
4640,2024-05-17 19:31:00,Pañales Huggies T4 x28,Higiene,34.28,2,68.56,6,2024-05-17,19,Friday,5,20
4641,2024-01-05 18:17:00,Chifles La Doña 80g,Snacks,2.04,2,4.08,7,2024-01-05,18,Friday,1,1
4642,2024-05-02 14:36:00,Azúcar Cartavio 1kg,Abarrotes,3.57,3,10.71,5,2024-05-02,14,Thursday,5,18
4643,2024-03-26 07:22:00,Galletas Oreo 36g,Snacks,1.47,3,4.41,7,2024-03-26,7,Tuesday,3,13
4644,2024-03-23 16:38:00,Galletas Oreo 36g,Snacks,1.47,3,4.41,7,2024-03-23,16,Saturday,3,12
4645,2024-06-28 14:34:00,Chifles La Doña 80g,Snacks,1.99,3,5.97,7,2024-06-28,14,Friday,6,26
4646,2024-01-23 08:45:00,Fideos Lavaggi 500g,Abarrotes,2.57,3,7.71,4,2024-01-23,8,Tuesday,1,4
4647,2024-06-24 11:27:00,Lejía Clorox 900ml,Limpieza,4.45,2,8.9,6,2024-06-24,11,Monday,6,26
4648,2024-08-02 09:50:00,Leche Gloria Light 1L,Lácteos,4.93,3,14.79,3,2024-08-02,9,Friday,8,31
4649,2024-03-06 21:39:00,Pañales Huggies T4 x28,Higiene,33.71,2,67.42,6,2024-03-06,21,Wednesday,3,10
4650,2024-01-19 19:19:00,Sardina Florida 425g,Conservas,4.23,1,4.23,4,2024-01-19,19,Friday,1,3
4651,2024-05-15 13:59:00,Shampoo Head&Shoulders,Higiene,17.95,3,53.85,6,2024-05-15,13,Wednesday,5,20
4652,2024-05-24 17:47:00,Pepsi 500ml,Bebidas,2.34,5,11.7,2,2024-05-24,17,Friday,5,21
4653,2024-08-01 07:53:00,Pepsi 500ml,Bebidas,2.24,1,2.24,2,2024-08-01,7,Thursday,8,31
4654,2024-05-27 20:11:00,Sardina Florida 425g,Conservas,4.11,2,8.22,4,2024-05-27,20,Monday,5,22
4655,2024-03-12 12:19:00,Sublime 36g,Snacks,1.51,3,4.53,7,2024-03-12,12,Tuesday,3,11
4656,2024-04-07 20:36:00,Galletas Oreo 36g,Snacks,1.5,3,4.5,7,2024-04-07,20,Sunday,4,14
4657,2024-04-21 07:05:00,Fideos Don Vittorio 500g,Abarrotes,2.88,5,14.4,4,2024-04-21,7,Sunday,4,16
4658,2024-01-03 12:58:00,Fideos Lavaggi 500g,Abarrotes,2.51,3,7.53,4,2024-01-03,12,Wednesday,1,1
4659,2024-08-02 13:28:00,Agua San Luis 500ml,Bebidas,1.19,2,2.38,1,2024-08-02,13,Friday,8,31
4660,2024-04-12 21:06:00,Sublime 36g,Snacks,1.48,2,2.96,7,2024-04-12,21,Friday,4,15
4661,2024-04-16 17:15:00,Fideos Lavaggi 500g,Abarrotes,2.45,5,12.25,4,2024-04-16,17,Tuesday,4,16
4662,2024-01-11 19:31:00,Papel Higiénico Elite x4,Higiene,9.13,2,18.26,6,2024-01-11,19,Thursday,1,2
4663,2024-06-11 21:08:00,Papel Higiénico Elite x4,Higiene,8.97,1,8.97,6,2024-06-11,21,Tuesday,6,24
4664,2024-04-11 15:39:00,Arroz Costeño 5kg,Abarrotes,17.04,5,85.2,4,2024-04-11,15,Thursday,4,15
4665,2024-06-30 21:26:00,Yogurt Gloria Fresa 1kg,Lácteos,6.59,2,13.18,3,2024-06-30,21,Sunday,6,26
4666,2024-07-24 20:10:00,Yogurt Gloria Fresa 1kg,Lácteos,6.65,1,6.65,3,2024-07-24,20,Wednesday,7,30
4667,2024-03-23 12:35:00,Detergente Ariel 850g,Limpieza,12.77,1,12.77,6,2024-03-23,12,Saturday,3,12
4668,2024-04-26 21:35:00,Galletas Soda Field,Snacks,2.73,1,2.73,7,2024-04-26,21,Friday,4,17
4669,2024-04-08 08:13:00,Aceite Primor 1L,Abarrotes,8.83,5,44.15,4,2024-04-08,8,Monday,4,15
4670,2024-06-13 21:47:00,Galletas Oreo 36g,Snacks,1.46,2,2.92,7,2024-06-13,21,Thursday,6,24
4671,2024-06-05 06:53:00,Pan de Molde Bimbo 500g,Panadería,6.63,2,13.26,8,2024-06-05,6,Wednesday,6,23
4672,2024-06-19 09:38:00,Agua San Luis 2.5L,Bebidas,3.41,5,17.05,1,2024-06-19,9,Wednesday,6,25
4673,2024-04-05 20:36:00,Galletas Oreo 36g,Snacks,1.52,3,4.56,7,2024-04-05,20,Friday,4,14
4674,2024-01-25 11:21:00,Atún Florida 170g,Conservas,3.94,1,3.94,4,2024-01-25,11,Thursday,1,4
4675,2024-08-22 09:11:00,Pañales Huggies T4 x28,Higiene,34.53,3,103.59,6,2024-08-22,9,Thursday,8,34
4676,2024-05-12 16:42:00,Sal Marina 1kg,Abarrotes,1.5,5,7.5,5,2024-05-12,16,Sunday,5,19
4677,2024-04-23 21:49:00,Shampoo Head&Shoulders,Higiene,18.59,2,37.18,6,2024-04-23,21,Tuesday,4,17
4678,2024-05-03 08:19:00,Coca-Cola 500ml,Bebidas,2.46,5,12.3,2,2024-05-03,8,Friday,5,18
4679,2024-06-12 13:49:00,Arroz Costeño 5kg,Abarrotes,17.54,4,70.16,4,2024-06-12,13,Wednesday,6,24
4680,2024-01-27 21:51:00,Galletas Soda Field,Snacks,2.75,3,8.25,7,2024-01-27,21,Saturday,1,4
4681,2024-07-04 09:17:00,Yogurt Gloria Fresa 1kg,Lácteos,6.64,3,19.92,3,2024-07-04,9,Thursday,7,27
4682,2024-05-04 20:19:00,Pepsi 500ml,Bebidas,2.28,1,2.28,2,2024-05-04,20,Saturday,5,18
4683,2024-05-31 20:03:00,Detergente Ace 850g,Limpieza,11.58,3,34.74,6,2024-05-31,20,Friday,5,22
4684,2024-08-31 21:29:00,Leche Gloria Light 1L,Lácteos,5.01,2,10.02,3,2024-08-31,21,Saturday,8,35
4685,2024-06-06 13:42:00,Harina Blanca Flor 1kg,Abarrotes,3.26,1,3.26,4,2024-06-06,13,Thursday,6,23
4686,2024-06-26 20:11:00,Fideos Don Vittorio 500g,Abarrotes,2.87,3,8.61,4,2024-06-26,20,Wednesday,6,26
4687,2024-05-08 21:06:00,Pasta Dental Colgate,Higiene,5.45,1,5.45,6,2024-05-08,21,Wednesday,5,19
4688,2024-03-20 09:21:00,Galletas Soda Field,Snacks,2.78,3,8.34,7,2024-03-20,9,Wednesday,3,12
4689,2024-06-07 10:15:00,Arroz Costeño 5kg,Abarrotes,17.54,2,35.08,4,2024-06-07,10,Friday,6,23
4690,2024-03-30 17:31:00,Detergente Ace 850g,Limpieza,11.97,3,35.91,6,2024-03-30,17,Saturday,3,13
4691,2024-04-02 09:41:00,Galletas Soda Field,Snacks,2.78,2,5.56,7,2024-04-02,9,Tuesday,4,14
4692,2024-07-20 14:40:00,Yogurt Gloria Fresa 1kg,Lácteos,6.35,3,19.05,3,2024-07-20,14,Saturday,7,29
4693,2024-04-15 07:47:00,Arroz Costeño 1kg,Abarrotes,3.79,3,11.37,4,2024-04-15,7,Monday,4,16
4694,2024-01-05 21:25:00,Atún Florida 170g,Conservas,4.02,3,12.06,4,2024-01-05,21,Friday,1,1
4695,2024-06-11 14:46:00,Shampoo Head&Shoulders,Higiene,18.69,2,37.38,6,2024-06-11,14,Tuesday,6,24
4696,2024-07-03 13:18:00,Galletas Soda Field,Snacks,2.81,1,2.81,7,2024-07-03,13,Wednesday,7,27
4697,2024-05-26 20:33:00,Sardina Florida 425g,Conservas,4.13,3,12.39,4,2024-05-26,20,Sunday,5,21
4698,2024-04-05 18:02:00,Harina Blanca Flor 1kg,Abarrotes,3.19,1,3.19,4,2024-04-05,18,Friday,4,14
4699,2024-06-04 09:01:00,Arroz Costeño 1kg,Abarrotes,3.79,1,3.79,4,2024-06-04,9,Tuesday,6,23
4700,2024-06-17 09:28:00,Inca Kola 1.5L,Bebidas,5.65,1,5.65,1,2024-06-17,9,Monday,6,25
4701,2024-05-26 14:36:00,Pasta Dental Colgate,Higiene,5.5,1,5.5,6,2024-05-26,14,Sunday,5,21
4702,2024-06-28 16:20:00,Pañales Huggies T4 x28,Higiene,33.18,3,99.54,6,2024-06-28,16,Friday,6,26
4703,2024-01-29 17:37:00,Yogurt Gloria Fresa 1kg,Lácteos,6.56,1,6.56,3,2024-01-29,17,Monday,1,5
4704,2024-04-18 20:22:00,Queso Edam Gloria 250g,Lácteos,12.72,1,12.72,3,2024-04-18,20,Thursday,4,16
4705,2024-03-02 21:45:00,Galletas Soda Field,Snacks,2.82,3,8.46,7,2024-03-02,21,Saturday,3,9
4706,2024-05-05 07:08:00,Coca-Cola 500ml,Bebidas,2.51,5,12.55,2,2024-05-05,7,Sunday,5,18
4707,2024-07-18 07:14:00,Fideos Lavaggi 500g,Abarrotes,2.55,3,7.65,4,2024-07-18,7,Thursday,7,29
4708,2024-06-05 08:12:00,Arroz Costeño 1kg,Abarrotes,3.82,1,3.82,4,2024-06-05,8,Wednesday,6,23
4709,2024-02-12 21:39:00,Atún Florida 170g,Conservas,3.88,1,3.88,4,2024-02-12,21,Monday,2,7
4710,2024-03-21 21:28:00,Azúcar Cartavio 1kg,Abarrotes,3.59,1,3.59,5,2024-03-21,21,Thursday,3,12
4711,2024-05-13 12:45:00,Fideos Lavaggi 500g,Abarrotes,2.52,1,2.52,4,2024-05-13,12,Monday,5,20
4712,2024-06-21 17:49:00,Pasta Dental Colgate,Higiene,5.48,3,16.44,6,2024-06-21,17,Friday,6,25
4713,2024-05-23 18:52:00,Detergente Ace 850g,Limpieza,11.91,1,11.91,6,2024-05-23,18,Thursday,5,21
4714,2024-02-16 19:15:00,Jabón Bolivar 230g,Limpieza,2.8,3,8.4,6,2024-02-16,19,Friday,2,7
4715,2024-08-30 07:09:00,Queso Edam Gloria 250g,Lácteos,12.77,3,38.31,3,2024-08-30,7,Friday,8,35
4716,2024-04-09 20:05:00,Sublime 36g,Snacks,1.52,1,1.52,7,2024-04-09,20,Tuesday,4,15
4717,2024-07-22 08:16:00,Arroz Costeño 1kg,Abarrotes,3.76,2,7.52,4,2024-07-22,8,Monday,7,30
4718,2024-07-25 20:37:00,Aceite Primor 1L,Abarrotes,9.05,4,36.2,4,2024-07-25,20,Thursday,7,30
4719,2024-05-25 10:53:00,Chancay 60g,Panadería,0.51,2,1.02,8,2024-05-25,10,Saturday,5,21
4720,2024-04-10 16:28:00,Atún Florida 170g,Conservas,3.93,2,7.86,4,2024-04-10,16,Wednesday,4,15
4721,2024-04-06 12:11:00,Fideos Lavaggi 500g,Abarrotes,2.53,3,7.59,4,2024-04-06,12,Saturday,4,14
4722,2024-03-12 07:07:00,Sardina Florida 425g,Conservas,4.1,3,12.3,4,2024-03-12,7,Tuesday,3,11
4723,2024-06-19 16:05:00,Chancay 60g,Panadería,0.5,1,0.5,8,2024-06-19,16,Wednesday,6,25
4724,2024-02-18 20:43:00,Shampoo Head&Shoulders,Higiene,18.11,2,36.22,6,2024-02-18,20,Sunday,2,7
4725,2024-05-21 09:44:00,Arroz Costeño 5kg,Abarrotes,17.2,5,86.0,4,2024-05-21,9,Tuesday,5,21
4726,2024-05-11 20:34:00,Pañales Huggies T4 x28,Higiene,34.74,2,69.48,6,2024-05-11,20,Saturday,5,19
4727,2024-03-07 20:10:00,Agua San Luis 2.5L,Bebidas,3.59,1,3.59,1,2024-03-07,20,Thursday,3,10
4728,2024-06-18 20:15:00,Fideos Don Vittorio 500g,Abarrotes,2.76,3,8.28,4,2024-06-18,20,Tuesday,6,25
4729,2024-08-18 07:28:00,Pepsi 500ml,Bebidas,2.31,2,4.62,2,2024-08-18,7,Sunday,8,33
4730,2024-01-03 09:30:00,Lejía Clorox 900ml,Limpieza,4.61,2,9.22,6,2024-01-03,9,Wednesday,1,1
4731,2024-08-20 20:26:00,Pasta Dental Colgate,Higiene,5.55,3,16.65,6,2024-08-20,20,Tuesday,8,34
4732,2024-01-28 13:49:00,Pañales Huggies T4 x28,Higiene,33.75,2,67.5,6,2024-01-28,13,Sunday,1,4
4733,2024-01-01 21:44:00,Detergente Ace 850g,Limpieza,12.0,1,12.0,6,2024-01-01,21,Monday,1,1
4734,2024-01-25 20:18:00,Aceite Primor 500ml,Abarrotes,5.21,5,26.05,4,2024-01-25,20,Thursday,1,4
4735,2024-04-11 15:06:00,Sublime 36g,Snacks,1.49,3,4.47,7,2024-04-11,15,Thursday,4,15
4736,2024-02-26 09:10:00,Mantequilla Gloria 100g,Lácteos,4.29,2,8.58,3,2024-02-26,9,Monday,2,9
4737,2024-07-22 21:29:00,Jabón Bolivar 230g,Limpieza,2.73,2,5.46,6,2024-07-22,21,Monday,7,30
4738,2024-04-12 09:57:00,Agua San Luis 2.5L,Bebidas,3.52,2,7.04,1,2024-04-12,9,Friday,4,15
4739,2024-04-09 14:50:00,Inca Kola 1.5L,Bebidas,5.35,5,26.75,1,2024-04-09,14,Tuesday,4,15
4740,2024-07-03 21:41:00,Mantequilla Gloria 100g,Lácteos,4.13,1,4.13,3,2024-07-03,21,Wednesday,7,27
4741,2024-03-27 09:45:00,Leche Evaporada Gloria,Lácteos,3.19,3,9.57,3,2024-03-27,9,Wednesday,3,13
4742,2024-02-01 17:35:00,Pepsi 500ml,Bebidas,2.24,5,11.2,2,2024-02-01,17,Thursday,2,5
4743,2024-05-19 08:29:00,Papel Higiénico Elite x4,Higiene,8.88,1,8.88,6,2024-05-19,8,Sunday,5,20
4744,2024-01-31 13:04:00,Aceite Primor 500ml,Abarrotes,5.12,5,25.6,4,2024-01-31,13,Wednesday,1,5
4745,2024-07-05 08:10:00,Papel Higiénico Elite x4,Higiene,9.06,2,18.12,6,2024-07-05,8,Friday,7,27
4746,2024-02-14 09:47:00,Leche Evaporada Gloria,Lácteos,3.21,1,3.21,3,2024-02-14,9,Wednesday,2,7
4747,2024-04-26 21:32:00,Chifles La Doña 80g,Snacks,1.96,1,1.96,7,2024-04-26,21,Friday,4,17
4748,2024-02-20 17:34:00,Azúcar Cartavio 1kg,Abarrotes,3.55,2,7.1,5,2024-02-20,17,Tuesday,2,8
4749,2024-02-19 08:00:00,Atún Florida 170g,Conservas,3.87,2,7.74,4,2024-02-19,8,Monday,2,8
4750,2024-08-14 08:30:00,Sal Marina 1kg,Abarrotes,1.49,3,4.47,5,2024-08-14,8,Wednesday,8,33
4751,2024-04-06 17:07:00,Fideos Don Vittorio 500g,Abarrotes,2.86,1,2.86,4,2024-04-06,17,Saturday,4,14
4752,2024-03-18 07:09:00,Agua San Luis 2.5L,Bebidas,3.45,5,17.25,1,2024-03-18,7,Monday,3,12
4753,2024-05-26 21:36:00,Agua San Luis 2.5L,Bebidas,3.4,5,17.0,1,2024-05-26,21,Sunday,5,21
4754,2024-03-27 20:06:00,Azúcar Cartavio 1kg,Abarrotes,3.59,4,14.36,5,2024-03-27,20,Wednesday,3,13
4755,2024-08-07 20:12:00,Agua San Luis 2.5L,Bebidas,3.47,1,3.47,1,2024-08-07,20,Wednesday,8,32
4756,2024-04-25 15:04:00,Chifles La Doña 80g,Snacks,1.97,1,1.97,7,2024-04-25,15,Thursday,4,17
4757,2024-01-02 21:16:00,Lejía Clorox 900ml,Limpieza,4.58,3,13.74,6,2024-01-02,21,Tuesday,1,1
4758,2024-05-31 20:28:00,Pan de Molde Bimbo 500g,Panadería,6.52,2,13.04,8,2024-05-31,20,Friday,5,22
4759,2024-07-12 18:29:00,Leche Gloria Light 1L,Lácteos,5.01,2,10.02,3,2024-07-12,18,Friday,7,28
4760,2024-08-07 08:17:00,Pañales Huggies T4 x28,Higiene,33.61,1,33.61,6,2024-08-07,8,Wednesday,8,32
4761,2024-07-23 13:53:00,Queso Edam Gloria 250g,Lácteos,12.6,1,12.6,3,2024-07-23,13,Tuesday,7,30
4762,2024-07-13 07:14:00,Galletas Oreo 36g,Snacks,1.48,1,1.48,7,2024-07-13,7,Saturday,7,28
4763,2024-07-10 20:21:00,Pañales Huggies T3 x30,Higiene,33.27,2,66.54,6,2024-07-10,20,Wednesday,7,28
4764,2024-08-10 20:19:00,Fideos Don Vittorio 500g,Abarrotes,2.76,5,13.8,4,2024-08-10,20,Saturday,8,32
4765,2024-08-07 08:44:00,Chancay 60g,Panadería,0.51,2,1.02,8,2024-08-07,8,Wednesday,8,32
4766,2024-08-03 07:22:00,Arroz Costeño 5kg,Abarrotes,17.0,4,68.0,4,2024-08-03,7,Saturday,8,31
4767,2024-08-04 08:03:00,Jabón Bolivar 230g,Limpieza,2.82,2,5.64,6,2024-08-04,8,Sunday,8,31
4768,2024-08-16 15:51:00,Queso Edam Gloria 250g,Lácteos,12.44,2,24.88,3,2024-08-16,15,Friday,8,33
4769,2024-01-27 08:36:00,Leche Gloria Light 1L,Lácteos,4.87,2,9.74,3,2024-01-27,8,Saturday,1,4
4770,2024-04-02 09:22:00,Shampoo Head&Shoulders,Higiene,18.32,2,36.64,6,2024-04-02,9,Tuesday,4,14
4771,2024-05-11 20:09:00,Yogurt Gloria Fresa 1kg,Lácteos,6.46,1,6.46,3,2024-05-11,20,Saturday,5,19
4772,2024-02-23 08:17:00,Mantequilla Gloria 100g,Lácteos,4.08,3,12.24,3,2024-02-23,8,Friday,2,8
4773,2024-05-28 09:16:00,Arroz Costeño 5kg,Abarrotes,17.53,4,70.12,4,2024-05-28,9,Tuesday,5,22
4774,2024-07-08 21:24:00,Detergente Ariel 850g,Limpieza,12.57,3,37.71,6,2024-07-08,21,Monday,7,28
4775,2024-08-24 19:04:00,Aceite Primor 500ml,Abarrotes,5.21,2,10.42,4,2024-08-24,19,Saturday,8,34
4776,2024-07-19 20:39:00,Pañales Huggies T3 x30,Higiene,33.25,2,66.5,6,2024-07-19,20,Friday,7,29
4777,2024-04-22 20:02:00,Pasta Dental Colgate,Higiene,5.4,3,16.2,6,2024-04-22,20,Monday,4,17
4778,2024-08-16 10:24:00,Mantequilla Gloria 100g,Lácteos,4.2,1,4.2,3,2024-08-16,10,Friday,8,33
4779,2024-02-17 20:04:00,Queso Edam Gloria 250g,Lácteos,12.71,3,38.13,3,2024-02-17,20,Saturday,2,7
4780,2024-08-30 20:22:00,Pepsi 500ml,Bebidas,2.25,1,2.25,2,2024-08-30,20,Friday,8,35
4781,2024-02-14 07:26:00,Pañales Huggies T3 x30,Higiene,33.41,3,100.23,6,2024-02-14,7,Wednesday,2,7
4782,2024-03-14 07:12:00,Aceite Primor 1L,Abarrotes,8.66,2,17.32,4,2024-03-14,7,Thursday,3,11
4783,2024-02-25 13:16:00,Yogurt Gloria Fresa 1kg,Lácteos,6.45,2,12.9,3,2024-02-25,13,Sunday,2,8
4784,2024-07-27 06:53:00,Papel Higiénico Elite x4,Higiene,8.94,2,17.88,6,2024-07-27,6,Saturday,7,30
4785,2024-06-30 07:25:00,Fideos Don Vittorio 500g,Abarrotes,2.77,5,13.85,4,2024-06-30,7,Sunday,6,26
4786,2024-02-18 21:20:00,Leche Evaporada Gloria,Lácteos,3.22,1,3.22,3,2024-02-18,21,Sunday,2,7
4787,2024-02-04 20:30:00,Agua San Luis 2.5L,Bebidas,3.4,1,3.4,1,2024-02-04,20,Sunday,2,5
4788,2024-08-08 14:33:00,Lejía Clorox 900ml,Limpieza,4.46,3,13.38,6,2024-08-08,14,Thursday,8,32
4789,2024-05-02 16:15:00,Chancay 60g,Panadería,0.49,1,0.49,8,2024-05-02,16,Thursday,5,18
4790,2024-06-10 06:16:00,Queso Edam Gloria 250g,Lácteos,12.4,1,12.4,3,2024-06-10,6,Monday,6,24
4791,2024-08-19 07:20:00,Atún Florida 170g,Conservas,4.01,1,4.01,4,2024-08-19,7,Monday,8,34
4792,2024-07-13 10:23:00,Pañales Huggies T3 x30,Higiene,33.09,2,66.18,6,2024-07-13,10,Saturday,7,28
4793,2024-05-22 19:35:00,Galletas Oreo 36g,Snacks,1.51,3,4.53,7,2024-05-22,19,Wednesday,5,21
4794,2024-05-19 20:02:00,Shampoo Head&Shoulders,Higiene,18.75,1,18.75,6,2024-05-19,20,Sunday,5,20
4795,2024-02-13 07:58:00,Leche Evaporada Gloria,Lácteos,3.11,2,6.22,3,2024-02-13,7,Tuesday,2,7
4796,2024-06-08 16:35:00,Agua San Luis 2.5L,Bebidas,3.6,4,14.4,1,2024-06-08,16,Saturday,6,23
4797,2024-08-31 10:34:00,Arroz Costeño 5kg,Abarrotes,17.57,4,70.28,4,2024-08-31,10,Saturday,8,35
4798,2024-02-10 21:12:00,Galletas Oreo 36g,Snacks,1.46,3,4.38,7,2024-02-10,21,Saturday,2,6
4799,2024-07-25 21:51:00,Aceite Primor 1L,Abarrotes,8.73,4,34.92,4,2024-07-25,21,Thursday,7,30
4800,2024-05-01 18:19:00,Leche Gloria Light 1L,Lácteos,4.79,2,9.58,3,2024-05-01,18,Wednesday,5,18
4801,2024-03-01 07:34:00,Inca Kola 500ml,Bebidas,2.5,5,12.5,1,2024-03-01,7,Friday,3,9
4802,2024-01-02 07:44:00,Galletas Oreo 36g,Snacks,1.47,1,1.47,7,2024-01-02,7,Tuesday,1,1
4803,2024-03-20 20:09:00,Galletas Soda Field,Snacks,2.74,1,2.74,7,2024-03-20,20,Wednesday,3,12
4804,2024-07-06 06:05:00,Aceite Primor 1L,Abarrotes,8.83,4,35.32,4,2024-07-06,6,Saturday,7,27
4805,2024-08-30 08:17:00,Detergente Ace 850g,Limpieza,11.9,3,35.7,6,2024-08-30,8,Friday,8,35
4806,2024-06-17 08:03:00,Leche Evaporada Gloria,Lácteos,3.18,2,6.36,3,2024-06-17,8,Monday,6,25
4807,2024-08-11 20:49:00,Leche Evaporada Gloria,Lácteos,3.17,1,3.17,3,2024-08-11,20,Sunday,8,32
4808,2024-06-23 20:16:00,Papel Higiénico Elite x4,Higiene,8.72,2,17.44,6,2024-06-23,20,Sunday,6,25
4809,2024-02-28 18:03:00,Pepsi 500ml,Bebidas,2.3,4,9.2,2,2024-02-28,18,Wednesday,2,9
4810,2024-03-15 12:12:00,Jabón Bolivar 230g,Limpieza,2.81,1,2.81,6,2024-03-15,12,Friday,3,11
4811,2024-05-09 10:57:00,Detergente Ace 850g,Limpieza,12.03,1,12.03,6,2024-05-09,10,Thursday,5,19
4812,2024-04-11 20:27:00,Arroz Costeño 5kg,Abarrotes,17.81,1,17.81,4,2024-04-11,20,Thursday,4,15
4813,2024-03-26 20:14:00,Fideos Don Vittorio 500g,Abarrotes,2.78,2,5.56,4,2024-03-26,20,Tuesday,3,13
4814,2024-03-09 16:32:00,Agua San Luis 500ml,Bebidas,1.21,1,1.21,1,2024-03-09,16,Saturday,3,10
4815,2024-01-02 07:46:00,Pasta Dental Colgate,Higiene,5.52,1,5.52,6,2024-01-02,7,Tuesday,1,1
4816,2024-06-04 21:42:00,Galletas Soda Field,Snacks,2.72,1,2.72,7,2024-06-04,21,Tuesday,6,23
4817,2024-03-30 07:02:00,Leche Evaporada Gloria,Lácteos,3.27,1,3.27,3,2024-03-30,7,Saturday,3,13
4818,2024-05-20 17:08:00,Yogurt Gloria Fresa 1kg,Lácteos,6.39,1,6.39,3,2024-05-20,17,Monday,5,21
4819,2024-05-24 20:53:00,Yogurt Gloria Fresa 1kg,Lácteos,6.53,2,13.06,3,2024-05-24,20,Friday,5,21
4820,2024-07-12 21:32:00,Arroz Costeño 1kg,Abarrotes,3.82,2,7.64,4,2024-07-12,21,Friday,7,28
4821,2024-03-28 21:58:00,Leche Gloria Entera 1L,Lácteos,4.89,2,9.78,3,2024-03-28,21,Thursday,3,13
4822,2024-04-19 20:05:00,Agua San Luis 500ml,Bebidas,1.21,3,3.63,1,2024-04-19,20,Friday,4,16
4823,2024-08-19 16:53:00,Inca Kola 1.5L,Bebidas,5.43,4,21.72,1,2024-08-19,16,Monday,8,34
4824,2024-07-21 11:19:00,Leche Gloria Light 1L,Lácteos,4.99,3,14.97,3,2024-07-21,11,Sunday,7,29
4825,2024-05-29 21:08:00,Sal Marina 1kg,Abarrotes,1.51,3,4.53,5,2024-05-29,21,Wednesday,5,22
4826,2024-08-24 20:11:00,Sublime 36g,Snacks,1.51,2,3.02,7,2024-08-24,20,Saturday,8,34
4827,2024-07-05 21:45:00,Galletas Oreo 36g,Snacks,1.5,2,3.0,7,2024-07-05,21,Friday,7,27
4828,2024-03-17 08:12:00,Fideos Don Vittorio 500g,Abarrotes,2.86,3,8.58,4,2024-03-17,8,Sunday,3,11
4829,2024-05-12 21:23:00,Pasta Dental Colgate,Higiene,5.37,2,10.74,6,2024-05-12,21,Sunday,5,19
4830,2024-07-11 15:14:00,Papel Higiénico Elite x4,Higiene,9.1,3,27.3,6,2024-07-11,15,Thursday,7,28
4831,2024-08-01 09:03:00,Coca-Cola 500ml,Bebidas,2.47,2,4.94,2,2024-08-01,9,Thursday,8,31
4832,2024-06-14 08:08:00,Chancay 60g,Panadería,0.5,2,1.0,8,2024-06-14,8,Friday,6,24
4833,2024-01-13 07:36:00,Pañales Huggies T3 x30,Higiene,31.54,2,63.08,6,2024-01-13,7,Saturday,1,2
4834,2024-04-17 21:14:00,Agua San Luis 500ml,Bebidas,1.19,4,4.76,1,2024-04-17,21,Wednesday,4,16
4835,2024-08-13 08:44:00,Harina Blanca Flor 1kg,Abarrotes,3.13,2,6.26,4,2024-08-13,8,Tuesday,8,33
4836,2024-06-01 07:14:00,Fideos Don Vittorio 500g,Abarrotes,2.85,4,11.4,4,2024-06-01,7,Saturday,6,22
4837,2024-01-14 08:45:00,Azúcar Cartavio 1kg,Abarrotes,3.59,3,10.77,5,2024-01-14,8,Sunday,1,2
4838,2024-08-21 08:09:00,Pepsi 500ml,Bebidas,2.26,4,9.04,2,2024-08-21,8,Wednesday,8,34
4839,2024-07-11 20:25:00,Leche Gloria Light 1L,Lácteos,5.02,2,10.04,3,2024-07-11,20,Thursday,7,28
4840,2024-05-05 16:26:00,Fideos Don Vittorio 500g,Abarrotes,2.88,5,14.4,4,2024-05-05,16,Sunday,5,18
4841,2024-08-12 07:33:00,Inca Kola 500ml,Bebidas,2.44,3,7.32,1,2024-08-12,7,Monday,8,33
4842,2024-02-25 14:28:00,Azúcar Cartavio 1kg,Abarrotes,3.43,3,10.29,5,2024-02-25,14,Sunday,2,8
4843,2024-05-17 16:39:00,Mantequilla Gloria 100g,Lácteos,4.25,2,8.5,3,2024-05-17,16,Friday,5,20
4844,2024-07-20 20:22:00,Galletas Oreo 36g,Snacks,1.53,1,1.53,7,2024-07-20,20,Saturday,7,29
4845,2024-07-21 08:49:00,Inca Kola 1.5L,Bebidas,5.58,2,11.16,1,2024-07-21,8,Sunday,7,29
4846,2024-07-05 18:20:00,Pasta Dental Colgate,Higiene,5.35,1,5.35,6,2024-07-05,18,Friday,7,27
4847,2024-02-06 06:36:00,Arroz Costeño 1kg,Abarrotes,3.85,1,3.85,4,2024-02-06,6,Tuesday,2,6
4848,2024-04-20 21:26:00,Pepsi 500ml,Bebidas,2.35,1,2.35,2,2024-04-20,21,Saturday,4,16
4849,2024-03-18 09:31:00,Atún Florida 170g,Conservas,3.98,1,3.98,4,2024-03-18,9,Monday,3,12
4850,2024-03-22 07:45:00,Sardina Florida 425g,Conservas,4.12,2,8.24,4,2024-03-22,7,Friday,3,12
4851,2024-02-01 21:38:00,Sal Marina 1kg,Abarrotes,1.52,2,3.04,5,2024-02-01,21,Thursday,2,5
4852,2024-07-07 21:51:00,Pepsi 500ml,Bebidas,2.36,3,7.08,2,2024-07-07,21,Sunday,7,27
4853,2024-06-08 07:43:00,Azúcar Cartavio 1kg,Abarrotes,3.48,5,17.4,5,2024-06-08,7,Saturday,6,23
4854,2024-03-11 20:47:00,Inca Kola 1.5L,Bebidas,5.62,5,28.1,1,2024-03-11,20,Monday,3,11
4855,2024-02-14 20:21:00,Detergente Ariel 850g,Limpieza,12.27,2,24.54,6,2024-02-14,20,Wednesday,2,7
4856,2024-01-26 13:01:00,Chifles La Doña 80g,Snacks,1.97,2,3.94,7,2024-01-26,13,Friday,1,4
4857,2024-03-04 12:03:00,Jabón Bolivar 230g,Limpieza,2.88,1,2.88,6,2024-03-04,12,Monday,3,10
4858,2024-03-20 07:09:00,Pañales Huggies T4 x28,Higiene,34.53,2,69.06,6,2024-03-20,7,Wednesday,3,12
4859,2024-01-06 17:12:00,Fideos Don Vittorio 500g,Abarrotes,2.74,4,10.96,4,2024-01-06,17,Saturday,1,1
4860,2024-02-28 21:58:00,Sal Marina 1kg,Abarrotes,1.49,1,1.49,5,2024-02-28,21,Wednesday,2,9
4861,2024-03-04 16:06:00,Leche Evaporada Gloria,Lácteos,3.2,1,3.2,3,2024-03-04,16,Monday,3,10
4862,2024-04-03 16:34:00,Agua San Luis 2.5L,Bebidas,3.41,4,13.64,1,2024-04-03,16,Wednesday,4,14
4863,2024-03-09 07:17:00,Queso Edam Gloria 250g,Lácteos,12.24,1,12.24,3,2024-03-09,7,Saturday,3,10
4864,2024-08-30 21:04:00,Atún Florida 170g,Conservas,3.92,1,3.92,4,2024-08-30,21,Friday,8,35
4865,2024-04-05 08:08:00,Aceite Primor 1L,Abarrotes,8.76,3,26.28,4,2024-04-05,8,Friday,4,14
4866,2024-08-28 20:37:00,Coca-Cola 500ml,Bebidas,2.55,1,2.55,2,2024-08-28,20,Wednesday,8,35
4867,2024-08-19 09:47:00,Detergente Ariel 850g,Limpieza,12.67,1,12.67,6,2024-08-19,9,Monday,8,34
4868,2024-06-05 08:39:00,Atún Florida 170g,Conservas,3.99,3,11.97,4,2024-06-05,8,Wednesday,6,23
4869,2024-03-26 16:22:00,Leche Gloria Light 1L,Lácteos,5.03,2,10.06,3,2024-03-26,16,Tuesday,3,13
4870,2024-04-20 11:32:00,Papel Higiénico Elite x4,Higiene,8.98,3,26.94,6,2024-04-20,11,Saturday,4,16
4871,2024-04-14 08:07:00,Fideos Lavaggi 500g,Abarrotes,2.45,4,9.8,4,2024-04-14,8,Sunday,4,15
4872,2024-06-20 17:57:00,Agua San Luis 500ml,Bebidas,1.18,4,4.72,1,2024-06-20,17,Thursday,6,25
4873,2024-01-03 06:29:00,Leche Evaporada Gloria,Lácteos,3.28,2,6.56,3,2024-01-03,6,Wednesday,1,1
4874,2024-01-11 07:20:00,Sardina Florida 425g,Conservas,4.22,3,12.66,4,2024-01-11,7,Thursday,1,2
4875,2024-05-08 19:38:00,Lejía Clorox 900ml,Limpieza,4.49,2,8.98,6,2024-05-08,19,Wednesday,5,19
4876,2024-03-19 07:44:00,Agua San Luis 500ml,Bebidas,1.17,4,4.68,1,2024-03-19,7,Tuesday,3,12
4877,2024-01-11 07:06:00,Chifles La Doña 80g,Snacks,1.95,1,1.95,7,2024-01-11,7,Thursday,1,2
4878,2024-07-14 09:54:00,Harina Blanca Flor 1kg,Abarrotes,3.24,1,3.24,4,2024-07-14,9,Sunday,7,28
4879,2024-05-04 09:34:00,Yogurt Gloria Fresa 1kg,Lácteos,6.39,3,19.17,3,2024-05-04,9,Saturday,5,18
4880,2024-07-23 18:42:00,Fideos Lavaggi 500g,Abarrotes,2.48,1,2.48,4,2024-07-23,18,Tuesday,7,30
4881,2024-05-22 21:32:00,Sal Marina 1kg,Abarrotes,1.52,4,6.08,5,2024-05-22,21,Wednesday,5,21
4882,2024-01-23 21:59:00,Detergente Ariel 850g,Limpieza,12.82,2,25.64,6,2024-01-23,21,Tuesday,1,4
4883,2024-03-30 18:21:00,Coca-Cola 500ml,Bebidas,2.54,4,10.16,2,2024-03-30,18,Saturday,3,13
4884,2024-07-13 08:11:00,Chancay 60g,Panadería,0.49,3,1.47,8,2024-07-13,8,Saturday,7,28
4885,2024-08-31 08:10:00,Galletas Oreo 36g,Snacks,1.52,1,1.52,7,2024-08-31,8,Saturday,8,35
4886,2024-01-29 15:28:00,Pan de Molde Bimbo 500g,Panadería,6.55,1,6.55,8,2024-01-29,15,Monday,1,5
4887,2024-02-23 21:01:00,Pasta Dental Colgate,Higiene,5.51,2,11.02,6,2024-02-23,21,Friday,2,8
4888,2024-05-16 08:38:00,Inca Kola 1.5L,Bebidas,5.65,4,22.6,1,2024-05-16,8,Thursday,5,20
4889,2024-07-13 17:06:00,Sublime 36g,Snacks,1.48,3,4.44,7,2024-07-13,17,Saturday,7,28
4890,2024-06-04 21:29:00,Harina Blanca Flor 1kg,Abarrotes,3.15,1,3.15,4,2024-06-04,21,Tuesday,6,23
4891,2024-03-08 19:24:00,Galletas Oreo 36g,Snacks,1.5,3,4.5,7,2024-03-08,19,Friday,3,10
4892,2024-04-25 21:48:00,Pañales Huggies T3 x30,Higiene,33.27,2,66.54,6,2024-04-25,21,Thursday,4,17
4893,2024-04-18 21:02:00,Agua San Luis 2.5L,Bebidas,3.54,3,10.62,1,2024-04-18,21,Thursday,4,16
4894,2024-07-29 21:15:00,Detergente Ace 850g,Limpieza,11.9,1,11.9,6,2024-07-29,21,Monday,7,31
4895,2024-02-23 10:01:00,Shampoo Head&Shoulders,Higiene,17.98,3,53.94,6,2024-02-23,10,Friday,2,8
4896,2024-05-15 17:27:00,Detergente Ariel 850g,Limpieza,12.69,2,25.38,6,2024-05-15,17,Wednesday,5,20
4897,2024-03-02 21:30:00,Arroz Costeño 5kg,Abarrotes,16.99,2,33.98,4,2024-03-02,21,Saturday,3,9
4898,2024-01-26 21:06:00,Arroz Costeño 1kg,Abarrotes,3.86,5,19.3,4,2024-01-26,21,Friday,1,4
4899,2024-01-28 21:43:00,Pañales Huggies T3 x30,Higiene,31.55,1,31.55,6,2024-01-28,21,Sunday,1,4
4900,2024-02-06 07:08:00,Leche Gloria Entera 1L,Lácteos,4.93,2,9.86,3,2024-02-06,7,Tuesday,2,6
4901,2024-03-27 20:21:00,Harina Blanca Flor 1kg,Abarrotes,3.22,3,9.66,4,2024-03-27,20,Wednesday,3,13
4902,2024-05-09 07:42:00,Coca-Cola 500ml,Bebidas,2.51,5,12.55,2,2024-05-09,7,Thursday,5,19
4903,2024-08-03 08:25:00,Pan de Molde Bimbo 500g,Panadería,6.48,3,19.44,8,2024-08-03,8,Saturday,8,31
4904,2024-05-10 21:24:00,Sublime 36g,Snacks,1.49,1,1.49,7,2024-05-10,21,Friday,5,19
4905,2024-02-21 15:15:00,Inca Kola 500ml,Bebidas,2.46,5,12.3,1,2024-02-21,15,Wednesday,2,8
4906,2024-01-08 07:18:00,Pepsi 500ml,Bebidas,2.27,2,4.54,2,2024-01-08,7,Monday,1,2
4907,2024-06-07 06:31:00,Atún Florida 170g,Conservas,4.01,3,12.03,4,2024-06-07,6,Friday,6,23
4908,2024-01-28 21:20:00,Fideos Lavaggi 500g,Abarrotes,2.49,3,7.47,4,2024-01-28,21,Sunday,1,4
4909,2024-02-09 21:44:00,Lejía Clorox 900ml,Limpieza,4.46,1,4.46,6,2024-02-09,21,Friday,2,6
4910,2024-06-04 11:09:00,Sublime 36g,Snacks,1.47,2,2.94,7,2024-06-04,11,Tuesday,6,23
4911,2024-06-10 20:10:00,Sardina Florida 425g,Conservas,4.14,1,4.14,4,2024-06-10,20,Monday,6,24
4912,2024-02-27 15:02:00,Leche Evaporada Gloria,Lácteos,3.18,2,6.36,3,2024-02-27,15,Tuesday,2,9
4913,2024-04-25 09:11:00,Pasta Dental Colgate,Higiene,5.36,2,10.72,6,2024-04-25,9,Thursday,4,17
4914,2024-05-12 07:52:00,Detergente Ace 850g,Limpieza,11.62,2,23.24,6,2024-05-12,7,Sunday,5,19
4915,2024-08-05 06:21:00,Sublime 36g,Snacks,1.49,1,1.49,7,2024-08-05,6,Monday,8,32
4916,2024-01-12 09:54:00,Pañales Huggies T4 x28,Higiene,33.42,1,33.42,6,2024-01-12,9,Friday,1,2
4917,2024-05-04 21:49:00,Leche Evaporada Gloria,Lácteos,3.2,2,6.4,3,2024-05-04,21,Saturday,5,18
4918,2024-05-29 12:26:00,Coca-Cola 500ml,Bebidas,2.47,1,2.47,2,2024-05-29,12,Wednesday,5,22
4919,2024-04-10 15:19:00,Galletas Oreo 36g,Snacks,1.47,2,2.94,7,2024-04-10,15,Wednesday,4,15
4920,2024-02-10 14:44:00,Yogurt Gloria Fresa 1kg,Lácteos,6.36,3,19.08,3,2024-02-10,14,Saturday,2,6
4921,2024-05-19 12:46:00,Chancay 60g,Panadería,0.49,1,0.49,8,2024-05-19,12,Sunday,5,20
4922,2024-03-01 21:23:00,Pasta Dental Colgate,Higiene,5.41,1,5.41,6,2024-03-01,21,Friday,3,9
4923,2024-08-02 09:58:00,Agua San Luis 500ml,Bebidas,1.17,5,5.85,1,2024-08-02,9,Friday,8,31
4924,2024-04-07 09:58:00,Yogurt Gloria Fresa 1kg,Lácteos,6.61,2,13.22,3,2024-04-07,9,Sunday,4,14
4925,2024-06-20 06:24:00,Sal Marina 1kg,Abarrotes,1.46,1,1.46,5,2024-06-20,6,Thursday,6,25
4926,2024-08-26 08:55:00,Pasta Dental Colgate,Higiene,5.52,3,16.56,6,2024-08-26,8,Monday,8,35
4927,2024-07-31 09:51:00,Leche Gloria Light 1L,Lácteos,4.79,3,14.37,3,2024-07-31,9,Wednesday,7,31
4928,2024-08-04 10:56:00,Sardina Florida 425g,Conservas,4.26,2,8.52,4,2024-08-04,10,Sunday,8,31
4929,2024-05-23 12:18:00,Pañales Huggies T3 x30,Higiene,33.41,1,33.41,6,2024-05-23,12,Thursday,5,21
4930,2024-03-08 07:12:00,Azúcar Cartavio 1kg,Abarrotes,3.5,1,3.5,5,2024-03-08,7,Friday,3,10
4931,2024-08-29 09:19:00,Leche Gloria Light 1L,Lácteos,5.03,1,5.03,3,2024-08-29,9,Thursday,8,35
4932,2024-08-23 09:14:00,Jabón Bolivar 230g,Limpieza,2.77,1,2.77,6,2024-08-23,9,Friday,8,34
4933,2024-04-23 06:19:00,Leche Gloria Light 1L,Lácteos,4.89,2,9.78,3,2024-04-23,6,Tuesday,4,17
4934,2024-04-02 21:50:00,Chifles La Doña 80g,Snacks,2.04,1,2.04,7,2024-04-02,21,Tuesday,4,14
4935,2024-04-26 09:52:00,Lejía Clorox 900ml,Limpieza,4.49,3,13.47,6,2024-04-26,9,Friday,4,17
4936,2024-01-18 07:16:00,Arroz Costeño 5kg,Abarrotes,17.78,3,53.34,4,2024-01-18,7,Thursday,1,3
4937,2024-03-10 20:48:00,Lejía Clorox 900ml,Limpieza,4.49,1,4.49,6,2024-03-10,20,Sunday,3,10
4938,2024-06-02 07:29:00,Galletas Oreo 36g,Snacks,1.48,3,4.44,7,2024-06-02,7,Sunday,6,22
4939,2024-02-24 20:16:00,Azúcar Cartavio 1kg,Abarrotes,3.52,3,10.56,5,2024-02-24,20,Saturday,2,8
4940,2024-06-06 20:00:00,Queso Edam Gloria 250g,Lácteos,12.83,3,38.49,3,2024-06-06,20,Thursday,6,23
4941,2024-06-04 07:25:00,Sal Marina 1kg,Abarrotes,1.48,5,7.4,5,2024-06-04,7,Tuesday,6,23
4942,2024-07-27 15:04:00,Aceite Primor 500ml,Abarrotes,5.3,1,5.3,4,2024-07-27,15,Saturday,7,30
4943,2024-02-27 08:22:00,Inca Kola 1.5L,Bebidas,5.65,2,11.3,1,2024-02-27,8,Tuesday,2,9
4944,2024-01-12 21:15:00,Pan de Molde Bimbo 500g,Panadería,6.57,1,6.57,8,2024-01-12,21,Friday,1,2
4945,2024-01-21 09:38:00,Coca-Cola 500ml,Bebidas,2.52,4,10.08,2,2024-01-21,9,Sunday,1,3
4946,2024-04-14 11:20:00,Harina Blanca Flor 1kg,Abarrotes,3.18,2,6.36,4,2024-04-14,11,Sunday,4,15
4947,2024-08-26 07:17:00,Lejía Clorox 900ml,Limpieza,4.44,2,8.88,6,2024-08-26,7,Monday,8,35
4948,2024-04-12 21:56:00,Sublime 36g,Snacks,1.49,3,4.47,7,2024-04-12,21,Friday,4,15
4949,2024-07-27 21:32:00,Queso Edam Gloria 250g,Lácteos,12.51,2,25.02,3,2024-07-27,21,Saturday,7,30
4950,2024-01-04 13:25:00,Pasta Dental Colgate,Higiene,5.34,1,5.34,6,2024-01-04,13,Thursday,1,1
4951,2024-08-23 20:00:00,Pepsi 500ml,Bebidas,2.29,1,2.29,2,2024-08-23,20,Friday,8,34
4952,2024-06-16 21:38:00,Azúcar Cartavio 1kg,Abarrotes,3.56,2,7.12,5,2024-06-16,21,Sunday,6,24
4953,2024-04-23 20:59:00,Coca-Cola 500ml,Bebidas,2.49,1,2.49,2,2024-04-23,20,Tuesday,4,17
4954,2024-06-29 07:02:00,Mantequilla Gloria 100g,Lácteos,4.23,2,8.46,3,2024-06-29,7,Saturday,6,26
4955,2024-08-24 08:18:00,Aceite Primor 1L,Abarrotes,9.14,1,9.14,4,2024-08-24,8,Saturday,8,34
4956,2024-03-26 19:28:00,Detergente Ariel 850g,Limpieza,12.3,2,24.6,6,2024-03-26,19,Tuesday,3,13
4957,2024-06-19 15:42:00,Azúcar Cartavio 1kg,Abarrotes,3.55,5,17.75,5,2024-06-19,15,Wednesday,6,25
4958,2024-04-05 13:36:00,Jabón Bolivar 230g,Limpieza,2.8,1,2.8,6,2024-04-05,13,Friday,4,14
4959,2024-07-28 07:23:00,Inca Kola 1.5L,Bebidas,5.63,2,11.26,1,2024-07-28,7,Sunday,7,30
4960,2024-03-20 11:24:00,Pepsi 500ml,Bebidas,2.37,4,9.48,2,2024-03-20,11,Wednesday,3,12
4961,2024-07-03 20:47:00,Arroz Costeño 5kg,Abarrotes,17.48,5,87.4,4,2024-07-03,20,Wednesday,7,27
4962,2024-03-01 08:13:00,Pasta Dental Colgate,Higiene,5.62,3,16.86,6,2024-03-01,8,Friday,3,9
4963,2024-06-26 14:32:00,Pañales Huggies T4 x28,Higiene,34.44,2,68.88,6,2024-06-26,14,Wednesday,6,26
4964,2024-08-25 17:54:00,Yogurt Gloria Fresa 1kg,Lácteos,6.45,3,19.35,3,2024-08-25,17,Sunday,8,34
4965,2024-06-18 09:09:00,Jabón Bolivar 230g,Limpieza,2.83,2,5.66,6,2024-06-18,9,Tuesday,6,25
4966,2024-05-21 20:16:00,Lejía Clorox 900ml,Limpieza,4.39,3,13.17,6,2024-05-21,20,Tuesday,5,21
4967,2024-03-11 09:57:00,Sal Marina 1kg,Abarrotes,1.54,4,6.16,5,2024-03-11,9,Monday,3,11
4968,2024-04-22 19:00:00,Lejía Clorox 900ml,Limpieza,4.46,2,8.92,6,2024-04-22,19,Monday,4,17
4969,2024-05-02 16:29:00,Leche Gloria Entera 1L,Lácteos,4.69,3,14.07,3,2024-05-02,16,Thursday,5,18
4970,2024-04-09 07:25:00,Leche Gloria Light 1L,Lácteos,4.99,3,14.97,3,2024-04-09,7,Tuesday,4,15
4971,2024-06-05 08:48:00,Pan de Molde Bimbo 500g,Panadería,6.46,2,12.92,8,2024-06-05,8,Wednesday,6,23
4972,2024-02-23 20:00:00,Papel Higiénico Elite x4,Higiene,9.13,1,9.13,6,2024-02-23,20,Friday,2,8
4973,2024-04-02 20:38:00,Sardina Florida 425g,Conservas,4.13,3,12.39,4,2024-04-02,20,Tuesday,4,14
4974,2024-05-01 09:46:00,Leche Evaporada Gloria,Lácteos,3.29,3,9.87,3,2024-05-01,9,Wednesday,5,18
4975,2024-07-10 10:23:00,Papel Higiénico Elite x4,Higiene,8.7,2,17.4,6,2024-07-10,10,Wednesday,7,28
4976,2024-03-25 07:24:00,Pepsi 500ml,Bebidas,2.23,1,2.23,2,2024-03-25,7,Monday,3,13
4977,2024-07-19 09:42:00,Agua San Luis 2.5L,Bebidas,3.41,1,3.41,1,2024-07-19,9,Friday,7,29
4978,2024-04-18 07:54:00,Sardina Florida 425g,Conservas,4.19,3,12.57,4,2024-04-18,7,Thursday,4,16
4979,2024-03-07 08:08:00,Pan de Molde Bimbo 500g,Panadería,6.64,1,6.64,8,2024-03-07,8,Thursday,3,10
4980,2024-01-13 10:41:00,Inca Kola 500ml,Bebidas,2.5,2,5.0,1,2024-01-13,10,Saturday,1,2
4981,2024-06-19 07:48:00,Atún Florida 170g,Conservas,3.94,3,11.82,4,2024-06-19,7,Wednesday,6,25
4982,2024-08-06 20:12:00,Pan de Molde Bimbo 500g,Panadería,6.67,3,20.01,8,2024-08-06,20,Tuesday,8,32
4983,2024-01-16 08:33:00,Agua San Luis 500ml,Bebidas,1.2,1,1.2,1,2024-01-16,8,Tuesday,1,3
4984,2024-08-30 19:54:00,Pasta Dental Colgate,Higiene,5.65,2,11.3,6,2024-08-30,19,Friday,8,35
4985,2024-01-18 10:04:00,Pañales Huggies T3 x30,Higiene,32.59,3,97.77,6,2024-01-18,10,Thursday,1,3
4986,2024-01-06 20:33:00,Leche Evaporada Gloria,Lácteos,3.29,3,9.87,3,2024-01-06,20,Saturday,1,1
4987,2024-02-01 20:40:00,Harina Blanca Flor 1kg,Abarrotes,3.26,2,6.52,4,2024-02-01,20,Thursday,2,5
4988,2024-02-18 20:44:00,Yogurt Gloria Fresa 1kg,Lácteos,6.48,3,19.44,3,2024-02-18,20,Sunday,2,7
4989,2024-04-18 21:58:00,Sal Marina 1kg,Abarrotes,1.51,5,7.55,5,2024-04-18,21,Thursday,4,16
4990,2024-08-04 21:00:00,Pañales Huggies T3 x30,Higiene,31.81,1,31.81,6,2024-08-04,21,Sunday,8,31
4991,2024-06-19 09:46:00,Mantequilla Gloria 100g,Lácteos,4.24,1,4.24,3,2024-06-19,9,Wednesday,6,25
4992,2024-02-05 10:56:00,Jabón Bolivar 230g,Limpieza,2.85,3,8.55,6,2024-02-05,10,Monday,2,6
4993,2024-08-21 08:56:00,Pasta Dental Colgate,Higiene,5.41,3,16.23,6,2024-08-21,8,Wednesday,8,34
4994,2024-03-07 16:54:00,Queso Edam Gloria 250g,Lácteos,12.83,1,12.83,3,2024-03-07,16,Thursday,3,10
4995,2024-02-17 19:48:00,Sardina Florida 425g,Conservas,4.14,2,8.28,4,2024-02-17,19,Saturday,2,7
4996,2024-03-12 13:51:00,Sublime 36g,Snacks,1.51,3,4.53,7,2024-03-12,13,Tuesday,3,11
4997,2024-04-21 20:04:00,Chancay 60g,Panadería,0.51,2,1.02,8,2024-04-21,20,Sunday,4,16
4998,2024-02-26 08:01:00,Azúcar Cartavio 1kg,Abarrotes,3.54,5,17.7,5,2024-02-26,8,Monday,2,9
4999,2024-03-23 21:05:00,Inca Kola 1.5L,Bebidas,5.44,3,16.32,1,2024-03-23,21,Saturday,3,12
5000,2024-06-01 07:49:00,Detergente Ariel 850g,Limpieza,12.81,3,38.43,6,2024-06-01,7,Saturday,6,22
5001,2024-07-18 21:59:00,Aceite Primor 1L,Abarrotes,8.66,5,43.3,4,2024-07-18,21,Thursday,7,29
5002,2024-05-27 07:01:00,Detergente Ariel 850g,Limpieza,12.67,3,38.01,6,2024-05-27,7,Monday,5,22
5003,2024-03-01 20:26:00,Lejía Clorox 900ml,Limpieza,4.6,1,4.6,6,2024-03-01,20,Friday,3,9
5004,2024-04-11 12:09:00,Papel Higiénico Elite x4,Higiene,8.81,1,8.81,6,2024-04-11,12,Thursday,4,15
5005,2024-01-19 20:11:00,Atún Florida 170g,Conservas,3.86,3,11.58,4,2024-01-19,20,Friday,1,3
5006,2024-05-25 20:49:00,Queso Edam Gloria 250g,Lácteos,12.67,1,12.67,3,2024-05-25,20,Saturday,5,21
5007,2024-02-20 17:31:00,Mantequilla Gloria 100g,Lácteos,4.15,3,12.45,3,2024-02-20,17,Tuesday,2,8
5008,2024-01-18 10:16:00,Detergente Ariel 850g,Limpieza,12.46,3,37.38,6,2024-01-18,10,Thursday,1,3
5009,2024-01-19 09:13:00,Agua San Luis 2.5L,Bebidas,3.6,4,14.4,1,2024-01-19,9,Friday,1,3
5010,2024-01-04 09:27:00,Pasta Dental Colgate,Higiene,5.65,1,5.65,6,2024-01-04,9,Thursday,1,1
5011,2024-06-16 21:06:00,Papel Higiénico Elite x4,Higiene,8.72,1,8.72,6,2024-06-16,21,Sunday,6,24
5012,2024-03-15 11:13:00,Pan de Molde Bimbo 500g,Panadería,6.32,1,6.32,8,2024-03-15,11,Friday,3,11
5013,2024-05-19 08:15:00,Inca Kola 500ml,Bebidas,2.54,1,2.54,1,2024-05-19,8,Sunday,5,20
5014,2024-06-28 07:40:00,Chifles La Doña 80g,Snacks,2.06,2,4.12,7,2024-06-28,7,Friday,6,26
5015,2024-02-05 20:58:00,Pan de Molde Bimbo 500g,Panadería,6.62,1,6.62,8,2024-02-05,20,Monday,2,6
5016,2024-08-15 20:05:00,Coca-Cola 500ml,Bebidas,2.52,2,5.04,2,2024-08-15,20,Thursday,8,33
5017,2024-07-02 21:48:00,Azúcar Cartavio 1kg,Abarrotes,3.51,3,10.53,5,2024-07-02,21,Tuesday,7,27
5018,2024-02-17 07:00:00,Yogurt Gloria Fresa 1kg,Lácteos,6.55,1,6.55,3,2024-02-17,7,Saturday,2,7
5019,2024-05-20 09:30:00,Inca Kola 1.5L,Bebidas,5.61,3,16.83,1,2024-05-20,9,Monday,5,21
5020,2024-04-21 11:31:00,Agua San Luis 500ml,Bebidas,1.21,5,6.05,1,2024-04-21,11,Sunday,4,16
5021,2024-06-10 20:10:00,Arroz Costeño 5kg,Abarrotes,17.74,5,88.7,4,2024-06-10,20,Monday,6,24
5022,2024-03-31 20:01:00,Sardina Florida 425g,Conservas,4.3,2,8.6,4,2024-03-31,20,Sunday,3,13
5023,2024-05-11 08:44:00,Coca-Cola 500ml,Bebidas,2.54,5,12.7,2,2024-05-11,8,Saturday,5,19
5024,2024-02-02 20:13:00,Leche Evaporada Gloria,Lácteos,3.11,3,9.33,3,2024-02-02,20,Friday,2,5
5025,2024-04-17 08:08:00,Arroz Costeño 5kg,Abarrotes,17.23,2,34.46,4,2024-04-17,8,Wednesday,4,16
5026,2024-02-09 13:00:00,Coca-Cola 500ml,Bebidas,2.53,2,5.06,2,2024-02-09,13,Friday,2,6
5027,2024-08-12 14:12:00,Yogurt Gloria Fresa 1kg,Lácteos,6.43,2,12.86,3,2024-08-12,14,Monday,8,33
5028,2024-05-27 08:49:00,Arroz Costeño 5kg,Abarrotes,17.12,5,85.6,4,2024-05-27,8,Monday,5,22
5029,2024-01-08 09:55:00,Pan de Molde Bimbo 500g,Panadería,6.58,2,13.16,8,2024-01-08,9,Monday,1,2
5030,2024-02-01 21:39:00,Azúcar Cartavio 1kg,Abarrotes,3.57,4,14.28,5,2024-02-01,21,Thursday,2,5
5031,2024-07-05 06:15:00,Galletas Oreo 36g,Snacks,1.53,1,1.53,7,2024-07-05,6,Friday,7,27
5032,2024-04-05 08:04:00,Fideos Don Vittorio 500g,Abarrotes,2.78,1,2.78,4,2024-04-05,8,Friday,4,14
5033,2024-04-10 08:00:00,Pañales Huggies T4 x28,Higiene,34.38,1,34.38,6,2024-04-10,8,Wednesday,4,15
5034,2024-03-15 16:35:00,Harina Blanca Flor 1kg,Abarrotes,3.12,1,3.12,4,2024-03-15,16,Friday,3,11
5035,2024-05-05 20:37:00,Leche Gloria Entera 1L,Lácteos,4.9,2,9.8,3,2024-05-05,20,Sunday,5,18
5036,2024-05-12 07:18:00,Aceite Primor 1L,Abarrotes,8.7,1,8.7,4,2024-05-12,7,Sunday,5,19
5037,2024-03-22 19:39:00,Inca Kola 500ml,Bebidas,2.57,5,12.85,1,2024-03-22,19,Friday,3,12
5038,2024-01-26 12:07:00,Pañales Huggies T3 x30,Higiene,33.16,2,66.32,6,2024-01-26,12,Friday,1,4
5039,2024-04-05 07:44:00,Jabón Bolivar 230g,Limpieza,2.74,1,2.74,6,2024-04-05,7,Friday,4,14
5040,2024-08-27 09:53:00,Pan de Molde Bimbo 500g,Panadería,6.38,3,19.14,8,2024-08-27,9,Tuesday,8,35
5041,2024-06-14 21:15:00,Pasta Dental Colgate,Higiene,5.64,2,11.28,6,2024-06-14,21,Friday,6,24
5042,2024-06-28 15:31:00,Pepsi 500ml,Bebidas,2.26,4,9.04,2,2024-06-28,15,Friday,6,26
5043,2024-07-10 12:38:00,Jabón Bolivar 230g,Limpieza,2.72,2,5.44,6,2024-07-10,12,Wednesday,7,28
5044,2024-01-23 08:49:00,Leche Gloria Entera 1L,Lácteos,4.89,1,4.89,3,2024-01-23,8,Tuesday,1,4
5045,2024-05-09 11:29:00,Sardina Florida 425g,Conservas,4.25,2,8.5,4,2024-05-09,11,Thursday,5,19
5046,2024-05-17 07:14:00,Pan de Molde Bimbo 500g,Panadería,6.69,1,6.69,8,2024-05-17,7,Friday,5,20
5047,2024-05-16 13:01:00,Fideos Lavaggi 500g,Abarrotes,2.56,3,7.68,4,2024-05-16,13,Thursday,5,20
5048,2024-07-24 06:45:00,Detergente Ariel 850g,Limpieza,12.48,3,37.44,6,2024-07-24,6,Wednesday,7,30
5049,2024-04-20 08:52:00,Chancay 60g,Panadería,0.49,1,0.49,8,2024-04-20,8,Saturday,4,16
5050,2024-04-04 16:44:00,Azúcar Cartavio 1kg,Abarrotes,3.53,3,10.59,5,2024-04-04,16,Thursday,4,14
5051,2024-06-01 07:20:00,Detergente Ace 850g,Limpieza,12.11,3,36.33,6,2024-06-01,7,Saturday,6,22
5052,2024-04-14 21:31:00,Mantequilla Gloria 100g,Lácteos,4.23,3,12.69,3,2024-04-14,21,Sunday,4,15
5053,2024-01-28 20:37:00,Agua San Luis 2.5L,Bebidas,3.44,5,17.2,1,2024-01-28,20,Sunday,1,4
5054,2024-07-13 21:09:00,Atún Florida 170g,Conservas,3.99,2,7.98,4,2024-07-13,21,Saturday,7,28
5055,2024-07-15 09:05:00,Sardina Florida 425g,Conservas,4.07,2,8.14,4,2024-07-15,9,Monday,7,29
5056,2024-08-16 20:58:00,Mantequilla Gloria 100g,Lácteos,4.28,1,4.28,3,2024-08-16,20,Friday,8,33
5057,2024-08-12 20:11:00,Leche Gloria Entera 1L,Lácteos,4.88,1,4.88,3,2024-08-12,20,Monday,8,33
5058,2024-04-07 18:03:00,Arroz Costeño 1kg,Abarrotes,3.89,1,3.89,4,2024-04-07,18,Sunday,4,14
5059,2024-03-10 20:08:00,Arroz Costeño 1kg,Abarrotes,3.83,5,19.15,4,2024-03-10,20,Sunday,3,10
5060,2024-05-30 13:00:00,Sublime 36g,Snacks,1.54,3,4.62,7,2024-05-30,13,Thursday,5,22
5061,2024-03-12 20:47:00,Galletas Soda Field,Snacks,2.84,1,2.84,7,2024-03-12,20,Tuesday,3,11
5062,2024-06-03 21:36:00,Mantequilla Gloria 100g,Lácteos,4.11,3,12.33,3,2024-06-03,21,Monday,6,23
5063,2024-06-11 16:44:00,Leche Gloria Entera 1L,Lácteos,4.93,2,9.86,3,2024-06-11,16,Tuesday,6,24
5064,2024-02-24 21:47:00,Azúcar Cartavio 1kg,Abarrotes,3.58,5,17.9,5,2024-02-24,21,Saturday,2,8
5065,2024-08-13 17:46:00,Detergente Ariel 850g,Limpieza,12.85,3,38.55,6,2024-08-13,17,Tuesday,8,33
5066,2024-08-08 18:32:00,Pan de Molde Bimbo 500g,Panadería,6.35,3,19.05,8,2024-08-08,18,Thursday,8,32
5067,2024-07-17 09:29:00,Fideos Don Vittorio 500g,Abarrotes,2.83,4,11.32,4,2024-07-17,9,Wednesday,7,29
5068,2024-07-01 06:41:00,Pepsi 500ml,Bebidas,2.3,1,2.3,2,2024-07-01,6,Monday,7,27
5069,2024-05-30 09:39:00,Galletas Soda Field,Snacks,2.83,3,8.49,7,2024-05-30,9,Thursday,5,22
5070,2024-07-19 08:43:00,Atún Florida 170g,Conservas,3.94,3,11.82,4,2024-07-19,8,Friday,7,29
5071,2024-03-11 07:28:00,Atún Florida 170g,Conservas,3.92,2,7.84,4,2024-03-11,7,Monday,3,11
5072,2024-07-09 21:40:00,Aceite Primor 1L,Abarrotes,8.79,3,26.37,4,2024-07-09,21,Tuesday,7,28
5073,2024-03-17 17:36:00,Azúcar Cartavio 1kg,Abarrotes,3.54,1,3.54,5,2024-03-17,17,Sunday,3,11
5074,2024-08-27 14:15:00,Inca Kola 1.5L,Bebidas,5.53,3,16.59,1,2024-08-27,14,Tuesday,8,35
5075,2024-02-23 16:40:00,Chifles La Doña 80g,Snacks,2.03,3,6.09,7,2024-02-23,16,Friday,2,8
5076,2024-07-08 09:45:00,Mantequilla Gloria 100g,Lácteos,4.32,3,12.96,3,2024-07-08,9,Monday,7,28
5077,2024-05-09 20:32:00,Detergente Ace 850g,Limpieza,12.2,1,12.2,6,2024-05-09,20,Thursday,5,19
5078,2024-03-25 20:24:00,Galletas Soda Field,Snacks,2.8,2,5.6,7,2024-03-25,20,Monday,3,13
5079,2024-03-19 21:53:00,Arroz Costeño 5kg,Abarrotes,17.03,2,34.06,4,2024-03-19,21,Tuesday,3,12
5080,2024-06-15 20:29:00,Shampoo Head&Shoulders,Higiene,18.05,2,36.1,6,2024-06-15,20,Saturday,6,24
5081,2024-03-21 06:31:00,Arroz Costeño 1kg,Abarrotes,3.81,5,19.05,4,2024-03-21,6,Thursday,3,12
5082,2024-05-29 07:12:00,Lejía Clorox 900ml,Limpieza,4.56,3,13.68,6,2024-05-29,7,Wednesday,5,22
5083,2024-03-13 07:26:00,Sardina Florida 425g,Conservas,4.22,3,12.66,4,2024-03-13,7,Wednesday,3,11
5084,2024-02-03 16:43:00,Jabón Bolivar 230g,Limpieza,2.84,1,2.84,6,2024-02-03,16,Saturday,2,5
5085,2024-01-23 10:59:00,Azúcar Cartavio 1kg,Abarrotes,3.46,4,13.84,5,2024-01-23,10,Tuesday,1,4
5086,2024-04-27 09:42:00,Aceite Primor 1L,Abarrotes,9.06,3,27.18,4,2024-04-27,9,Saturday,4,17
5087,2024-06-08 21:38:00,Harina Blanca Flor 1kg,Abarrotes,3.14,1,3.14,4,2024-06-08,21,Saturday,6,23
5088,2024-03-03 08:04:00,Leche Evaporada Gloria,Lácteos,3.19,2,6.38,3,2024-03-03,8,Sunday,3,9
5089,2024-08-14 07:45:00,Jabón Bolivar 230g,Limpieza,2.77,2,5.54,6,2024-08-14,7,Wednesday,8,33
5090,2024-06-26 20:58:00,Detergente Ariel 850g,Limpieza,12.15,1,12.15,6,2024-06-26,20,Wednesday,6,26
5091,2024-01-30 20:12:00,Pañales Huggies T3 x30,Higiene,33.43,2,66.86,6,2024-01-30,20,Tuesday,1,5
5092,2024-08-27 17:36:00,Fideos Don Vittorio 500g,Abarrotes,2.85,3,8.55,4,2024-08-27,17,Tuesday,8,35
5093,2024-01-29 09:35:00,Papel Higiénico Elite x4,Higiene,8.77,3,26.31,6,2024-01-29,9,Monday,1,5
5094,2024-06-11 09:46:00,Agua San Luis 2.5L,Bebidas,3.57,1,3.57,1,2024-06-11,9,Tuesday,6,24
5095,2024-01-08 21:06:00,Sardina Florida 425g,Conservas,4.12,1,4.12,4,2024-01-08,21,Monday,1,2
5096,2024-08-20 13:41:00,Yogurt Gloria Fresa 1kg,Lácteos,6.55,3,19.65,3,2024-08-20,13,Tuesday,8,34
5097,2024-04-08 08:35:00,Detergente Ace 850g,Limpieza,11.79,3,35.37,6,2024-04-08,8,Monday,4,15
5098,2024-08-27 08:20:00,Inca Kola 500ml,Bebidas,2.51,3,7.53,1,2024-08-27,8,Tuesday,8,35
5099,2024-02-02 12:45:00,Pepsi 500ml,Bebidas,2.29,3,6.87,2,2024-02-02,12,Friday,2,5
5100,2024-05-07 21:59:00,Galletas Soda Field,Snacks,2.75,1,2.75,7,2024-05-07,21,Tuesday,5,19
5101,2024-05-04 20:36:00,Leche Evaporada Gloria,Lácteos,3.22,3,9.66,3,2024-05-04,20,Saturday,5,18
5102,2024-06-22 07:01:00,Fideos Don Vittorio 500g,Abarrotes,2.75,5,13.75,4,2024-06-22,7,Saturday,6,25
5103,2024-04-12 10:27:00,Sal Marina 1kg,Abarrotes,1.46,5,7.3,5,2024-04-12,10,Friday,4,15
5104,2024-02-08 08:23:00,Aceite Primor 500ml,Abarrotes,5.26,3,15.78,4,2024-02-08,8,Thursday,2,6
5105,2024-01-27 20:27:00,Papel Higiénico Elite x4,Higiene,9.13,3,27.39,6,2024-01-27,20,Saturday,1,4
5106,2024-01-07 08:21:00,Pasta Dental Colgate,Higiene,5.37,3,16.11,6,2024-01-07,8,Sunday,1,1
5107,2024-01-15 07:16:00,Coca-Cola 500ml,Bebidas,2.52,3,7.56,2,2024-01-15,7,Monday,1,3
5108,2024-04-21 11:58:00,Pasta Dental Colgate,Higiene,5.46,1,5.46,6,2024-04-21,11,Sunday,4,16
5109,2024-05-21 13:48:00,Agua San Luis 500ml,Bebidas,1.21,2,2.42,1,2024-05-21,13,Tuesday,5,21
5110,2024-07-08 18:50:00,Agua San Luis 500ml,Bebidas,1.17,5,5.85,1,2024-07-08,18,Monday,7,28
5111,2024-08-05 20:30:00,Inca Kola 500ml,Bebidas,2.45,1,2.45,1,2024-08-05,20,Monday,8,32
5112,2024-01-11 10:56:00,Pañales Huggies T3 x30,Higiene,32.52,1,32.52,6,2024-01-11,10,Thursday,1,2
5113,2024-04-23 11:29:00,Pasta Dental Colgate,Higiene,5.44,1,5.44,6,2024-04-23,11,Tuesday,4,17
5114,2024-03-23 21:50:00,Pan de Molde Bimbo 500g,Panadería,6.65,1,6.65,8,2024-03-23,21,Saturday,3,12
5115,2024-01-16 20:10:00,Yogurt Gloria Fresa 1kg,Lácteos,6.56,3,19.68,3,2024-01-16,20,Tuesday,1,3
5116,2024-01-21 11:26:00,Inca Kola 1.5L,Bebidas,5.52,5,27.6,1,2024-01-21,11,Sunday,1,3
5117,2024-03-07 21:23:00,Harina Blanca Flor 1kg,Abarrotes,3.22,5,16.1,4,2024-03-07,21,Thursday,3,10
5118,2024-07-08 21:26:00,Leche Evaporada Gloria,Lácteos,3.27,1,3.27,3,2024-07-08,21,Monday,7,28
5119,2024-07-28 06:41:00,Pañales Huggies T3 x30,Higiene,33.25,2,66.5,6,2024-07-28,6,Sunday,7,30
5120,2024-04-22 09:16:00,Fideos Don Vittorio 500g,Abarrotes,2.75,3,8.25,4,2024-04-22,9,Monday,4,17
5121,2024-02-25 21:44:00,Pasta Dental Colgate,Higiene,5.49,2,10.98,6,2024-02-25,21,Sunday,2,8
5122,2024-08-19 20:28:00,Pan de Molde Bimbo 500g,Panadería,6.62,1,6.62,8,2024-08-19,20,Monday,8,34
5123,2024-04-16 21:29:00,Fideos Lavaggi 500g,Abarrotes,2.57,1,2.57,4,2024-04-16,21,Tuesday,4,16
5124,2024-02-06 20:58:00,Agua San Luis 2.5L,Bebidas,3.51,2,7.02,1,2024-02-06,20,Tuesday,2,6
5125,2024-04-12 20:32:00,Yogurt Gloria Fresa 1kg,Lácteos,6.65,1,6.65,3,2024-04-12,20,Friday,4,15
5126,2024-06-30 18:16:00,Agua San Luis 500ml,Bebidas,1.2,1,1.2,1,2024-06-30,18,Sunday,6,26
5127,2024-03-28 08:04:00,Inca Kola 500ml,Bebidas,2.57,5,12.85,1,2024-03-28,8,Thursday,3,13
5128,2024-03-26 21:34:00,Coca-Cola 500ml,Bebidas,2.43,5,12.15,2,2024-03-26,21,Tuesday,3,13
5129,2024-01-20 18:24:00,Arroz Costeño 1kg,Abarrotes,3.91,3,11.73,4,2024-01-20,18,Saturday,1,3
5130,2024-08-02 20:09:00,Mantequilla Gloria 100g,Lácteos,4.22,2,8.44,3,2024-08-02,20,Friday,8,31
5131,2024-08-17 07:48:00,Arroz Costeño 1kg,Abarrotes,3.72,3,11.16,4,2024-08-17,7,Saturday,8,33
5132,2024-03-01 14:05:00,Detergente Ace 850g,Limpieza,12.11,2,24.22,6,2024-03-01,14,Friday,3,9
5133,2024-05-27 14:35:00,Agua San Luis 2.5L,Bebidas,3.5,1,3.5,1,2024-05-27,14,Monday,5,22
5134,2024-08-26 21:00:00,Inca Kola 500ml,Bebidas,2.54,5,12.7,1,2024-08-26,21,Monday,8,35
5135,2024-05-04 09:23:00,Papel Higiénico Elite x4,Higiene,8.65,1,8.65,6,2024-05-04,9,Saturday,5,18
5136,2024-06-15 07:30:00,Pasta Dental Colgate,Higiene,5.35,2,10.7,6,2024-06-15,7,Saturday,6,24
5137,2024-02-27 21:46:00,Azúcar Cartavio 1kg,Abarrotes,3.52,4,14.08,5,2024-02-27,21,Tuesday,2,9
5138,2024-06-28 08:26:00,Shampoo Head&Shoulders,Higiene,18.69,1,18.69,6,2024-06-28,8,Friday,6,26
5139,2024-01-18 09:59:00,Sardina Florida 425g,Conservas,4.09,1,4.09,4,2024-01-18,9,Thursday,1,3
5140,2024-01-14 21:35:00,Galletas Oreo 36g,Snacks,1.49,3,4.47,7,2024-01-14,21,Sunday,1,2
5141,2024-01-04 20:22:00,Aceite Primor 500ml,Abarrotes,5.22,3,15.66,4,2024-01-04,20,Thursday,1,1
5142,2024-06-24 13:45:00,Aceite Primor 1L,Abarrotes,8.73,5,43.65,4,2024-06-24,13,Monday,6,26
5143,2024-01-04 11:39:00,Agua San Luis 2.5L,Bebidas,3.47,4,13.88,1,2024-01-04,11,Thursday,1,1
5144,2024-03-09 16:40:00,Galletas Oreo 36g,Snacks,1.53,1,1.53,7,2024-03-09,16,Saturday,3,10
5145,2024-03-23 20:47:00,Pañales Huggies T4 x28,Higiene,33.5,2,67.0,6,2024-03-23,20,Saturday,3,12
5146,2024-03-29 09:43:00,Aceite Primor 1L,Abarrotes,9.04,5,45.2,4,2024-03-29,9,Friday,3,13
5147,2024-06-20 07:18:00,Fideos Don Vittorio 500g,Abarrotes,2.78,1,2.78,4,2024-06-20,7,Thursday,6,25
5148,2024-03-30 12:28:00,Leche Gloria Light 1L,Lácteos,4.76,2,9.52,3,2024-03-30,12,Saturday,3,13
5149,2024-01-24 12:15:00,Detergente Ace 850g,Limpieza,12.21,2,24.42,6,2024-01-24,12,Wednesday,1,4
5150,2024-08-10 21:50:00,Azúcar Cartavio 1kg,Abarrotes,3.55,4,14.2,5,2024-08-10,21,Saturday,8,32
5151,2024-04-07 21:49:00,Shampoo Head&Shoulders,Higiene,18.87,1,18.87,6,2024-04-07,21,Sunday,4,14
5152,2024-03-28 20:51:00,Sardina Florida 425g,Conservas,4.15,2,8.3,4,2024-03-28,20,Thursday,3,13
5153,2024-07-23 21:39:00,Coca-Cola 500ml,Bebidas,2.5,4,10.0,2,2024-07-23,21,Tuesday,7,30
5154,2024-03-11 09:02:00,Agua San Luis 2.5L,Bebidas,3.41,5,17.05,1,2024-03-11,9,Monday,3,11
5155,2024-05-08 21:47:00,Jabón Bolivar 230g,Limpieza,2.83,1,2.83,6,2024-05-08,21,Wednesday,5,19
5156,2024-03-06 07:36:00,Shampoo Head&Shoulders,Higiene,18.59,3,55.77,6,2024-03-06,7,Wednesday,3,10
5157,2024-02-23 08:48:00,Pañales Huggies T4 x28,Higiene,33.63,1,33.63,6,2024-02-23,8,Friday,2,8
5158,2024-07-07 09:57:00,Shampoo Head&Shoulders,Higiene,18.05,1,18.05,6,2024-07-07,9,Sunday,7,27
5159,2024-08-21 17:51:00,Pepsi 500ml,Bebidas,2.36,1,2.36,2,2024-08-21,17,Wednesday,8,34
5160,2024-04-15 16:38:00,Fideos Don Vittorio 500g,Abarrotes,2.85,2,5.7,4,2024-04-15,16,Monday,4,16
5161,2024-03-03 21:07:00,Agua San Luis 500ml,Bebidas,1.21,5,6.05,1,2024-03-03,21,Sunday,3,9
5162,2024-07-28 12:41:00,Pepsi 500ml,Bebidas,2.33,3,6.99,2,2024-07-28,12,Sunday,7,30
5163,2024-01-03 07:56:00,Chancay 60g,Panadería,0.49,1,0.49,8,2024-01-03,7,Wednesday,1,1
5164,2024-03-08 09:31:00,Pañales Huggies T3 x30,Higiene,33.34,3,100.02,6,2024-03-08,9,Friday,3,10
5165,2024-03-26 15:34:00,Inca Kola 500ml,Bebidas,2.55,2,5.1,1,2024-03-26,15,Tuesday,3,13
5166,2024-08-10 21:58:00,Sublime 36g,Snacks,1.53,3,4.59,7,2024-08-10,21,Saturday,8,32
5167,2024-01-17 15:30:00,Yogurt Gloria Fresa 1kg,Lácteos,6.4,3,19.2,3,2024-01-17,15,Wednesday,1,3
5168,2024-03-12 21:00:00,Chancay 60g,Panadería,0.49,2,0.98,8,2024-03-12,21,Tuesday,3,11
5169,2024-08-27 20:30:00,Sal Marina 1kg,Abarrotes,1.54,5,7.7,5,2024-08-27,20,Tuesday,8,35
5170,2024-07-22 08:16:00,Galletas Oreo 36g,Snacks,1.46,2,2.92,7,2024-07-22,8,Monday,7,30
5171,2024-05-07 20:51:00,Aceite Primor 500ml,Abarrotes,5.15,3,15.45,4,2024-05-07,20,Tuesday,5,19
5172,2024-06-08 11:27:00,Yogurt Gloria Fresa 1kg,Lácteos,6.64,2,13.28,3,2024-06-08,11,Saturday,6,23
5173,2024-06-07 20:37:00,Pañales Huggies T4 x28,Higiene,34.05,3,102.15,6,2024-06-07,20,Friday,6,23
5174,2024-03-25 08:32:00,Galletas Oreo 36g,Snacks,1.53,2,3.06,7,2024-03-25,8,Monday,3,13
5175,2024-01-18 07:07:00,Harina Blanca Flor 1kg,Abarrotes,3.28,5,16.4,4,2024-01-18,7,Thursday,1,3
5176,2024-07-03 12:26:00,Leche Evaporada Gloria,Lácteos,3.24,1,3.24,3,2024-07-03,12,Wednesday,7,27
5177,2024-02-16 16:42:00,Pañales Huggies T4 x28,Higiene,35.0,1,35.0,6,2024-02-16,16,Friday,2,7
5178,2024-02-23 07:33:00,Queso Edam Gloria 250g,Lácteos,12.15,3,36.45,3,2024-02-23,7,Friday,2,8
5179,2024-08-03 09:18:00,Yogurt Gloria Fresa 1kg,Lácteos,6.49,2,12.98,3,2024-08-03,9,Saturday,8,31
5180,2024-04-18 17:26:00,Sal Marina 1kg,Abarrotes,1.54,1,1.54,5,2024-04-18,17,Thursday,4,16
5181,2024-04-02 21:08:00,Agua San Luis 500ml,Bebidas,1.21,2,2.42,1,2024-04-02,21,Tuesday,4,14
5182,2024-08-10 20:01:00,Sal Marina 1kg,Abarrotes,1.49,4,5.96,5,2024-08-10,20,Saturday,8,32
5183,2024-05-12 08:14:00,Fideos Don Vittorio 500g,Abarrotes,2.78,1,2.78,4,2024-05-12,8,Sunday,5,19
5184,2024-06-29 09:59:00,Leche Evaporada Gloria,Lácteos,3.15,2,6.3,3,2024-06-29,9,Saturday,6,26
5185,2024-02-24 11:51:00,Pepsi 500ml,Bebidas,2.24,4,8.96,2,2024-02-24,11,Saturday,2,8
5186,2024-06-11 15:19:00,Pañales Huggies T3 x30,Higiene,33.23,2,66.46,6,2024-06-11,15,Tuesday,6,24
5187,2024-04-17 07:51:00,Detergente Ariel 850g,Limpieza,12.22,1,12.22,6,2024-04-17,7,Wednesday,4,16
5188,2024-02-23 20:31:00,Agua San Luis 500ml,Bebidas,1.23,5,6.15,1,2024-02-23,20,Friday,2,8
5189,2024-08-19 20:57:00,Pan de Molde Bimbo 500g,Panadería,6.47,2,12.94,8,2024-08-19,20,Monday,8,34
5190,2024-06-27 17:39:00,Sardina Florida 425g,Conservas,4.16,3,12.48,4,2024-06-27,17,Thursday,6,26
5191,2024-04-06 08:20:00,Papel Higiénico Elite x4,Higiene,9.08,3,27.24,6,2024-04-06,8,Saturday,4,14
5192,2024-05-13 11:40:00,Agua San Luis 2.5L,Bebidas,3.54,5,17.7,1,2024-05-13,11,Monday,5,20
5193,2024-03-27 07:58:00,Aceite Primor 500ml,Abarrotes,5.26,5,26.3,4,2024-03-27,7,Wednesday,3,13
5194,2024-04-20 16:53:00,Lejía Clorox 900ml,Limpieza,4.44,3,13.32,6,2024-04-20,16,Saturday,4,16
5195,2024-08-24 15:11:00,Queso Edam Gloria 250g,Lácteos,12.5,3,37.5,3,2024-08-24,15,Saturday,8,34
5196,2024-06-26 15:28:00,Aceite Primor 1L,Abarrotes,8.81,1,8.81,4,2024-06-26,15,Wednesday,6,26
5197,2024-03-03 07:53:00,Coca-Cola 500ml,Bebidas,2.55,2,5.1,2,2024-03-03,7,Sunday,3,9
5198,2024-05-22 20:05:00,Chancay 60g,Panadería,0.51,3,1.53,8,2024-05-22,20,Wednesday,5,21
5199,2024-02-23 06:13:00,Aceite Primor 1L,Abarrotes,9.14,4,36.56,4,2024-02-23,6,Friday,2,8
5200,2024-04-21 10:50:00,Sublime 36g,Snacks,1.54,2,3.08,7,2024-04-21,10,Sunday,4,16
5201,2024-05-19 21:34:00,Galletas Oreo 36g,Snacks,1.51,3,4.53,7,2024-05-19,21,Sunday,5,20
5202,2024-02-17 21:47:00,Jabón Bolivar 230g,Limpieza,2.88,2,5.76,6,2024-02-17,21,Saturday,2,7
5203,2024-02-08 08:28:00,Sal Marina 1kg,Abarrotes,1.48,5,7.4,5,2024-02-08,8,Thursday,2,6
5204,2024-04-22 06:26:00,Fideos Lavaggi 500g,Abarrotes,2.52,2,5.04,4,2024-04-22,6,Monday,4,17
5205,2024-07-29 09:40:00,Azúcar Cartavio 1kg,Abarrotes,3.57,3,10.71,5,2024-07-29,9,Monday,7,31
5206,2024-05-02 08:11:00,Detergente Ace 850g,Limpieza,12.22,1,12.22,6,2024-05-02,8,Thursday,5,18
5207,2024-08-07 20:31:00,Leche Evaporada Gloria,Lácteos,3.24,3,9.72,3,2024-08-07,20,Wednesday,8,32
5208,2024-01-15 07:21:00,Coca-Cola 500ml,Bebidas,2.48,5,12.4,2,2024-01-15,7,Monday,1,3
5209,2024-04-30 07:49:00,Queso Edam Gloria 250g,Lácteos,12.29,2,24.58,3,2024-04-30,7,Tuesday,4,18
5210,2024-02-13 20:59:00,Leche Evaporada Gloria,Lácteos,3.16,1,3.16,3,2024-02-13,20,Tuesday,2,7
5211,2024-07-20 09:09:00,Aceite Primor 1L,Abarrotes,8.82,3,26.46,4,2024-07-20,9,Saturday,7,29
5212,2024-08-20 20:37:00,Harina Blanca Flor 1kg,Abarrotes,3.28,4,13.12,4,2024-08-20,20,Tuesday,8,34
5213,2024-06-15 07:06:00,Pasta Dental Colgate,Higiene,5.49,2,10.98,6,2024-06-15,7,Saturday,6,24
5214,2024-05-17 08:23:00,Pan de Molde Bimbo 500g,Panadería,6.47,3,19.41,8,2024-05-17,8,Friday,5,20
5215,2024-04-12 20:14:00,Harina Blanca Flor 1kg,Abarrotes,3.18,5,15.9,4,2024-04-12,20,Friday,4,15
5216,2024-04-07 15:17:00,Jabón Bolivar 230g,Limpieza,2.83,3,8.49,6,2024-04-07,15,Sunday,4,14
5217,2024-07-10 21:47:00,Fideos Don Vittorio 500g,Abarrotes,2.75,2,5.5,4,2024-07-10,21,Wednesday,7,28
5218,2024-06-08 11:18:00,Aceite Primor 500ml,Abarrotes,5.23,5,26.15,4,2024-06-08,11,Saturday,6,23
5219,2024-05-16 21:01:00,Detergente Ariel 850g,Limpieza,12.62,1,12.62,6,2024-05-16,21,Thursday,5,20
5220,2024-08-16 09:39:00,Pañales Huggies T4 x28,Higiene,34.9,2,69.8,6,2024-08-16,9,Friday,8,33
5221,2024-08-03 14:10:00,Queso Edam Gloria 250g,Lácteos,12.33,2,24.66,3,2024-08-03,14,Saturday,8,31
5222,2024-04-15 09:38:00,Galletas Soda Field,Snacks,2.75,2,5.5,7,2024-04-15,9,Monday,4,16
5223,2024-02-02 07:14:00,Agua San Luis 2.5L,Bebidas,3.52,2,7.04,1,2024-02-02,7,Friday,2,5
5224,2024-06-26 09:32:00,Inca Kola 1.5L,Bebidas,5.37,4,21.48,1,2024-06-26,9,Wednesday,6,26
5225,2024-02-06 20:22:00,Lejía Clorox 900ml,Limpieza,4.51,2,9.02,6,2024-02-06,20,Tuesday,2,6
5226,2024-03-23 08:02:00,Pepsi 500ml,Bebidas,2.32,5,11.6,2,2024-03-23,8,Saturday,3,12
5227,2024-04-03 12:29:00,Leche Gloria Light 1L,Lácteos,5.0,2,10.0,3,2024-04-03,12,Wednesday,4,14
5228,2024-03-24 20:08:00,Arroz Costeño 1kg,Abarrotes,3.8,4,15.2,4,2024-03-24,20,Sunday,3,12
5229,2024-07-15 21:59:00,Chifles La Doña 80g,Snacks,1.98,2,3.96,7,2024-07-15,21,Monday,7,29
5230,2024-06-17 20:44:00,Pañales Huggies T4 x28,Higiene,34.34,3,103.02,6,2024-06-17,20,Monday,6,25
5231,2024-03-31 16:36:00,Harina Blanca Flor 1kg,Abarrotes,3.22,3,9.66,4,2024-03-31,16,Sunday,3,13
5232,2024-04-04 08:20:00,Detergente Ace 850g,Limpieza,11.71,3,35.13,6,2024-04-04,8,Thursday,4,14
5233,2024-02-04 08:28:00,Lejía Clorox 900ml,Limpieza,4.45,1,4.45,6,2024-02-04,8,Sunday,2,5
5234,2024-08-12 15:57:00,Detergente Ace 850g,Limpieza,11.94,1,11.94,6,2024-08-12,15,Monday,8,33
5235,2024-08-29 08:08:00,Detergente Ariel 850g,Limpieza,12.76,3,38.28,6,2024-08-29,8,Thursday,8,35
5236,2024-02-06 07:29:00,Detergente Ace 850g,Limpieza,12.1,3,36.3,6,2024-02-06,7,Tuesday,2,6
5237,2024-02-11 08:25:00,Chifles La Doña 80g,Snacks,1.98,3,5.94,7,2024-02-11,8,Sunday,2,6
5238,2024-06-05 11:05:00,Agua San Luis 500ml,Bebidas,1.22,3,3.66,1,2024-06-05,11,Wednesday,6,23
5239,2024-05-05 08:20:00,Detergente Ace 850g,Limpieza,11.59,1,11.59,6,2024-05-05,8,Sunday,5,18
5240,2024-01-11 10:30:00,Arroz Costeño 5kg,Abarrotes,17.78,4,71.12,4,2024-01-11,10,Thursday,1,2
5241,2024-04-28 09:46:00,Fideos Don Vittorio 500g,Abarrotes,2.74,5,13.7,4,2024-04-28,9,Sunday,4,17
5242,2024-02-18 17:43:00,Pepsi 500ml,Bebidas,2.25,2,4.5,2,2024-02-18,17,Sunday,2,7
5243,2024-07-20 08:56:00,Agua San Luis 2.5L,Bebidas,3.4,3,10.2,1,2024-07-20,8,Saturday,7,29
5244,2024-05-29 08:14:00,Aceite Primor 500ml,Abarrotes,5.24,3,15.72,4,2024-05-29,8,Wednesday,5,22
5245,2024-05-27 07:51:00,Inca Kola 1.5L,Bebidas,5.61,1,5.61,1,2024-05-27,7,Monday,5,22
5246,2024-04-02 11:22:00,Coca-Cola 500ml,Bebidas,2.51,4,10.04,2,2024-04-02,11,Tuesday,4,14
5247,2024-05-25 07:18:00,Queso Edam Gloria 250g,Lácteos,12.58,2,25.16,3,2024-05-25,7,Saturday,5,21
5248,2024-01-23 09:15:00,Fideos Don Vittorio 500g,Abarrotes,2.77,2,5.54,4,2024-01-23,9,Tuesday,1,4
5249,2024-01-03 09:05:00,Pañales Huggies T3 x30,Higiene,31.92,1,31.92,6,2024-01-03,9,Wednesday,1,1
5250,2024-07-08 13:16:00,Atún Florida 170g,Conservas,3.95,3,11.85,4,2024-07-08,13,Monday,7,28
5251,2024-01-18 09:49:00,Galletas Oreo 36g,Snacks,1.51,3,4.53,7,2024-01-18,9,Thursday,1,3
5252,2024-08-16 21:05:00,Aceite Primor 500ml,Abarrotes,5.2,2,10.4,4,2024-08-16,21,Friday,8,33
5253,2024-07-28 07:09:00,Harina Blanca Flor 1kg,Abarrotes,3.25,1,3.25,4,2024-07-28,7,Sunday,7,30
5254,2024-08-14 12:32:00,Agua San Luis 2.5L,Bebidas,3.6,1,3.6,1,2024-08-14,12,Wednesday,8,33
5255,2024-01-24 08:35:00,Coca-Cola 500ml,Bebidas,2.45,1,2.45,2,2024-01-24,8,Wednesday,1,4
5256,2024-08-31 08:37:00,Sublime 36g,Snacks,1.52,2,3.04,7,2024-08-31,8,Saturday,8,35
5257,2024-07-26 20:07:00,Atún Florida 170g,Conservas,3.81,3,11.43,4,2024-07-26,20,Friday,7,30
5258,2024-08-10 10:04:00,Mantequilla Gloria 100g,Lácteos,4.13,3,12.39,3,2024-08-10,10,Saturday,8,32
5259,2024-04-10 12:06:00,Sardina Florida 425g,Conservas,4.32,2,8.64,4,2024-04-10,12,Wednesday,4,15
5260,2024-07-13 21:31:00,Azúcar Cartavio 1kg,Abarrotes,3.6,1,3.6,5,2024-07-13,21,Saturday,7,28
5261,2024-08-21 20:54:00,Agua San Luis 500ml,Bebidas,1.21,2,2.42,1,2024-08-21,20,Wednesday,8,34
5262,2024-01-24 21:18:00,Mantequilla Gloria 100g,Lácteos,4.15,1,4.15,3,2024-01-24,21,Wednesday,1,4
5263,2024-01-29 07:50:00,Inca Kola 1.5L,Bebidas,5.34,2,10.68,1,2024-01-29,7,Monday,1,5
5264,2024-03-10 14:37:00,Sal Marina 1kg,Abarrotes,1.49,3,4.47,5,2024-03-10,14,Sunday,3,10
5265,2024-01-20 09:30:00,Galletas Soda Field,Snacks,2.77,2,5.54,7,2024-01-20,9,Saturday,1,3
5266,2024-04-26 20:22:00,Galletas Soda Field,Snacks,2.86,3,8.58,7,2024-04-26,20,Friday,4,17
5267,2024-02-08 08:48:00,Pasta Dental Colgate,Higiene,5.4,3,16.2,6,2024-02-08,8,Thursday,2,6
5268,2024-01-07 21:41:00,Papel Higiénico Elite x4,Higiene,9.02,3,27.06,6,2024-01-07,21,Sunday,1,1
5269,2024-06-15 07:20:00,Agua San Luis 2.5L,Bebidas,3.6,4,14.4,1,2024-06-15,7,Saturday,6,24
5270,2024-02-18 18:55:00,Inca Kola 1.5L,Bebidas,5.35,2,10.7,1,2024-02-18,18,Sunday,2,7
5271,2024-08-10 20:22:00,Papel Higiénico Elite x4,Higiene,8.96,3,26.88,6,2024-08-10,20,Saturday,8,32
5272,2024-08-21 18:25:00,Papel Higiénico Elite x4,Higiene,8.96,3,26.88,6,2024-08-21,18,Wednesday,8,34
5273,2024-07-15 09:29:00,Leche Evaporada Gloria,Lácteos,3.11,1,3.11,3,2024-07-15,9,Monday,7,29
5274,2024-07-09 06:50:00,Leche Gloria Entera 1L,Lácteos,4.82,1,4.82,3,2024-07-09,6,Tuesday,7,28
5275,2024-03-11 19:12:00,Agua San Luis 500ml,Bebidas,1.18,2,2.36,1,2024-03-11,19,Monday,3,11
5276,2024-02-25 18:21:00,Atún Florida 170g,Conservas,3.97,3,11.91,4,2024-02-25,18,Sunday,2,8
5277,2024-03-14 12:39:00,Harina Blanca Flor 1kg,Abarrotes,3.15,2,6.3,4,2024-03-14,12,Thursday,3,11
5278,2024-06-02 21:11:00,Jabón Bolivar 230g,Limpieza,2.8,1,2.8,6,2024-06-02,21,Sunday,6,22
5279,2024-08-21 20:43:00,Sardina Florida 425g,Conservas,4.21,2,8.42,4,2024-08-21,20,Wednesday,8,34
5280,2024-07-09 08:55:00,Jabón Bolivar 230g,Limpieza,2.75,1,2.75,6,2024-07-09,8,Tuesday,7,28
5281,2024-08-16 19:50:00,Leche Gloria Light 1L,Lácteos,5.04,1,5.04,3,2024-08-16,19,Friday,8,33
5282,2024-05-12 13:27:00,Atún Florida 170g,Conservas,3.91,2,7.82,4,2024-05-12,13,Sunday,5,19
5283,2024-05-20 12:25:00,Arroz Costeño 5kg,Abarrotes,17.86,5,89.3,4,2024-05-20,12,Monday,5,21
5284,2024-02-07 06:02:00,Arroz Costeño 1kg,Abarrotes,3.84,3,11.52,4,2024-02-07,6,Wednesday,2,6
5285,2024-03-06 21:26:00,Pañales Huggies T3 x30,Higiene,33.28,2,66.56,6,2024-03-06,21,Wednesday,3,10
5286,2024-05-12 21:45:00,Fideos Lavaggi 500g,Abarrotes,2.44,3,7.32,4,2024-05-12,21,Sunday,5,19
5287,2024-05-05 10:02:00,Azúcar Cartavio 1kg,Abarrotes,3.44,4,13.76,5,2024-05-05,10,Sunday,5,18
5288,2024-03-26 20:36:00,Pasta Dental Colgate,Higiene,5.49,2,10.98,6,2024-03-26,20,Tuesday,3,13
5289,2024-02-01 09:19:00,Coca-Cola 500ml,Bebidas,2.5,1,2.5,2,2024-02-01,9,Thursday,2,5
5290,2024-07-10 14:51:00,Leche Gloria Light 1L,Lácteos,4.86,1,4.86,3,2024-07-10,14,Wednesday,7,28
5291,2024-05-19 08:45:00,Aceite Primor 500ml,Abarrotes,5.26,2,10.52,4,2024-05-19,8,Sunday,5,20
5292,2024-01-19 21:07:00,Agua San Luis 500ml,Bebidas,1.19,1,1.19,1,2024-01-19,21,Friday,1,3
5293,2024-08-08 08:04:00,Inca Kola 1.5L,Bebidas,5.51,1,5.51,1,2024-08-08,8,Thursday,8,32
5294,2024-04-12 06:50:00,Aceite Primor 1L,Abarrotes,8.82,3,26.46,4,2024-04-12,6,Friday,4,15
5295,2024-04-07 14:11:00,Fideos Lavaggi 500g,Abarrotes,2.5,4,10.0,4,2024-04-07,14,Sunday,4,14
5296,2024-04-07 21:59:00,Sal Marina 1kg,Abarrotes,1.5,2,3.0,5,2024-04-07,21,Sunday,4,14
5297,2024-03-09 12:18:00,Agua San Luis 2.5L,Bebidas,3.53,3,10.59,1,2024-03-09,12,Saturday,3,10
5298,2024-03-12 17:43:00,Sardina Florida 425g,Conservas,4.27,2,8.54,4,2024-03-12,17,Tuesday,3,11
5299,2024-01-03 07:54:00,Inca Kola 1.5L,Bebidas,5.37,1,5.37,1,2024-01-03,7,Wednesday,1,1
5300,2024-06-13 10:31:00,Pañales Huggies T3 x30,Higiene,33.39,1,33.39,6,2024-06-13,10,Thursday,6,24
5301,2024-04-06 21:58:00,Sublime 36g,Snacks,1.52,2,3.04,7,2024-04-06,21,Saturday,4,14
5302,2024-06-15 20:47:00,Leche Gloria Entera 1L,Lácteos,4.77,1,4.77,3,2024-06-15,20,Saturday,6,24
5303,2024-02-29 20:37:00,Sublime 36g,Snacks,1.53,2,3.06,7,2024-02-29,20,Thursday,2,9
5304,2024-01-06 12:16:00,Shampoo Head&Shoulders,Higiene,18.81,1,18.81,6,2024-01-06,12,Saturday,1,1
5305,2024-01-22 21:02:00,Mantequilla Gloria 100g,Lácteos,4.1,3,12.3,3,2024-01-22,21,Monday,1,4
5306,2024-04-15 14:54:00,Arroz Costeño 1kg,Abarrotes,3.74,1,3.74,4,2024-04-15,14,Monday,4,16
5307,2024-06-09 08:12:00,Sublime 36g,Snacks,1.54,3,4.62,7,2024-06-09,8,Sunday,6,23
5308,2024-01-09 08:11:00,Pasta Dental Colgate,Higiene,5.64,2,11.28,6,2024-01-09,8,Tuesday,1,2
5309,2024-07-01 16:56:00,Jabón Bolivar 230g,Limpieza,2.74,3,8.22,6,2024-07-01,16,Monday,7,27
5310,2024-06-01 14:18:00,Aceite Primor 500ml,Abarrotes,5.28,5,26.4,4,2024-06-01,14,Saturday,6,22
5311,2024-05-27 20:53:00,Pañales Huggies T4 x28,Higiene,34.98,1,34.98,6,2024-05-27,20,Monday,5,22
5312,2024-08-03 17:54:00,Galletas Oreo 36g,Snacks,1.47,2,2.94,7,2024-08-03,17,Saturday,8,31
5313,2024-02-13 20:07:00,Jabón Bolivar 230g,Limpieza,2.88,2,5.76,6,2024-02-13,20,Tuesday,2,7
5314,2024-06-14 12:17:00,Agua San Luis 500ml,Bebidas,1.2,3,3.6,1,2024-06-14,12,Friday,6,24
5315,2024-06-27 11:14:00,Harina Blanca Flor 1kg,Abarrotes,3.23,3,9.69,4,2024-06-27,11,Thursday,6,26
5316,2024-07-01 07:52:00,Pañales Huggies T3 x30,Higiene,32.35,1,32.35,6,2024-07-01,7,Monday,7,27
5317,2024-06-04 20:43:00,Chifles La Doña 80g,Snacks,2.04,3,6.12,7,2024-06-04,20,Tuesday,6,23
5318,2024-01-24 21:35:00,Pepsi 500ml,Bebidas,2.25,1,2.25,2,2024-01-24,21,Wednesday,1,4
5319,2024-06-11 20:25:00,Harina Blanca Flor 1kg,Abarrotes,3.25,1,3.25,4,2024-06-11,20,Tuesday,6,24
5320,2024-01-11 15:35:00,Sal Marina 1kg,Abarrotes,1.46,3,4.38,5,2024-01-11,15,Thursday,1,2
5321,2024-02-14 13:20:00,Harina Blanca Flor 1kg,Abarrotes,3.25,3,9.75,4,2024-02-14,13,Wednesday,2,7
5322,2024-02-21 21:10:00,Chancay 60g,Panadería,0.5,3,1.5,8,2024-02-21,21,Wednesday,2,8
5323,2024-07-01 21:42:00,Galletas Oreo 36g,Snacks,1.51,2,3.02,7,2024-07-01,21,Monday,7,27
5324,2024-02-01 07:58:00,Pan de Molde Bimbo 500g,Panadería,6.47,1,6.47,8,2024-02-01,7,Thursday,2,5
5325,2024-04-06 08:45:00,Sardina Florida 425g,Conservas,4.1,2,8.2,4,2024-04-06,8,Saturday,4,14
5326,2024-03-28 20:56:00,Agua San Luis 2.5L,Bebidas,3.57,1,3.57,1,2024-03-28,20,Thursday,3,13
5327,2024-01-10 14:04:00,Pasta Dental Colgate,Higiene,5.64,3,16.92,6,2024-01-10,14,Wednesday,1,2
5328,2024-07-05 09:26:00,Galletas Soda Field,Snacks,2.73,1,2.73,7,2024-07-05,9,Friday,7,27
5329,2024-03-06 09:41:00,Papel Higiénico Elite x4,Higiene,9.15,1,9.15,6,2024-03-06,9,Wednesday,3,10
5330,2024-08-07 20:48:00,Queso Edam Gloria 250g,Lácteos,12.47,3,37.41,3,2024-08-07,20,Wednesday,8,32
5331,2024-02-14 15:55:00,Atún Florida 170g,Conservas,3.83,2,7.66,4,2024-02-14,15,Wednesday,2,7
5332,2024-08-22 21:45:00,Sublime 36g,Snacks,1.48,1,1.48,7,2024-08-22,21,Thursday,8,34
5333,2024-03-15 21:29:00,Galletas Oreo 36g,Snacks,1.46,1,1.46,7,2024-03-15,21,Friday,3,11
5334,2024-05-23 10:21:00,Pan de Molde Bimbo 500g,Panadería,6.37,1,6.37,8,2024-05-23,10,Thursday,5,21
5335,2024-02-10 09:46:00,Leche Gloria Entera 1L,Lácteos,4.89,3,14.67,3,2024-02-10,9,Saturday,2,6
5336,2024-02-11 18:30:00,Pan de Molde Bimbo 500g,Panadería,6.68,3,20.04,8,2024-02-11,18,Sunday,2,6
5337,2024-06-06 21:26:00,Pepsi 500ml,Bebidas,2.25,1,2.25,2,2024-06-06,21,Thursday,6,23
5338,2024-04-02 12:35:00,Pañales Huggies T4 x28,Higiene,34.67,1,34.67,6,2024-04-02,12,Tuesday,4,14
5339,2024-04-27 08:25:00,Detergente Ace 850g,Limpieza,11.92,3,35.76,6,2024-04-27,8,Saturday,4,17
5340,2024-07-15 06:12:00,Leche Gloria Entera 1L,Lácteos,4.94,3,14.82,3,2024-07-15,6,Monday,7,29
5341,2024-01-03 06:28:00,Galletas Oreo 36g,Snacks,1.53,1,1.53,7,2024-01-03,6,Wednesday,1,1
5342,2024-05-13 19:58:00,Galletas Soda Field,Snacks,2.83,3,8.49,7,2024-05-13,19,Monday,5,20
5343,2024-07-11 13:10:00,Pañales Huggies T4 x28,Higiene,34.0,1,34.0,6,2024-07-11,13,Thursday,7,28
5344,2024-05-26 13:17:00,Coca-Cola 500ml,Bebidas,2.47,5,12.35,2,2024-05-26,13,Sunday,5,21
5345,2024-06-21 19:31:00,Yogurt Gloria Fresa 1kg,Lácteos,6.42,3,19.26,3,2024-06-21,19,Friday,6,25
5346,2024-08-09 20:39:00,Shampoo Head&Shoulders,Higiene,18.33,2,36.66,6,2024-08-09,20,Friday,8,32
5347,2024-07-23 08:51:00,Galletas Oreo 36g,Snacks,1.49,2,2.98,7,2024-07-23,8,Tuesday,7,30
5348,2024-02-04 21:23:00,Shampoo Head&Shoulders,Higiene,18.25,3,54.75,6,2024-02-04,21,Sunday,2,5
5349,2024-02-11 21:37:00,Chifles La Doña 80g,Snacks,2.0,2,4.0,7,2024-02-11,21,Sunday,2,6
5350,2024-03-30 07:12:00,Mantequilla Gloria 100g,Lácteos,4.16,2,8.32,3,2024-03-30,7,Saturday,3,13
5351,2024-07-12 07:27:00,Leche Evaporada Gloria,Lácteos,3.18,1,3.18,3,2024-07-12,7,Friday,7,28
5352,2024-01-15 09:24:00,Azúcar Cartavio 1kg,Abarrotes,3.47,3,10.41,5,2024-01-15,9,Monday,1,3
5353,2024-08-31 20:00:00,Detergente Ace 850g,Limpieza,12.19,3,36.57,6,2024-08-31,20,Saturday,8,35
5354,2024-04-28 14:49:00,Coca-Cola 500ml,Bebidas,2.53,1,2.53,2,2024-04-28,14,Sunday,4,17
5355,2024-03-26 09:21:00,Azúcar Cartavio 1kg,Abarrotes,3.53,2,7.06,5,2024-03-26,9,Tuesday,3,13
5356,2024-04-29 21:23:00,Fideos Lavaggi 500g,Abarrotes,2.44,1,2.44,4,2024-04-29,21,Monday,4,18
5357,2024-02-21 20:03:00,Pan de Molde Bimbo 500g,Panadería,6.62,3,19.86,8,2024-02-21,20,Wednesday,2,8
5358,2024-04-12 19:38:00,Arroz Costeño 5kg,Abarrotes,17.18,2,34.36,4,2024-04-12,19,Friday,4,15
5359,2024-04-21 08:08:00,Galletas Soda Field,Snacks,2.81,1,2.81,7,2024-04-21,8,Sunday,4,16
5360,2024-06-27 20:29:00,Detergente Ariel 850g,Limpieza,12.8,1,12.8,6,2024-06-27,20,Thursday,6,26
5361,2024-05-07 11:21:00,Azúcar Cartavio 1kg,Abarrotes,3.44,5,17.2,5,2024-05-07,11,Tuesday,5,19
5362,2024-02-29 21:52:00,Coca-Cola 500ml,Bebidas,2.43,1,2.43,2,2024-02-29,21,Thursday,2,9
5363,2024-03-20 07:16:00,Queso Edam Gloria 250g,Lácteos,12.28,1,12.28,3,2024-03-20,7,Wednesday,3,12
5364,2024-01-03 07:14:00,Shampoo Head&Shoulders,Higiene,18.7,1,18.7,6,2024-01-03,7,Wednesday,1,1
5365,2024-08-15 12:34:00,Chancay 60g,Panadería,0.5,2,1.0,8,2024-08-15,12,Thursday,8,33
5366,2024-02-02 21:57:00,Agua San Luis 2.5L,Bebidas,3.53,5,17.65,1,2024-02-02,21,Friday,2,5
5367,2024-03-09 21:06:00,Inca Kola 500ml,Bebidas,2.5,5,12.5,1,2024-03-09,21,Saturday,3,10
5368,2024-07-11 09:30:00,Detergente Ace 850g,Limpieza,11.95,2,23.9,6,2024-07-11,9,Thursday,7,28
5369,2024-05-18 09:40:00,Lejía Clorox 900ml,Limpieza,4.44,2,8.88,6,2024-05-18,9,Saturday,5,20
5370,2024-03-19 20:06:00,Detergente Ariel 850g,Limpieza,12.49,2,24.98,6,2024-03-19,20,Tuesday,3,12
5371,2024-07-21 09:42:00,Chancay 60g,Panadería,0.5,1,0.5,8,2024-07-21,9,Sunday,7,29
5372,2024-03-23 07:40:00,Inca Kola 1.5L,Bebidas,5.4,4,21.6,1,2024-03-23,7,Saturday,3,12
5373,2024-05-13 20:16:00,Pañales Huggies T4 x28,Higiene,34.94,3,104.82,6,2024-05-13,20,Monday,5,20
5374,2024-05-22 09:02:00,Sublime 36g,Snacks,1.51,1,1.51,7,2024-05-22,9,Wednesday,5,21
5375,2024-08-21 12:43:00,Pasta Dental Colgate,Higiene,5.36,1,5.36,6,2024-08-21,12,Wednesday,8,34
5376,2024-01-06 07:38:00,Detergente Ace 850g,Limpieza,11.81,3,35.43,6,2024-01-06,7,Saturday,1,1
5377,2024-07-30 17:51:00,Queso Edam Gloria 250g,Lácteos,12.71,2,25.42,3,2024-07-30,17,Tuesday,7,31
5378,2024-02-02 21:27:00,Inca Kola 1.5L,Bebidas,5.62,4,22.48,1,2024-02-02,21,Friday,2,5
5379,2024-04-13 07:25:00,Sublime 36g,Snacks,1.5,3,4.5,7,2024-04-13,7,Saturday,4,15
5380,2024-05-06 20:55:00,Atún Florida 170g,Conservas,3.98,2,7.96,4,2024-05-06,20,Monday,5,19
5381,2024-06-22 20:09:00,Mantequilla Gloria 100g,Lácteos,4.22,3,12.66,3,2024-06-22,20,Saturday,6,25
5382,2024-08-15 13:33:00,Agua San Luis 2.5L,Bebidas,3.43,3,10.29,1,2024-08-15,13,Thursday,8,33
5383,2024-08-07 20:09:00,Yogurt Gloria Fresa 1kg,Lácteos,6.43,1,6.43,3,2024-08-07,20,Wednesday,8,32
5384,2024-07-13 21:18:00,Mantequilla Gloria 100g,Lácteos,4.22,1,4.22,3,2024-07-13,21,Saturday,7,28
5385,2024-02-28 14:39:00,Pañales Huggies T3 x30,Higiene,33.31,2,66.62,6,2024-02-28,14,Wednesday,2,9
5386,2024-01-02 09:22:00,Harina Blanca Flor 1kg,Abarrotes,3.26,3,9.78,4,2024-01-02,9,Tuesday,1,1
5387,2024-04-16 21:12:00,Harina Blanca Flor 1kg,Abarrotes,3.19,1,3.19,4,2024-04-16,21,Tuesday,4,16
5388,2024-05-05 07:09:00,Chifles La Doña 80g,Snacks,2.04,3,6.12,7,2024-05-05,7,Sunday,5,18
5389,2024-06-18 08:13:00,Inca Kola 1.5L,Bebidas,5.56,4,22.24,1,2024-06-18,8,Tuesday,6,25
5390,2024-06-23 11:22:00,Azúcar Cartavio 1kg,Abarrotes,3.53,4,14.12,5,2024-06-23,11,Sunday,6,25
5391,2024-02-22 11:10:00,Pasta Dental Colgate,Higiene,5.4,3,16.2,6,2024-02-22,11,Thursday,2,8
5392,2024-04-25 07:38:00,Chifles La Doña 80g,Snacks,1.99,1,1.99,7,2024-04-25,7,Thursday,4,17
5393,2024-01-02 09:02:00,Papel Higiénico Elite x4,Higiene,8.64,3,25.92,6,2024-01-02,9,Tuesday,1,1
5394,2024-05-12 20:47:00,Pan de Molde Bimbo 500g,Panadería,6.39,2,12.78,8,2024-05-12,20,Sunday,5,19
5395,2024-04-15 21:49:00,Yogurt Gloria Fresa 1kg,Lácteos,6.65,3,19.95,3,2024-04-15,21,Monday,4,16
5396,2024-06-19 21:39:00,Arroz Costeño 1kg,Abarrotes,3.83,3,11.49,4,2024-06-19,21,Wednesday,6,25
5397,2024-01-24 21:50:00,Fideos Lavaggi 500g,Abarrotes,2.54,1,2.54,4,2024-01-24,21,Wednesday,1,4
5398,2024-06-02 07:58:00,Inca Kola 1.5L,Bebidas,5.43,4,21.72,1,2024-06-02,7,Sunday,6,22
5399,2024-06-12 09:00:00,Detergente Ace 850g,Limpieza,11.79,2,23.58,6,2024-06-12,9,Wednesday,6,24
5400,2024-07-27 08:26:00,Galletas Soda Field,Snacks,2.88,2,5.76,7,2024-07-27,8,Saturday,7,30
5401,2024-03-06 12:44:00,Atún Florida 170g,Conservas,3.91,1,3.91,4,2024-03-06,12,Wednesday,3,10
5402,2024-08-13 09:20:00,Pan de Molde Bimbo 500g,Panadería,6.5,1,6.5,8,2024-08-13,9,Tuesday,8,33
5403,2024-01-08 18:27:00,Mantequilla Gloria 100g,Lácteos,4.31,2,8.62,3,2024-01-08,18,Monday,1,2
5404,2024-05-21 09:51:00,Agua San Luis 2.5L,Bebidas,3.55,3,10.65,1,2024-05-21,9,Tuesday,5,21
5405,2024-01-24 13:28:00,Shampoo Head&Shoulders,Higiene,18.22,2,36.44,6,2024-01-24,13,Wednesday,1,4
5406,2024-03-31 08:32:00,Fideos Don Vittorio 500g,Abarrotes,2.82,3,8.46,4,2024-03-31,8,Sunday,3,13
5407,2024-01-11 21:03:00,Chifles La Doña 80g,Snacks,1.97,1,1.97,7,2024-01-11,21,Thursday,1,2
5408,2024-08-08 18:17:00,Chifles La Doña 80g,Snacks,2.04,2,4.08,7,2024-08-08,18,Thursday,8,32
5409,2024-03-08 15:49:00,Aceite Primor 1L,Abarrotes,8.82,2,17.64,4,2024-03-08,15,Friday,3,10
5410,2024-04-13 11:07:00,Sublime 36g,Snacks,1.53,1,1.53,7,2024-04-13,11,Saturday,4,15
5411,2024-04-09 07:32:00,Detergente Ariel 850g,Limpieza,12.17,2,24.34,6,2024-04-09,7,Tuesday,4,15
5412,2024-05-19 08:55:00,Sublime 36g,Snacks,1.49,2,2.98,7,2024-05-19,8,Sunday,5,20
5413,2024-04-07 21:37:00,Harina Blanca Flor 1kg,Abarrotes,3.14,1,3.14,4,2024-04-07,21,Sunday,4,14
5414,2024-03-07 21:27:00,Papel Higiénico Elite x4,Higiene,9.12,3,27.36,6,2024-03-07,21,Thursday,3,10
5415,2024-06-17 08:27:00,Leche Gloria Light 1L,Lácteos,4.81,1,4.81,3,2024-06-17,8,Monday,6,25
5416,2024-07-26 20:46:00,Leche Gloria Light 1L,Lácteos,4.99,3,14.97,3,2024-07-26,20,Friday,7,30
5417,2024-06-27 21:35:00,Papel Higiénico Elite x4,Higiene,9.01,2,18.02,6,2024-06-27,21,Thursday,6,26
5418,2024-06-12 07:02:00,Agua San Luis 500ml,Bebidas,1.17,3,3.51,1,2024-06-12,7,Wednesday,6,24
5419,2024-06-03 07:23:00,Sublime 36g,Snacks,1.53,1,1.53,7,2024-06-03,7,Monday,6,23
5420,2024-07-01 18:00:00,Pañales Huggies T3 x30,Higiene,33.11,1,33.11,6,2024-07-01,18,Monday,7,27
5421,2024-03-21 20:49:00,Chifles La Doña 80g,Snacks,1.96,1,1.96,7,2024-03-21,20,Thursday,3,12
5422,2024-07-20 12:50:00,Jabón Bolivar 230g,Limpieza,2.72,3,8.16,6,2024-07-20,12,Saturday,7,29
5423,2024-01-18 08:51:00,Inca Kola 1.5L,Bebidas,5.62,3,16.86,1,2024-01-18,8,Thursday,1,3
5424,2024-05-18 08:35:00,Leche Gloria Entera 1L,Lácteos,4.77,1,4.77,3,2024-05-18,8,Saturday,5,20
5425,2024-06-02 09:49:00,Agua San Luis 2.5L,Bebidas,3.42,5,17.1,1,2024-06-02,9,Sunday,6,22
5426,2024-06-09 17:02:00,Papel Higiénico Elite x4,Higiene,8.81,2,17.62,6,2024-06-09,17,Sunday,6,23
5427,2024-01-25 13:53:00,Mantequilla Gloria 100g,Lácteos,4.18,3,12.54,3,2024-01-25,13,Thursday,1,4
5428,2024-01-21 21:04:00,Shampoo Head&Shoulders,Higiene,17.95,2,35.9,6,2024-01-21,21,Sunday,1,3
5429,2024-06-13 20:38:00,Inca Kola 500ml,Bebidas,2.53,2,5.06,1,2024-06-13,20,Thursday,6,24
5430,2024-08-20 17:01:00,Pan de Molde Bimbo 500g,Panadería,6.66,2,13.32,8,2024-08-20,17,Tuesday,8,34
5431,2024-06-02 20:37:00,Leche Gloria Entera 1L,Lácteos,4.72,1,4.72,3,2024-06-02,20,Sunday,6,22
5432,2024-01-20 14:36:00,Leche Evaporada Gloria,Lácteos,3.14,2,6.28,3,2024-01-20,14,Saturday,1,3
5433,2024-01-11 14:02:00,Leche Evaporada Gloria,Lácteos,3.11,3,9.33,3,2024-01-11,14,Thursday,1,2
5434,2024-05-02 08:59:00,Arroz Costeño 5kg,Abarrotes,17.5,4,70.0,4,2024-05-02,8,Thursday,5,18
5435,2024-05-22 20:45:00,Sublime 36g,Snacks,1.48,2,2.96,7,2024-05-22,20,Wednesday,5,21
5436,2024-04-09 20:44:00,Inca Kola 500ml,Bebidas,2.56,2,5.12,1,2024-04-09,20,Tuesday,4,15
5437,2024-07-03 07:58:00,Leche Evaporada Gloria,Lácteos,3.29,1,3.29,3,2024-07-03,7,Wednesday,7,27
5438,2024-07-31 20:27:00,Queso Edam Gloria 250g,Lácteos,12.49,2,24.98,3,2024-07-31,20,Wednesday,7,31
5439,2024-02-13 09:27:00,Agua San Luis 2.5L,Bebidas,3.57,1,3.57,1,2024-02-13,9,Tuesday,2,7
5440,2024-05-18 07:42:00,Agua San Luis 500ml,Bebidas,1.23,2,2.46,1,2024-05-18,7,Saturday,5,20
5441,2024-08-11 13:12:00,Azúcar Cartavio 1kg,Abarrotes,3.43,1,3.43,5,2024-08-11,13,Sunday,8,32
5442,2024-05-29 21:37:00,Detergente Ariel 850g,Limpieza,12.81,3,38.43,6,2024-05-29,21,Wednesday,5,22
5443,2024-04-19 13:07:00,Pepsi 500ml,Bebidas,2.34,3,7.02,2,2024-04-19,13,Friday,4,16
5444,2024-06-02 20:54:00,Jabón Bolivar 230g,Limpieza,2.86,1,2.86,6,2024-06-02,20,Sunday,6,22
5445,2024-06-11 08:55:00,Lejía Clorox 900ml,Limpieza,4.38,3,13.14,6,2024-06-11,8,Tuesday,6,24
5446,2024-04-01 07:05:00,Harina Blanca Flor 1kg,Abarrotes,3.13,1,3.13,4,2024-04-01,7,Monday,4,14
5447,2024-08-03 08:00:00,Pepsi 500ml,Bebidas,2.25,5,11.25,2,2024-08-03,8,Saturday,8,31
5448,2024-07-17 09:56:00,Fideos Lavaggi 500g,Abarrotes,2.54,5,12.7,4,2024-07-17,9,Wednesday,7,29
5449,2024-03-06 19:53:00,Fideos Don Vittorio 500g,Abarrotes,2.86,1,2.86,4,2024-03-06,19,Wednesday,3,10
5450,2024-06-26 09:16:00,Agua San Luis 500ml,Bebidas,1.22,1,1.22,1,2024-06-26,9,Wednesday,6,26
5451,2024-08-03 08:36:00,Pan de Molde Bimbo 500g,Panadería,6.41,2,12.82,8,2024-08-03,8,Saturday,8,31
5452,2024-08-12 21:00:00,Mantequilla Gloria 100g,Lácteos,4.25,3,12.75,3,2024-08-12,21,Monday,8,33
5453,2024-07-31 07:26:00,Jabón Bolivar 230g,Limpieza,2.83,1,2.83,6,2024-07-31,7,Wednesday,7,31
5454,2024-03-08 21:38:00,Pasta Dental Colgate,Higiene,5.41,3,16.23,6,2024-03-08,21,Friday,3,10
5455,2024-08-22 07:31:00,Chancay 60g,Panadería,0.49,2,0.98,8,2024-08-22,7,Thursday,8,34
5456,2024-01-21 20:18:00,Fideos Lavaggi 500g,Abarrotes,2.48,5,12.4,4,2024-01-21,20,Sunday,1,3
5457,2024-08-20 21:54:00,Shampoo Head&Shoulders,Higiene,18.69,1,18.69,6,2024-08-20,21,Tuesday,8,34
5458,2024-03-14 21:38:00,Chancay 60g,Panadería,0.51,1,0.51,8,2024-03-14,21,Thursday,3,11
5459,2024-02-19 08:54:00,Detergente Ariel 850g,Limpieza,12.5,2,25.0,6,2024-02-19,8,Monday,2,8
5460,2024-06-10 21:18:00,Sublime 36g,Snacks,1.52,3,4.56,7,2024-06-10,21,Monday,6,24
5461,2024-03-22 06:08:00,Sublime 36g,Snacks,1.49,3,4.47,7,2024-03-22,6,Friday,3,12
5462,2024-04-09 08:24:00,Shampoo Head&Shoulders,Higiene,18.8,1,18.8,6,2024-04-09,8,Tuesday,4,15
5463,2024-04-12 20:19:00,Chancay 60g,Panadería,0.5,3,1.5,8,2024-04-12,20,Friday,4,15
5464,2024-07-25 19:30:00,Fideos Lavaggi 500g,Abarrotes,2.44,1,2.44,4,2024-07-25,19,Thursday,7,30
5465,2024-04-06 08:47:00,Detergente Ace 850g,Limpieza,12.13,2,24.26,6,2024-04-06,8,Saturday,4,14
5466,2024-01-12 08:52:00,Harina Blanca Flor 1kg,Abarrotes,3.29,4,13.16,4,2024-01-12,8,Friday,1,2
5467,2024-01-23 10:20:00,Arroz Costeño 5kg,Abarrotes,17.26,2,34.52,4,2024-01-23,10,Tuesday,1,4
5468,2024-03-28 09:24:00,Arroz Costeño 1kg,Abarrotes,3.69,1,3.69,4,2024-03-28,9,Thursday,3,13
5469,2024-07-09 15:38:00,Sardina Florida 425g,Conservas,4.3,2,8.6,4,2024-07-09,15,Tuesday,7,28
5470,2024-02-16 07:21:00,Shampoo Head&Shoulders,Higiene,17.95,1,17.95,6,2024-02-16,7,Friday,2,7
5471,2024-08-20 13:21:00,Detergente Ace 850g,Limpieza,12.09,1,12.09,6,2024-08-20,13,Tuesday,8,34
5472,2024-07-03 08:23:00,Arroz Costeño 1kg,Abarrotes,3.69,4,14.76,4,2024-07-03,8,Wednesday,7,27
5473,2024-03-14 13:09:00,Azúcar Cartavio 1kg,Abarrotes,3.55,2,7.1,5,2024-03-14,13,Thursday,3,11
5474,2024-01-02 10:58:00,Leche Gloria Light 1L,Lácteos,4.83,3,14.49,3,2024-01-02,10,Tuesday,1,1
5475,2024-08-15 09:50:00,Fideos Don Vittorio 500g,Abarrotes,2.87,3,8.61,4,2024-08-15,9,Thursday,8,33
5476,2024-03-12 21:32:00,Agua San Luis 500ml,Bebidas,1.18,2,2.36,1,2024-03-12,21,Tuesday,3,11
5477,2024-06-23 20:56:00,Arroz Costeño 1kg,Abarrotes,3.82,4,15.28,4,2024-06-23,20,Sunday,6,25
5478,2024-02-08 15:02:00,Chancay 60g,Panadería,0.49,1,0.49,8,2024-02-08,15,Thursday,2,6
5479,2024-04-19 10:14:00,Leche Gloria Light 1L,Lácteos,4.82,1,4.82,3,2024-04-19,10,Friday,4,16
5480,2024-08-09 08:32:00,Mantequilla Gloria 100g,Lácteos,4.24,1,4.24,3,2024-08-09,8,Friday,8,32
5481,2024-07-24 18:09:00,Coca-Cola 500ml,Bebidas,2.45,3,7.35,2,2024-07-24,18,Wednesday,7,30
5482,2024-03-29 19:51:00,Pañales Huggies T3 x30,Higiene,32.85,1,32.85,6,2024-03-29,19,Friday,3,13
5483,2024-05-09 21:49:00,Detergente Ace 850g,Limpieza,12.16,2,24.32,6,2024-05-09,21,Thursday,5,19
5484,2024-02-24 15:32:00,Pañales Huggies T3 x30,Higiene,33.38,3,100.14,6,2024-02-24,15,Saturday,2,8
5485,2024-02-20 21:52:00,Yogurt Gloria Fresa 1kg,Lácteos,6.36,3,19.08,3,2024-02-20,21,Tuesday,2,8
5486,2024-03-16 10:40:00,Atún Florida 170g,Conservas,3.83,2,7.66,4,2024-03-16,10,Saturday,3,11
5487,2024-01-18 11:35:00,Leche Gloria Light 1L,Lácteos,4.85,1,4.85,3,2024-01-18,11,Thursday,1,3
5488,2024-03-05 20:35:00,Sal Marina 1kg,Abarrotes,1.47,5,7.35,5,2024-03-05,20,Tuesday,3,10
5489,2024-02-10 08:28:00,Galletas Oreo 36g,Snacks,1.5,2,3.0,7,2024-02-10,8,Saturday,2,6
5490,2024-08-22 20:34:00,Lejía Clorox 900ml,Limpieza,4.51,1,4.51,6,2024-08-22,20,Thursday,8,34
5491,2024-03-17 21:05:00,Galletas Soda Field,Snacks,2.83,3,8.49,7,2024-03-17,21,Sunday,3,11
5492,2024-06-09 20:04:00,Pepsi 500ml,Bebidas,2.33,2,4.66,2,2024-06-09,20,Sunday,6,23
5493,2024-05-22 20:06:00,Lejía Clorox 900ml,Limpieza,4.57,2,9.14,6,2024-05-22,20,Wednesday,5,21
5494,2024-04-11 09:41:00,Leche Evaporada Gloria,Lácteos,3.2,1,3.2,3,2024-04-11,9,Thursday,4,15
5495,2024-07-01 08:16:00,Harina Blanca Flor 1kg,Abarrotes,3.15,3,9.45,4,2024-07-01,8,Monday,7,27
5496,2024-01-04 08:17:00,Leche Gloria Light 1L,Lácteos,4.86,2,9.72,3,2024-01-04,8,Thursday,1,1
5497,2024-07-20 18:59:00,Queso Edam Gloria 250g,Lácteos,12.39,2,24.78,3,2024-07-20,18,Saturday,7,29
5498,2024-03-20 07:13:00,Pasta Dental Colgate,Higiene,5.53,1,5.53,6,2024-03-20,7,Wednesday,3,12
5499,2024-01-25 17:14:00,Galletas Oreo 36g,Snacks,1.53,1,1.53,7,2024-01-25,17,Thursday,1,4
5500,2024-07-20 20:10:00,Fideos Lavaggi 500g,Abarrotes,2.49,5,12.45,4,2024-07-20,20,Saturday,7,29
5501,2024-01-08 07:47:00,Pasta Dental Colgate,Higiene,5.6,1,5.6,6,2024-01-08,7,Monday,1,2
5502,2024-02-27 09:38:00,Atún Florida 170g,Conservas,3.87,2,7.74,4,2024-02-27,9,Tuesday,2,9
5503,2024-06-28 21:40:00,Chancay 60g,Panadería,0.51,1,0.51,8,2024-06-28,21,Friday,6,26
5504,2024-05-09 08:32:00,Sublime 36g,Snacks,1.46,2,2.92,7,2024-05-09,8,Thursday,5,19
5505,2024-01-30 20:31:00,Leche Evaporada Gloria,Lácteos,3.15,3,9.45,3,2024-01-30,20,Tuesday,1,5
5506,2024-04-21 13:32:00,Pasta Dental Colgate,Higiene,5.5,1,5.5,6,2024-04-21,13,Sunday,4,16
5507,2024-05-29 12:13:00,Harina Blanca Flor 1kg,Abarrotes,3.13,1,3.13,4,2024-05-29,12,Wednesday,5,22
5508,2024-02-28 16:16:00,Aceite Primor 500ml,Abarrotes,5.06,5,25.3,4,2024-02-28,16,Wednesday,2,9
5509,2024-01-04 07:43:00,Shampoo Head&Shoulders,Higiene,19.03,1,19.03,6,2024-01-04,7,Thursday,1,1
5510,2024-02-25 20:19:00,Sublime 36g,Snacks,1.5,2,3.0,7,2024-02-25,20,Sunday,2,8
5511,2024-03-06 07:14:00,Galletas Soda Field,Snacks,2.78,2,5.56,7,2024-03-06,7,Wednesday,3,10
5512,2024-04-12 09:28:00,Detergente Ariel 850g,Limpieza,12.85,2,25.7,6,2024-04-12,9,Friday,4,15
5513,2024-02-11 10:07:00,Leche Evaporada Gloria,Lácteos,3.26,1,3.26,3,2024-02-11,10,Sunday,2,6
5514,2024-02-02 07:54:00,Chancay 60g,Panadería,0.5,3,1.5,8,2024-02-02,7,Friday,2,5
5515,2024-02-12 21:48:00,Chancay 60g,Panadería,0.49,2,0.98,8,2024-02-12,21,Monday,2,7
5516,2024-06-30 12:12:00,Fideos Don Vittorio 500g,Abarrotes,2.87,1,2.87,4,2024-06-30,12,Sunday,6,26
5517,2024-06-13 19:36:00,Detergente Ace 850g,Limpieza,12.02,1,12.02,6,2024-06-13,19,Thursday,6,24
5518,2024-08-18 21:02:00,Coca-Cola 500ml,Bebidas,2.51,3,7.53,2,2024-08-18,21,Sunday,8,33
5519,2024-01-25 08:41:00,Azúcar Cartavio 1kg,Abarrotes,3.44,3,10.32,5,2024-01-25,8,Thursday,1,4
5520,2024-05-13 14:37:00,Jabón Bolivar 230g,Limpieza,2.73,3,8.19,6,2024-05-13,14,Monday,5,20
5521,2024-06-17 21:22:00,Sublime 36g,Snacks,1.47,1,1.47,7,2024-06-17,21,Monday,6,25
5522,2024-02-16 08:47:00,Fideos Don Vittorio 500g,Abarrotes,2.79,2,5.58,4,2024-02-16,8,Friday,2,7
5523,2024-05-01 06:19:00,Agua San Luis 2.5L,Bebidas,3.54,5,17.7,1,2024-05-01,6,Wednesday,5,18
5524,2024-07-21 20:05:00,Azúcar Cartavio 1kg,Abarrotes,3.55,4,14.2,5,2024-07-21,20,Sunday,7,29
5525,2024-03-30 17:36:00,Queso Edam Gloria 250g,Lácteos,12.25,2,24.5,3,2024-03-30,17,Saturday,3,13
5526,2024-05-07 12:58:00,Sal Marina 1kg,Abarrotes,1.47,1,1.47,5,2024-05-07,12,Tuesday,5,19
5527,2024-02-19 18:21:00,Pañales Huggies T3 x30,Higiene,32.49,3,97.47,6,2024-02-19,18,Monday,2,8
5528,2024-04-12 21:30:00,Galletas Soda Field,Snacks,2.78,2,5.56,7,2024-04-12,21,Friday,4,15
5529,2024-04-02 19:04:00,Arroz Costeño 5kg,Abarrotes,17.85,2,35.7,4,2024-04-02,19,Tuesday,4,14
5530,2024-01-23 20:37:00,Atún Florida 170g,Conservas,3.83,2,7.66,4,2024-01-23,20,Tuesday,1,4
5531,2024-01-07 15:11:00,Pan de Molde Bimbo 500g,Panadería,6.61,2,13.22,8,2024-01-07,15,Sunday,1,1
5532,2024-02-19 09:00:00,Leche Evaporada Gloria,Lácteos,3.26,3,9.78,3,2024-02-19,9,Monday,2,8
5533,2024-01-30 20:02:00,Papel Higiénico Elite x4,Higiene,8.67,1,8.67,6,2024-01-30,20,Tuesday,1,5
5534,2024-06-05 08:33:00,Azúcar Cartavio 1kg,Abarrotes,3.46,1,3.46,5,2024-06-05,8,Wednesday,6,23
5535,2024-07-10 08:31:00,Aceite Primor 500ml,Abarrotes,5.09,5,25.45,4,2024-07-10,8,Wednesday,7,28
5536,2024-03-07 06:05:00,Agua San Luis 500ml,Bebidas,1.23,1,1.23,1,2024-03-07,6,Thursday,3,10
5537,2024-08-31 21:49:00,Sublime 36g,Snacks,1.53,2,3.06,7,2024-08-31,21,Saturday,8,35
5538,2024-03-20 08:21:00,Inca Kola 1.5L,Bebidas,5.41,4,21.64,1,2024-03-20,8,Wednesday,3,12
5539,2024-04-07 21:29:00,Inca Kola 1.5L,Bebidas,5.46,2,10.92,1,2024-04-07,21,Sunday,4,14
5540,2024-01-10 18:07:00,Aceite Primor 500ml,Abarrotes,5.29,1,5.29,4,2024-01-10,18,Wednesday,1,2
5541,2024-04-27 08:14:00,Arroz Costeño 1kg,Abarrotes,3.7,2,7.4,4,2024-04-27,8,Saturday,4,17
5542,2024-07-23 21:10:00,Chifles La Doña 80g,Snacks,2.05,2,4.1,7,2024-07-23,21,Tuesday,7,30
5543,2024-01-27 17:23:00,Galletas Oreo 36g,Snacks,1.49,3,4.47,7,2024-01-27,17,Saturday,1,4
5544,2024-02-10 21:29:00,Arroz Costeño 1kg,Abarrotes,3.71,1,3.71,4,2024-02-10,21,Saturday,2,6
5545,2024-03-19 09:53:00,Jabón Bolivar 230g,Limpieza,2.83,2,5.66,6,2024-03-19,9,Tuesday,3,12
5546,2024-06-09 19:00:00,Arroz Costeño 5kg,Abarrotes,17.42,5,87.1,4,2024-06-09,19,Sunday,6,23
5547,2024-04-14 21:48:00,Jabón Bolivar 230g,Limpieza,2.72,1,2.72,6,2024-04-14,21,Sunday,4,15
5548,2024-03-28 21:12:00,Sublime 36g,Snacks,1.5,2,3.0,7,2024-03-28,21,Thursday,3,13
5549,2024-08-08 15:53:00,Galletas Oreo 36g,Snacks,1.54,1,1.54,7,2024-08-08,15,Thursday,8,32
5550,2024-08-06 21:56:00,Arroz Costeño 1kg,Abarrotes,3.7,4,14.8,4,2024-08-06,21,Tuesday,8,32
5551,2024-02-21 08:53:00,Lejía Clorox 900ml,Limpieza,4.54,2,9.08,6,2024-02-21,8,Wednesday,2,8
5552,2024-06-01 21:47:00,Detergente Ariel 850g,Limpieza,12.51,2,25.02,6,2024-06-01,21,Saturday,6,22
5553,2024-04-08 14:28:00,Lejía Clorox 900ml,Limpieza,4.39,3,13.17,6,2024-04-08,14,Monday,4,15
5554,2024-08-03 13:17:00,Detergente Ariel 850g,Limpieza,12.81,2,25.62,6,2024-08-03,13,Saturday,8,31
5555,2024-06-14 09:08:00,Sardina Florida 425g,Conservas,4.08,2,8.16,4,2024-06-14,9,Friday,6,24
5556,2024-03-02 20:38:00,Detergente Ace 850g,Limpieza,11.55,3,34.65,6,2024-03-02,20,Saturday,3,9
5557,2024-06-22 18:20:00,Fideos Lavaggi 500g,Abarrotes,2.52,2,5.04,4,2024-06-22,18,Saturday,6,25
5558,2024-03-26 13:28:00,Fideos Don Vittorio 500g,Abarrotes,2.76,3,8.28,4,2024-03-26,13,Tuesday,3,13
5559,2024-07-16 06:23:00,Coca-Cola 500ml,Bebidas,2.5,2,5.0,2,2024-07-16,6,Tuesday,7,29
5560,2024-07-05 21:37:00,Arroz Costeño 1kg,Abarrotes,3.73,2,7.46,4,2024-07-05,21,Friday,7,27
5561,2024-03-04 21:19:00,Leche Gloria Light 1L,Lácteos,4.91,3,14.73,3,2024-03-04,21,Monday,3,10
5562,2024-07-26 21:14:00,Fideos Lavaggi 500g,Abarrotes,2.46,4,9.84,4,2024-07-26,21,Friday,7,30
5563,2024-01-23 21:13:00,Fideos Lavaggi 500g,Abarrotes,2.55,2,5.1,4,2024-01-23,21,Tuesday,1,4
5564,2024-08-02 07:02:00,Fideos Don Vittorio 500g,Abarrotes,2.78,2,5.56,4,2024-08-02,7,Friday,8,31
5565,2024-02-28 20:40:00,Sublime 36g,Snacks,1.49,3,4.47,7,2024-02-28,20,Wednesday,2,9
5566,2024-08-16 08:29:00,Arroz Costeño 1kg,Abarrotes,3.83,3,11.49,4,2024-08-16,8,Friday,8,33
5567,2024-06-26 18:55:00,Fideos Lavaggi 500g,Abarrotes,2.54,4,10.16,4,2024-06-26,18,Wednesday,6,26
5568,2024-02-25 10:57:00,Sal Marina 1kg,Abarrotes,1.47,4,5.88,5,2024-02-25,10,Sunday,2,8
5569,2024-06-07 20:21:00,Mantequilla Gloria 100g,Lácteos,4.11,3,12.33,3,2024-06-07,20,Friday,6,23
5570,2024-06-30 15:52:00,Pepsi 500ml,Bebidas,2.24,1,2.24,2,2024-06-30,15,Sunday,6,26
5571,2024-01-06 08:27:00,Agua San Luis 2.5L,Bebidas,3.5,1,3.5,1,2024-01-06,8,Saturday,1,1
5572,2024-01-29 16:07:00,Chancay 60g,Panadería,0.49,2,0.98,8,2024-01-29,16,Monday,1,5
5573,2024-03-08 20:30:00,Sublime 36g,Snacks,1.51,3,4.53,7,2024-03-08,20,Friday,3,10
5574,2024-05-12 07:55:00,Arroz Costeño 1kg,Abarrotes,3.78,1,3.78,4,2024-05-12,7,Sunday,5,19
5575,2024-03-05 08:28:00,Fideos Don Vittorio 500g,Abarrotes,2.76,3,8.28,4,2024-03-05,8,Tuesday,3,10
5576,2024-05-15 16:01:00,Galletas Oreo 36g,Snacks,1.52,2,3.04,7,2024-05-15,16,Wednesday,5,20
5577,2024-04-14 08:01:00,Aceite Primor 500ml,Abarrotes,5.31,4,21.24,4,2024-04-14,8,Sunday,4,15
5578,2024-03-26 21:03:00,Galletas Oreo 36g,Snacks,1.46,2,2.92,7,2024-03-26,21,Tuesday,3,13
5579,2024-06-23 11:38:00,Chancay 60g,Panadería,0.49,1,0.49,8,2024-06-23,11,Sunday,6,25
5580,2024-08-24 07:36:00,Papel Higiénico Elite x4,Higiene,8.7,1,8.7,6,2024-08-24,7,Saturday,8,34
5581,2024-04-28 09:41:00,Galletas Soda Field,Snacks,2.8,3,8.4,7,2024-04-28,9,Sunday,4,17
5582,2024-06-21 09:13:00,Atún Florida 170g,Conservas,3.9,1,3.9,4,2024-06-21,9,Friday,6,25
5583,2024-04-24 09:32:00,Chifles La Doña 80g,Snacks,2.0,1,2.0,7,2024-04-24,9,Wednesday,4,17
5584,2024-07-13 08:54:00,Agua San Luis 500ml,Bebidas,1.17,3,3.51,1,2024-07-13,8,Saturday,7,28
5585,2024-07-28 20:31:00,Inca Kola 1.5L,Bebidas,5.65,1,5.65,1,2024-07-28,20,Sunday,7,30
5586,2024-02-22 15:28:00,Sublime 36g,Snacks,1.52,3,4.56,7,2024-02-22,15,Thursday,2,8
5587,2024-02-20 13:16:00,Chifles La Doña 80g,Snacks,2.04,3,6.12,7,2024-02-20,13,Tuesday,2,8
5588,2024-04-28 08:42:00,Detergente Ariel 850g,Limpieza,12.64,2,25.28,6,2024-04-28,8,Sunday,4,17
5589,2024-08-10 08:39:00,Inca Kola 500ml,Bebidas,2.5,2,5.0,1,2024-08-10,8,Saturday,8,32
5590,2024-01-15 12:07:00,Chifles La Doña 80g,Snacks,2.01,2,4.02,7,2024-01-15,12,Monday,1,3
5591,2024-03-03 18:51:00,Chifles La Doña 80g,Snacks,1.97,2,3.94,7,2024-03-03,18,Sunday,3,9
5592,2024-04-19 21:47:00,Agua San Luis 2.5L,Bebidas,3.5,5,17.5,1,2024-04-19,21,Friday,4,16
5593,2024-08-30 08:56:00,Fideos Lavaggi 500g,Abarrotes,2.51,1,2.51,4,2024-08-30,8,Friday,8,35
5594,2024-08-18 20:01:00,Mantequilla Gloria 100g,Lácteos,4.32,1,4.32,3,2024-08-18,20,Sunday,8,33
5595,2024-04-28 17:27:00,Coca-Cola 500ml,Bebidas,2.55,1,2.55,2,2024-04-28,17,Sunday,4,17
5596,2024-02-09 20:07:00,Jabón Bolivar 230g,Limpieza,2.78,3,8.34,6,2024-02-09,20,Friday,2,6
5597,2024-08-01 07:57:00,Arroz Costeño 5kg,Abarrotes,17.61,2,35.22,4,2024-08-01,7,Thursday,8,31
5598,2024-04-07 07:38:00,Papel Higiénico Elite x4,Higiene,9.12,1,9.12,6,2024-04-07,7,Sunday,4,14
5599,2024-08-05 17:16:00,Detergente Ariel 850g,Limpieza,12.86,1,12.86,6,2024-08-05,17,Monday,8,32
5600,2024-04-22 09:51:00,Inca Kola 1.5L,Bebidas,5.43,3,16.29,1,2024-04-22,9,Monday,4,17
5601,2024-07-24 08:13:00,Pepsi 500ml,Bebidas,2.23,2,4.46,2,2024-07-24,8,Wednesday,7,30
5602,2024-08-09 17:13:00,Yogurt Gloria Fresa 1kg,Lácteos,6.52,1,6.52,3,2024-08-09,17,Friday,8,32
5603,2024-01-02 07:12:00,Sardina Florida 425g,Conservas,4.24,1,4.24,4,2024-01-02,7,Tuesday,1,1
5604,2024-02-05 18:59:00,Chancay 60g,Panadería,0.49,3,1.47,8,2024-02-05,18,Monday,2,6
5605,2024-03-18 20:50:00,Pepsi 500ml,Bebidas,2.31,1,2.31,2,2024-03-18,20,Monday,3,12
5606,2024-08-20 15:33:00,Pepsi 500ml,Bebidas,2.33,3,6.99,2,2024-08-20,15,Tuesday,8,34
5607,2024-08-22 21:48:00,Arroz Costeño 5kg,Abarrotes,17.61,4,70.44,4,2024-08-22,21,Thursday,8,34
5608,2024-05-30 10:17:00,Arroz Costeño 5kg,Abarrotes,17.64,3,52.92,4,2024-05-30,10,Thursday,5,22
5609,2024-03-01 20:23:00,Sardina Florida 425g,Conservas,4.21,1,4.21,4,2024-03-01,20,Friday,3,9
5610,2024-02-07 12:48:00,Galletas Soda Field,Snacks,2.86,3,8.58,7,2024-02-07,12,Wednesday,2,6
5611,2024-08-26 07:37:00,Pañales Huggies T4 x28,Higiene,34.75,2,69.5,6,2024-08-26,7,Monday,8,35
5612,2024-05-09 21:23:00,Leche Gloria Entera 1L,Lácteos,4.79,3,14.37,3,2024-05-09,21,Thursday,5,19
5613,2024-07-17 20:21:00,Pañales Huggies T3 x30,Higiene,32.68,2,65.36,6,2024-07-17,20,Wednesday,7,29
5614,2024-01-14 09:36:00,Sal Marina 1kg,Abarrotes,1.52,4,6.08,5,2024-01-14,9,Sunday,1,2
5615,2024-08-04 21:24:00,Jabón Bolivar 230g,Limpieza,2.83,1,2.83,6,2024-08-04,21,Sunday,8,31
5616,2024-01-04 15:32:00,Jabón Bolivar 230g,Limpieza,2.76,3,8.28,6,2024-01-04,15,Thursday,1,1
5617,2024-08-14 16:47:00,Leche Gloria Light 1L,Lácteos,4.9,1,4.9,3,2024-08-14,16,Wednesday,8,33
5618,2024-06-16 08:45:00,Leche Evaporada Gloria,Lácteos,3.11,2,6.22,3,2024-06-16,8,Sunday,6,24
5619,2024-01-07 21:38:00,Jabón Bolivar 230g,Limpieza,2.77,2,5.54,6,2024-01-07,21,Sunday,1,1
5620,2024-06-02 12:23:00,Detergente Ariel 850g,Limpieza,12.51,2,25.02,6,2024-06-02,12,Sunday,6,22
5621,2024-08-07 09:08:00,Agua San Luis 500ml,Bebidas,1.2,2,2.4,1,2024-08-07,9,Wednesday,8,32
5622,2024-03-17 21:40:00,Jabón Bolivar 230g,Limpieza,2.87,2,5.74,6,2024-03-17,21,Sunday,3,11
5623,2024-04-05 11:23:00,Fideos Lavaggi 500g,Abarrotes,2.56,3,7.68,4,2024-04-05,11,Friday,4,14
5624,2024-02-02 08:09:00,Leche Gloria Light 1L,Lácteos,4.97,2,9.94,3,2024-02-02,8,Friday,2,5
5625,2024-05-03 07:01:00,Sal Marina 1kg,Abarrotes,1.46,4,5.84,5,2024-05-03,7,Friday,5,18
5626,2024-08-11 21:38:00,Harina Blanca Flor 1kg,Abarrotes,3.21,3,9.63,4,2024-08-11,21,Sunday,8,32
5627,2024-05-25 19:29:00,Atún Florida 170g,Conservas,4.0,2,8.0,4,2024-05-25,19,Saturday,5,21
5628,2024-04-21 20:43:00,Leche Gloria Entera 1L,Lácteos,4.75,3,14.25,3,2024-04-21,20,Sunday,4,16
5629,2024-06-17 09:09:00,Pañales Huggies T3 x30,Higiene,32.23,2,64.46,6,2024-06-17,9,Monday,6,25
5630,2024-03-28 11:49:00,Azúcar Cartavio 1kg,Abarrotes,3.49,4,13.96,5,2024-03-28,11,Thursday,3,13
5631,2024-06-08 06:24:00,Fideos Don Vittorio 500g,Abarrotes,2.74,3,8.22,4,2024-06-08,6,Saturday,6,23
5632,2024-08-21 10:31:00,Yogurt Gloria Fresa 1kg,Lácteos,6.57,1,6.57,3,2024-08-21,10,Wednesday,8,34
5633,2024-04-02 07:18:00,Papel Higiénico Elite x4,Higiene,9.14,2,18.28,6,2024-04-02,7,Tuesday,4,14
5634,2024-03-11 09:52:00,Arroz Costeño 1kg,Abarrotes,3.7,1,3.7,4,2024-03-11,9,Monday,3,11
5635,2024-04-03 20:50:00,Harina Blanca Flor 1kg,Abarrotes,3.17,3,9.51,4,2024-04-03,20,Wednesday,4,14
5636,2024-08-15 19:51:00,Jabón Bolivar 230g,Limpieza,2.88,1,2.88,6,2024-08-15,19,Thursday,8,33
5637,2024-05-22 12:13:00,Pañales Huggies T4 x28,Higiene,34.6,2,69.2,6,2024-05-22,12,Wednesday,5,21
5638,2024-06-28 19:26:00,Galletas Oreo 36g,Snacks,1.46,3,4.38,7,2024-06-28,19,Friday,6,26
5639,2024-07-13 09:37:00,Detergente Ariel 850g,Limpieza,12.15,1,12.15,6,2024-07-13,9,Saturday,7,28
5640,2024-07-13 15:12:00,Pañales Huggies T3 x30,Higiene,32.45,1,32.45,6,2024-07-13,15,Saturday,7,28
5641,2024-08-21 21:35:00,Detergente Ace 850g,Limpieza,12.09,2,24.18,6,2024-08-21,21,Wednesday,8,34
5642,2024-06-09 20:37:00,Agua San Luis 2.5L,Bebidas,3.44,2,6.88,1,2024-06-09,20,Sunday,6,23
5643,2024-04-08 13:55:00,Pan de Molde Bimbo 500g,Panadería,6.57,1,6.57,8,2024-04-08,13,Monday,4,15
5644,2024-01-10 21:41:00,Pañales Huggies T3 x30,Higiene,31.57,3,94.71,6,2024-01-10,21,Wednesday,1,2
5645,2024-01-09 20:38:00,Agua San Luis 2.5L,Bebidas,3.41,1,3.41,1,2024-01-09,20,Tuesday,1,2
5646,2024-08-03 07:10:00,Detergente Ace 850g,Limpieza,11.75,2,23.5,6,2024-08-03,7,Saturday,8,31
5647,2024-06-05 13:45:00,Coca-Cola 500ml,Bebidas,2.57,2,5.14,2,2024-06-05,13,Wednesday,6,23
5648,2024-03-03 20:11:00,Pañales Huggies T4 x28,Higiene,34.34,1,34.34,6,2024-03-03,20,Sunday,3,9
5649,2024-05-19 20:33:00,Sal Marina 1kg,Abarrotes,1.54,2,3.08,5,2024-05-19,20,Sunday,5,20
5650,2024-05-23 20:33:00,Agua San Luis 500ml,Bebidas,1.18,3,3.54,1,2024-05-23,20,Thursday,5,21
5651,2024-05-13 08:49:00,Shampoo Head&Shoulders,Higiene,18.42,2,36.84,6,2024-05-13,8,Monday,5,20
5652,2024-07-10 10:47:00,Sal Marina 1kg,Abarrotes,1.5,1,1.5,5,2024-07-10,10,Wednesday,7,28
5653,2024-05-11 11:18:00,Atún Florida 170g,Conservas,3.96,1,3.96,4,2024-05-11,11,Saturday,5,19
5654,2024-04-21 08:09:00,Papel Higiénico Elite x4,Higiene,9.07,3,27.21,6,2024-04-21,8,Sunday,4,16
5655,2024-03-11 14:29:00,Atún Florida 170g,Conservas,3.91,3,11.73,4,2024-03-11,14,Monday,3,11
5656,2024-07-13 21:26:00,Aceite Primor 1L,Abarrotes,8.87,2,17.74,4,2024-07-13,21,Saturday,7,28
5657,2024-05-12 09:35:00,Sardina Florida 425g,Conservas,4.19,2,8.38,4,2024-05-12,9,Sunday,5,19
5658,2024-03-10 11:19:00,Atún Florida 170g,Conservas,3.91,2,7.82,4,2024-03-10,11,Sunday,3,10
5659,2024-03-19 14:24:00,Agua San Luis 2.5L,Bebidas,3.44,5,17.2,1,2024-03-19,14,Tuesday,3,12
5660,2024-06-06 13:05:00,Mantequilla Gloria 100g,Lácteos,4.16,2,8.32,3,2024-06-06,13,Thursday,6,23
5661,2024-04-13 20:12:00,Pañales Huggies T4 x28,Higiene,33.55,3,100.65,6,2024-04-13,20,Saturday,4,15
5662,2024-06-09 20:54:00,Yogurt Gloria Fresa 1kg,Lácteos,6.67,3,20.01,3,2024-06-09,20,Sunday,6,23
5663,2024-03-09 18:24:00,Lejía Clorox 900ml,Limpieza,4.55,2,9.1,6,2024-03-09,18,Saturday,3,10
5664,2024-01-17 09:42:00,Sublime 36g,Snacks,1.47,3,4.41,7,2024-01-17,9,Wednesday,1,3
5665,2024-05-27 10:15:00,Leche Evaporada Gloria,Lácteos,3.25,3,9.75,3,2024-05-27,10,Monday,5,22
5666,2024-03-09 21:08:00,Leche Evaporada Gloria,Lácteos,3.28,1,3.28,3,2024-03-09,21,Saturday,3,10
5667,2024-04-29 08:45:00,Azúcar Cartavio 1kg,Abarrotes,3.56,5,17.8,5,2024-04-29,8,Monday,4,18
5668,2024-04-09 08:13:00,Pepsi 500ml,Bebidas,2.29,5,11.45,2,2024-04-09,8,Tuesday,4,15
5669,2024-06-29 16:31:00,Atún Florida 170g,Conservas,3.84,3,11.52,4,2024-06-29,16,Saturday,6,26
5670,2024-07-20 21:43:00,Fideos Don Vittorio 500g,Abarrotes,2.83,3,8.49,4,2024-07-20,21,Saturday,7,29
5671,2024-06-18 21:52:00,Shampoo Head&Shoulders,Higiene,18.5,2,37.0,6,2024-06-18,21,Tuesday,6,25
5672,2024-06-22 08:21:00,Pan de Molde Bimbo 500g,Panadería,6.64,1,6.64,8,2024-06-22,8,Saturday,6,25
5673,2024-08-22 21:41:00,Leche Evaporada Gloria,Lácteos,3.15,2,6.3,3,2024-08-22,21,Thursday,8,34
5674,2024-08-28 12:26:00,Fideos Don Vittorio 500g,Abarrotes,2.74,2,5.48,4,2024-08-28,12,Wednesday,8,35
5675,2024-04-04 21:27:00,Coca-Cola 500ml,Bebidas,2.45,3,7.35,2,2024-04-04,21,Thursday,4,14
5676,2024-07-23 07:03:00,Fideos Don Vittorio 500g,Abarrotes,2.74,3,8.22,4,2024-07-23,7,Tuesday,7,30
5677,2024-04-20 21:45:00,Chifles La Doña 80g,Snacks,2.04,1,2.04,7,2024-04-20,21,Saturday,4,16
5678,2024-01-13 07:40:00,Leche Evaporada Gloria,Lácteos,3.12,3,9.36,3,2024-01-13,7,Saturday,1,2
5679,2024-03-29 06:51:00,Sublime 36g,Snacks,1.49,2,2.98,7,2024-03-29,6,Friday,3,13
5680,2024-03-01 09:20:00,Leche Gloria Entera 1L,Lácteos,4.81,1,4.81,3,2024-03-01,9,Friday,3,9
5681,2024-02-18 11:45:00,Fideos Don Vittorio 500g,Abarrotes,2.8,5,14.0,4,2024-02-18,11,Sunday,2,7
5682,2024-08-18 20:11:00,Galletas Oreo 36g,Snacks,1.52,2,3.04,7,2024-08-18,20,Sunday,8,33
5683,2024-07-18 07:13:00,Pepsi 500ml,Bebidas,2.24,5,11.2,2,2024-07-18,7,Thursday,7,29
5684,2024-01-11 08:47:00,Papel Higiénico Elite x4,Higiene,8.66,2,17.32,6,2024-01-11,8,Thursday,1,2
5685,2024-02-08 07:33:00,Detergente Ace 850g,Limpieza,11.79,2,23.58,6,2024-02-08,7,Thursday,2,6
5686,2024-05-28 19:23:00,Harina Blanca Flor 1kg,Abarrotes,3.22,5,16.1,4,2024-05-28,19,Tuesday,5,22
5687,2024-08-04 07:45:00,Jabón Bolivar 230g,Limpieza,2.78,1,2.78,6,2024-08-04,7,Sunday,8,31
5688,2024-01-25 15:13:00,Pañales Huggies T4 x28,Higiene,34.82,2,69.64,6,2024-01-25,15,Thursday,1,4
5689,2024-07-29 08:55:00,Chifles La Doña 80g,Snacks,2.02,1,2.02,7,2024-07-29,8,Monday,7,31
5690,2024-07-06 17:07:00,Galletas Oreo 36g,Snacks,1.46,1,1.46,7,2024-07-06,17,Saturday,7,27
5691,2024-01-03 10:57:00,Agua San Luis 500ml,Bebidas,1.17,2,2.34,1,2024-01-03,10,Wednesday,1,1
5692,2024-05-30 21:51:00,Pan de Molde Bimbo 500g,Panadería,6.63,1,6.63,8,2024-05-30,21,Thursday,5,22
5693,2024-03-13 13:53:00,Leche Gloria Light 1L,Lácteos,4.77,1,4.77,3,2024-03-13,13,Wednesday,3,11
5694,2024-01-22 20:18:00,Sal Marina 1kg,Abarrotes,1.53,2,3.06,5,2024-01-22,20,Monday,1,4
5695,2024-04-15 21:25:00,Aceite Primor 500ml,Abarrotes,5.1,1,5.1,4,2024-04-15,21,Monday,4,16
5696,2024-04-12 08:22:00,Arroz Costeño 1kg,Abarrotes,3.8,3,11.4,4,2024-04-12,8,Friday,4,15
5697,2024-07-14 08:20:00,Pañales Huggies T3 x30,Higiene,32.18,2,64.36,6,2024-07-14,8,Sunday,7,28
5698,2024-04-26 07:43:00,Pañales Huggies T3 x30,Higiene,32.32,1,32.32,6,2024-04-26,7,Friday,4,17
5699,2024-07-10 08:46:00,Galletas Oreo 36g,Snacks,1.47,2,2.94,7,2024-07-10,8,Wednesday,7,28
5700,2024-08-15 19:35:00,Inca Kola 500ml,Bebidas,2.43,4,9.72,1,2024-08-15,19,Thursday,8,33
5701,2024-01-01 20:49:00,Queso Edam Gloria 250g,Lácteos,12.85,1,12.85,3,2024-01-01,20,Monday,1,1
5702,2024-06-27 21:29:00,Agua San Luis 2.5L,Bebidas,3.44,5,17.2,1,2024-06-27,21,Thursday,6,26
5703,2024-03-02 20:36:00,Aceite Primor 500ml,Abarrotes,5.28,2,10.56,4,2024-03-02,20,Saturday,3,9
5704,2024-01-05 17:17:00,Azúcar Cartavio 1kg,Abarrotes,3.45,5,17.25,5,2024-01-05,17,Friday,1,1
5705,2024-06-28 20:55:00,Queso Edam Gloria 250g,Lácteos,12.37,2,24.74,3,2024-06-28,20,Friday,6,26
5706,2024-08-17 21:12:00,Pepsi 500ml,Bebidas,2.35,2,4.7,2,2024-08-17,21,Saturday,8,33
5707,2024-02-28 08:11:00,Sublime 36g,Snacks,1.52,2,3.04,7,2024-02-28,8,Wednesday,2,9
5708,2024-07-10 21:40:00,Pañales Huggies T3 x30,Higiene,32.17,3,96.51,6,2024-07-10,21,Wednesday,7,28
5709,2024-05-26 09:02:00,Leche Gloria Light 1L,Lácteos,4.77,2,9.54,3,2024-05-26,9,Sunday,5,21
5710,2024-03-23 07:49:00,Agua San Luis 500ml,Bebidas,1.17,3,3.51,1,2024-03-23,7,Saturday,3,12
5711,2024-02-18 08:46:00,Azúcar Cartavio 1kg,Abarrotes,3.44,2,6.88,5,2024-02-18,8,Sunday,2,7
5712,2024-02-21 06:20:00,Pañales Huggies T3 x30,Higiene,32.91,2,65.82,6,2024-02-21,6,Wednesday,2,8
5713,2024-06-28 21:44:00,Detergente Ace 850g,Limpieza,11.55,1,11.55,6,2024-06-28,21,Friday,6,26
5714,2024-08-18 08:49:00,Chancay 60g,Panadería,0.49,2,0.98,8,2024-08-18,8,Sunday,8,33
5715,2024-01-09 10:06:00,Shampoo Head&Shoulders,Higiene,17.96,2,35.92,6,2024-01-09,10,Tuesday,1,2
5716,2024-04-22 07:21:00,Fideos Lavaggi 500g,Abarrotes,2.45,5,12.25,4,2024-04-22,7,Monday,4,17
5717,2024-08-08 09:52:00,Azúcar Cartavio 1kg,Abarrotes,3.55,5,17.75,5,2024-08-08,9,Thursday,8,32
5718,2024-04-24 17:24:00,Agua San Luis 2.5L,Bebidas,3.42,5,17.1,1,2024-04-24,17,Wednesday,4,17
5719,2024-06-03 20:22:00,Lejía Clorox 900ml,Limpieza,4.39,3,13.17,6,2024-06-03,20,Monday,6,23
5720,2024-06-25 13:01:00,Sal Marina 1kg,Abarrotes,1.54,1,1.54,5,2024-06-25,13,Tuesday,6,26
5721,2024-07-03 20:49:00,Detergente Ariel 850g,Limpieza,12.58,2,25.16,6,2024-07-03,20,Wednesday,7,27
5722,2024-02-18 09:04:00,Pan de Molde Bimbo 500g,Panadería,6.53,2,13.06,8,2024-02-18,9,Sunday,2,7
5723,2024-03-14 06:33:00,Lejía Clorox 900ml,Limpieza,4.56,3,13.68,6,2024-03-14,6,Thursday,3,11
5724,2024-07-04 08:22:00,Fideos Don Vittorio 500g,Abarrotes,2.87,3,8.61,4,2024-07-04,8,Thursday,7,27
5725,2024-07-30 09:21:00,Detergente Ariel 850g,Limpieza,12.28,3,36.84,6,2024-07-30,9,Tuesday,7,31
5726,2024-04-29 08:54:00,Detergente Ace 850g,Limpieza,12.16,2,24.32,6,2024-04-29,8,Monday,4,18
5727,2024-05-27 07:55:00,Inca Kola 500ml,Bebidas,2.5,1,2.5,1,2024-05-27,7,Monday,5,22
5728,2024-04-18 09:11:00,Sardina Florida 425g,Conservas,4.1,2,8.2,4,2024-04-18,9,Thursday,4,16
5729,2024-04-15 07:59:00,Aceite Primor 1L,Abarrotes,9.05,4,36.2,4,2024-04-15,7,Monday,4,16
5730,2024-02-01 06:47:00,Agua San Luis 500ml,Bebidas,1.17,1,1.17,1,2024-02-01,6,Thursday,2,5
5731,2024-04-21 08:37:00,Azúcar Cartavio 1kg,Abarrotes,3.57,3,10.71,5,2024-04-21,8,Sunday,4,16
5732,2024-07-27 20:03:00,Inca Kola 500ml,Bebidas,2.56,1,2.56,1,2024-07-27,20,Saturday,7,30
5733,2024-05-07 11:33:00,Leche Evaporada Gloria,Lácteos,3.17,1,3.17,3,2024-05-07,11,Tuesday,5,19
5734,2024-04-28 21:54:00,Sublime 36g,Snacks,1.53,2,3.06,7,2024-04-28,21,Sunday,4,17
5735,2024-03-12 20:08:00,Agua San Luis 2.5L,Bebidas,3.5,4,14.0,1,2024-03-12,20,Tuesday,3,11
5736,2024-01-27 19:41:00,Leche Gloria Entera 1L,Lácteos,4.88,3,14.64,3,2024-01-27,19,Saturday,1,4
5737,2024-03-19 21:28:00,Papel Higiénico Elite x4,Higiene,8.97,1,8.97,6,2024-03-19,21,Tuesday,3,12
5738,2024-04-09 09:37:00,Detergente Ace 850g,Limpieza,11.65,1,11.65,6,2024-04-09,9,Tuesday,4,15
5739,2024-08-09 09:13:00,Detergente Ariel 850g,Limpieza,12.43,2,24.86,6,2024-08-09,9,Friday,8,32
5740,2024-08-27 20:51:00,Mantequilla Gloria 100g,Lácteos,4.26,2,8.52,3,2024-08-27,20,Tuesday,8,35
5741,2024-03-31 08:22:00,Aceite Primor 500ml,Abarrotes,5.18,1,5.18,4,2024-03-31,8,Sunday,3,13
5742,2024-08-13 19:40:00,Fideos Lavaggi 500g,Abarrotes,2.45,4,9.8,4,2024-08-13,19,Tuesday,8,33
5743,2024-01-31 09:31:00,Chancay 60g,Panadería,0.5,3,1.5,8,2024-01-31,9,Wednesday,1,5
5744,2024-04-25 15:31:00,Chifles La Doña 80g,Snacks,2.01,2,4.02,7,2024-04-25,15,Thursday,4,17
5745,2024-08-09 16:41:00,Detergente Ace 850g,Limpieza,11.76,3,35.28,6,2024-08-09,16,Friday,8,32
5746,2024-03-01 21:48:00,Chancay 60g,Panadería,0.49,1,0.49,8,2024-03-01,21,Friday,3,9
5747,2024-07-16 07:39:00,Yogurt Gloria Fresa 1kg,Lácteos,6.33,1,6.33,3,2024-07-16,7,Tuesday,7,29
5748,2024-08-16 09:36:00,Lejía Clorox 900ml,Limpieza,4.41,1,4.41,6,2024-08-16,9,Friday,8,33
5749,2024-01-29 19:37:00,Galletas Soda Field,Snacks,2.75,3,8.25,7,2024-01-29,19,Monday,1,5
5750,2024-03-02 12:40:00,Detergente Ace 850g,Limpieza,11.72,1,11.72,6,2024-03-02,12,Saturday,3,9
5751,2024-05-02 07:20:00,Pan de Molde Bimbo 500g,Panadería,6.46,3,19.38,8,2024-05-02,7,Thursday,5,18
5752,2024-05-11 21:23:00,Leche Evaporada Gloria,Lácteos,3.15,1,3.15,3,2024-05-11,21,Saturday,5,19
5753,2024-02-15 20:03:00,Jabón Bolivar 230g,Limpieza,2.82,1,2.82,6,2024-02-15,20,Thursday,2,7
5754,2024-07-17 21:16:00,Fideos Lavaggi 500g,Abarrotes,2.5,4,10.0,4,2024-07-17,21,Wednesday,7,29
5755,2024-02-17 18:37:00,Leche Gloria Light 1L,Lácteos,4.93,3,14.79,3,2024-02-17,18,Saturday,2,7
5756,2024-07-09 21:14:00,Harina Blanca Flor 1kg,Abarrotes,3.29,5,16.45,4,2024-07-09,21,Tuesday,7,28
5757,2024-02-05 08:28:00,Leche Evaporada Gloria,Lácteos,3.19,3,9.57,3,2024-02-05,8,Monday,2,6
5758,2024-03-26 06:50:00,Pañales Huggies T4 x28,Higiene,34.14,1,34.14,6,2024-03-26,6,Tuesday,3,13
5759,2024-06-24 20:23:00,Fideos Lavaggi 500g,Abarrotes,2.47,1,2.47,4,2024-06-24,20,Monday,6,26
5760,2024-06-26 21:49:00,Galletas Oreo 36g,Snacks,1.46,3,4.38,7,2024-06-26,21,Wednesday,6,26
5761,2024-02-22 07:42:00,Atún Florida 170g,Conservas,3.83,2,7.66,4,2024-02-22,7,Thursday,2,8
5762,2024-02-22 20:04:00,Sardina Florida 425g,Conservas,4.16,3,12.48,4,2024-02-22,20,Thursday,2,8
5763,2024-01-09 10:57:00,Detergente Ariel 850g,Limpieza,12.24,2,24.48,6,2024-01-09,10,Tuesday,1,2
5764,2024-05-11 07:24:00,Fideos Lavaggi 500g,Abarrotes,2.53,5,12.65,4,2024-05-11,7,Saturday,5,19
5765,2024-04-25 19:11:00,Detergente Ace 850g,Limpieza,11.73,3,35.19,6,2024-04-25,19,Thursday,4,17
5766,2024-05-27 09:24:00,Arroz Costeño 1kg,Abarrotes,3.91,4,15.64,4,2024-05-27,9,Monday,5,22
5767,2024-05-17 20:25:00,Sublime 36g,Snacks,1.52,3,4.56,7,2024-05-17,20,Friday,5,20
5768,2024-07-17 14:17:00,Azúcar Cartavio 1kg,Abarrotes,3.41,1,3.41,5,2024-07-17,14,Wednesday,7,29
5769,2024-01-05 08:49:00,Agua San Luis 500ml,Bebidas,1.2,5,6.0,1,2024-01-05,8,Friday,1,1
5770,2024-03-30 09:09:00,Arroz Costeño 1kg,Abarrotes,3.9,1,3.9,4,2024-03-30,9,Saturday,3,13
5771,2024-01-28 08:32:00,Inca Kola 500ml,Bebidas,2.56,5,12.8,1,2024-01-28,8,Sunday,1,4
5772,2024-06-05 09:13:00,Pañales Huggies T3 x30,Higiene,33.01,1,33.01,6,2024-06-05,9,Wednesday,6,23
5773,2024-03-03 21:13:00,Queso Edam Gloria 250g,Lácteos,12.36,3,37.08,3,2024-03-03,21,Sunday,3,9
5774,2024-08-15 09:05:00,Chifles La Doña 80g,Snacks,2.03,2,4.06,7,2024-08-15,9,Thursday,8,33
5775,2024-08-06 08:23:00,Coca-Cola 500ml,Bebidas,2.43,4,9.72,2,2024-08-06,8,Tuesday,8,32
5776,2024-08-10 19:18:00,Agua San Luis 2.5L,Bebidas,3.48,2,6.96,1,2024-08-10,19,Saturday,8,32
5777,2024-08-01 16:18:00,Atún Florida 170g,Conservas,4.01,2,8.02,4,2024-08-01,16,Thursday,8,31
5778,2024-08-21 07:53:00,Inca Kola 500ml,Bebidas,2.48,2,4.96,1,2024-08-21,7,Wednesday,8,34
5779,2024-07-22 20:09:00,Fideos Don Vittorio 500g,Abarrotes,2.81,2,5.62,4,2024-07-22,20,Monday,7,30
5780,2024-05-05 08:48:00,Inca Kola 500ml,Bebidas,2.46,4,9.84,1,2024-05-05,8,Sunday,5,18
5781,2024-02-28 08:58:00,Harina Blanca Flor 1kg,Abarrotes,3.28,1,3.28,4,2024-02-28,8,Wednesday,2,9
5782,2024-08-01 21:43:00,Jabón Bolivar 230g,Limpieza,2.84,1,2.84,6,2024-08-01,21,Thursday,8,31
5783,2024-04-16 07:59:00,Pepsi 500ml,Bebidas,2.3,5,11.5,2,2024-04-16,7,Tuesday,4,16
5784,2024-01-14 21:06:00,Agua San Luis 500ml,Bebidas,1.18,4,4.72,1,2024-01-14,21,Sunday,1,2
5785,2024-01-20 09:05:00,Leche Evaporada Gloria,Lácteos,3.14,3,9.42,3,2024-01-20,9,Saturday,1,3
5786,2024-02-12 07:31:00,Aceite Primor 1L,Abarrotes,8.85,3,26.55,4,2024-02-12,7,Monday,2,7
5787,2024-05-11 09:21:00,Lejía Clorox 900ml,Limpieza,4.43,2,8.86,6,2024-05-11,9,Saturday,5,19
5788,2024-05-15 16:17:00,Agua San Luis 2.5L,Bebidas,3.44,1,3.44,1,2024-05-15,16,Wednesday,5,20
5789,2024-04-21 20:08:00,Arroz Costeño 1kg,Abarrotes,3.76,5,18.8,4,2024-04-21,20,Sunday,4,16
5790,2024-03-25 16:35:00,Agua San Luis 500ml,Bebidas,1.2,1,1.2,1,2024-03-25,16,Monday,3,13
5791,2024-06-19 21:35:00,Leche Gloria Entera 1L,Lácteos,4.82,1,4.82,3,2024-06-19,21,Wednesday,6,25
5792,2024-02-15 15:37:00,Jabón Bolivar 230g,Limpieza,2.74,1,2.74,6,2024-02-15,15,Thursday,2,7
5793,2024-08-08 09:06:00,Queso Edam Gloria 250g,Lácteos,12.34,3,37.02,3,2024-08-08,9,Thursday,8,32
5794,2024-05-29 14:32:00,Mantequilla Gloria 100g,Lácteos,4.15,1,4.15,3,2024-05-29,14,Wednesday,5,22
5795,2024-01-02 12:52:00,Harina Blanca Flor 1kg,Abarrotes,3.29,5,16.45,4,2024-01-02,12,Tuesday,1,1
5796,2024-08-18 12:37:00,Papel Higiénico Elite x4,Higiene,8.78,1,8.78,6,2024-08-18,12,Sunday,8,33
5797,2024-04-15 20:57:00,Aceite Primor 1L,Abarrotes,9.08,1,9.08,4,2024-04-15,20,Monday,4,16
5798,2024-01-28 20:09:00,Inca Kola 1.5L,Bebidas,5.54,1,5.54,1,2024-01-28,20,Sunday,1,4
5799,2024-06-14 21:27:00,Chifles La Doña 80g,Snacks,2.06,3,6.18,7,2024-06-14,21,Friday,6,24
5800,2024-05-13 21:39:00,Chifles La Doña 80g,Snacks,2.01,2,4.02,7,2024-05-13,21,Monday,5,20
5801,2024-02-07 20:15:00,Chancay 60g,Panadería,0.5,3,1.5,8,2024-02-07,20,Wednesday,2,6
5802,2024-08-31 09:58:00,Sardina Florida 425g,Conservas,4.15,2,8.3,4,2024-08-31,9,Saturday,8,35
5803,2024-06-26 09:58:00,Fideos Lavaggi 500g,Abarrotes,2.45,3,7.35,4,2024-06-26,9,Wednesday,6,26
5804,2024-07-03 09:01:00,Yogurt Gloria Fresa 1kg,Lácteos,6.34,1,6.34,3,2024-07-03,9,Wednesday,7,27
5805,2024-05-12 20:13:00,Pepsi 500ml,Bebidas,2.28,1,2.28,2,2024-05-12,20,Sunday,5,19
5806,2024-07-15 07:18:00,Chancay 60g,Panadería,0.5,1,0.5,8,2024-07-15,7,Monday,7,29
5807,2024-07-05 09:56:00,Inca Kola 500ml,Bebidas,2.48,3,7.44,1,2024-07-05,9,Friday,7,27
5808,2024-05-02 13:49:00,Papel Higiénico Elite x4,Higiene,8.64,1,8.64,6,2024-05-02,13,Thursday,5,18
5809,2024-03-21 08:10:00,Leche Evaporada Gloria,Lácteos,3.21,1,3.21,3,2024-03-21,8,Thursday,3,12
5810,2024-07-23 08:30:00,Shampoo Head&Shoulders,Higiene,17.98,2,35.96,6,2024-07-23,8,Tuesday,7,30
5811,2024-06-07 12:41:00,Leche Evaporada Gloria,Lácteos,3.28,3,9.84,3,2024-06-07,12,Friday,6,23
5812,2024-07-11 21:45:00,Queso Edam Gloria 250g,Lácteos,12.81,2,25.62,3,2024-07-11,21,Thursday,7,28
5813,2024-01-14 21:31:00,Atún Florida 170g,Conservas,3.8,1,3.8,4,2024-01-14,21,Sunday,1,2
5814,2024-06-15 21:53:00,Shampoo Head&Shoulders,Higiene,18.0,3,54.0,6,2024-06-15,21,Saturday,6,24
5815,2024-08-01 07:56:00,Sal Marina 1kg,Abarrotes,1.53,3,4.59,5,2024-08-01,7,Thursday,8,31
5816,2024-06-25 21:58:00,Inca Kola 1.5L,Bebidas,5.43,2,10.86,1,2024-06-25,21,Tuesday,6,26
5817,2024-07-24 17:17:00,Pasta Dental Colgate,Higiene,5.48,1,5.48,6,2024-07-24,17,Wednesday,7,30
5818,2024-08-14 09:51:00,Harina Blanca Flor 1kg,Abarrotes,3.22,5,16.1,4,2024-08-14,9,Wednesday,8,33
5819,2024-05-31 08:48:00,Arroz Costeño 5kg,Abarrotes,17.58,2,35.16,4,2024-05-31,8,Friday,5,22
5820,2024-06-28 09:42:00,Sardina Florida 425g,Conservas,4.28,1,4.28,4,2024-06-28,9,Friday,6,26
5821,2024-07-22 12:58:00,Aceite Primor 1L,Abarrotes,8.98,4,35.92,4,2024-07-22,12,Monday,7,30
5822,2024-07-17 19:33:00,Aceite Primor 1L,Abarrotes,8.89,1,8.89,4,2024-07-17,19,Wednesday,7,29
5823,2024-03-11 07:22:00,Coca-Cola 500ml,Bebidas,2.54,4,10.16,2,2024-03-11,7,Monday,3,11
5824,2024-01-21 21:37:00,Azúcar Cartavio 1kg,Abarrotes,3.41,2,6.82,5,2024-01-21,21,Sunday,1,3
5825,2024-07-04 20:43:00,Agua San Luis 2.5L,Bebidas,3.53,1,3.53,1,2024-07-04,20,Thursday,7,27
5826,2024-03-04 21:46:00,Sardina Florida 425g,Conservas,4.16,1,4.16,4,2024-03-04,21,Monday,3,10
5827,2024-08-06 06:31:00,Galletas Oreo 36g,Snacks,1.49,2,2.98,7,2024-08-06,6,Tuesday,8,32
5828,2024-05-21 15:36:00,Pan de Molde Bimbo 500g,Panadería,6.56,2,13.12,8,2024-05-21,15,Tuesday,5,21
5829,2024-02-20 20:24:00,Papel Higiénico Elite x4,Higiene,8.86,3,26.58,6,2024-02-20,20,Tuesday,2,8
5830,2024-02-02 13:34:00,Pañales Huggies T3 x30,Higiene,33.11,1,33.11,6,2024-02-02,13,Friday,2,5
5831,2024-04-01 08:35:00,Queso Edam Gloria 250g,Lácteos,12.68,2,25.36,3,2024-04-01,8,Monday,4,14
5832,2024-07-10 08:37:00,Fideos Lavaggi 500g,Abarrotes,2.48,3,7.44,4,2024-07-10,8,Wednesday,7,28
5833,2024-07-28 12:45:00,Arroz Costeño 1kg,Abarrotes,3.86,1,3.86,4,2024-07-28,12,Sunday,7,30
5834,2024-03-30 09:26:00,Agua San Luis 500ml,Bebidas,1.21,2,2.42,1,2024-03-30,9,Saturday,3,13
5835,2024-01-29 09:01:00,Detergente Ariel 850g,Limpieza,12.43,3,37.29,6,2024-01-29,9,Monday,1,5
5836,2024-03-28 07:55:00,Atún Florida 170g,Conservas,3.84,2,7.68,4,2024-03-28,7,Thursday,3,13
5837,2024-07-06 16:46:00,Detergente Ariel 850g,Limpieza,12.31,1,12.31,6,2024-07-06,16,Saturday,7,27
5838,2024-03-01 20:09:00,Galletas Soda Field,Snacks,2.76,1,2.76,7,2024-03-01,20,Friday,3,9
5839,2024-08-09 20:55:00,Pañales Huggies T3 x30,Higiene,33.46,1,33.46,6,2024-08-09,20,Friday,8,32
5840,2024-08-14 11:13:00,Arroz Costeño 1kg,Abarrotes,3.71,5,18.55,4,2024-08-14,11,Wednesday,8,33
5841,2024-01-21 20:22:00,Sublime 36g,Snacks,1.52,2,3.04,7,2024-01-21,20,Sunday,1,3
5842,2024-08-12 07:04:00,Sardina Florida 425g,Conservas,4.19,1,4.19,4,2024-08-12,7,Monday,8,33
5843,2024-08-30 13:48:00,Sardina Florida 425g,Conservas,4.3,2,8.6,4,2024-08-30,13,Friday,8,35
5844,2024-01-19 09:53:00,Arroz Costeño 5kg,Abarrotes,17.23,2,34.46,4,2024-01-19,9,Friday,1,3
5845,2024-08-17 09:32:00,Leche Gloria Entera 1L,Lácteos,4.7,2,9.4,3,2024-08-17,9,Saturday,8,33
5846,2024-01-14 16:50:00,Sal Marina 1kg,Abarrotes,1.53,5,7.65,5,2024-01-14,16,Sunday,1,2
5847,2024-01-07 09:06:00,Inca Kola 1.5L,Bebidas,5.6,5,28.0,1,2024-01-07,9,Sunday,1,1
5848,2024-06-29 21:45:00,Sal Marina 1kg,Abarrotes,1.52,1,1.52,5,2024-06-29,21,Saturday,6,26
5849,2024-02-03 07:19:00,Coca-Cola 500ml,Bebidas,2.53,1,2.53,2,2024-02-03,7,Saturday,2,5
5850,2024-05-19 07:08:00,Inca Kola 1.5L,Bebidas,5.42,5,27.1,1,2024-05-19,7,Sunday,5,20
5851,2024-01-17 21:34:00,Pañales Huggies T4 x28,Higiene,34.29,2,68.58,6,2024-01-17,21,Wednesday,1,3
5852,2024-02-17 15:36:00,Arroz Costeño 1kg,Abarrotes,3.82,5,19.1,4,2024-02-17,15,Saturday,2,7
5853,2024-02-23 06:17:00,Inca Kola 500ml,Bebidas,2.52,2,5.04,1,2024-02-23,6,Friday,2,8
5854,2024-03-06 07:19:00,Galletas Soda Field,Snacks,2.74,2,5.48,7,2024-03-06,7,Wednesday,3,10
5855,2024-04-15 20:51:00,Coca-Cola 500ml,Bebidas,2.47,1,2.47,2,2024-04-15,20,Monday,4,16
5856,2024-01-01 09:18:00,Papel Higiénico Elite x4,Higiene,8.74,1,8.74,6,2024-01-01,9,Monday,1,1
5857,2024-03-27 21:36:00,Sal Marina 1kg,Abarrotes,1.47,3,4.41,5,2024-03-27,21,Wednesday,3,13
5858,2024-07-13 10:43:00,Galletas Oreo 36g,Snacks,1.47,3,4.41,7,2024-07-13,10,Saturday,7,28
5859,2024-06-01 19:48:00,Azúcar Cartavio 1kg,Abarrotes,3.42,4,13.68,5,2024-06-01,19,Saturday,6,22
5860,2024-05-05 20:45:00,Agua San Luis 2.5L,Bebidas,3.56,5,17.8,1,2024-05-05,20,Sunday,5,18
5861,2024-08-28 21:45:00,Pan de Molde Bimbo 500g,Panadería,6.66,3,19.98,8,2024-08-28,21,Wednesday,8,35
5862,2024-05-05 21:58:00,Pasta Dental Colgate,Higiene,5.62,2,11.24,6,2024-05-05,21,Sunday,5,18
5863,2024-05-08 20:08:00,Arroz Costeño 5kg,Abarrotes,17.61,2,35.22,4,2024-05-08,20,Wednesday,5,19
5864,2024-05-16 13:39:00,Agua San Luis 2.5L,Bebidas,3.53,4,14.12,1,2024-05-16,13,Thursday,5,20
5865,2024-01-11 08:14:00,Aceite Primor 1L,Abarrotes,8.78,1,8.78,4,2024-01-11,8,Thursday,1,2
5866,2024-05-30 08:47:00,Leche Gloria Light 1L,Lácteos,4.87,3,14.61,3,2024-05-30,8,Thursday,5,22
5867,2024-07-25 20:53:00,Chifles La Doña 80g,Snacks,1.97,3,5.91,7,2024-07-25,20,Thursday,7,30
5868,2024-05-17 06:31:00,Leche Gloria Light 1L,Lácteos,4.95,3,14.85,3,2024-05-17,6,Friday,5,20
5869,2024-07-05 13:40:00,Atún Florida 170g,Conservas,3.97,3,11.91,4,2024-07-05,13,Friday,7,27
5870,2024-08-12 21:32:00,Detergente Ariel 850g,Limpieza,12.59,2,25.18,6,2024-08-12,21,Monday,8,33
5871,2024-01-28 16:15:00,Mantequilla Gloria 100g,Lácteos,4.17,3,12.51,3,2024-01-28,16,Sunday,1,4
5872,2024-01-09 21:52:00,Leche Evaporada Gloria,Lácteos,3.22,2,6.44,3,2024-01-09,21,Tuesday,1,2
5873,2024-05-29 07:43:00,Sal Marina 1kg,Abarrotes,1.48,5,7.4,5,2024-05-29,7,Wednesday,5,22
5874,2024-08-29 21:54:00,Inca Kola 1.5L,Bebidas,5.63,4,22.52,1,2024-08-29,21,Thursday,8,35
5875,2024-02-05 20:40:00,Inca Kola 500ml,Bebidas,2.54,1,2.54,1,2024-02-05,20,Monday,2,6
5876,2024-04-27 14:11:00,Arroz Costeño 1kg,Abarrotes,3.84,1,3.84,4,2024-04-27,14,Saturday,4,17
5877,2024-04-01 17:46:00,Detergente Ariel 850g,Limpieza,12.69,2,25.38,6,2024-04-01,17,Monday,4,14
5878,2024-03-09 07:28:00,Sardina Florida 425g,Conservas,4.25,3,12.75,4,2024-03-09,7,Saturday,3,10
5879,2024-04-26 20:41:00,Pañales Huggies T3 x30,Higiene,33.28,3,99.84,6,2024-04-26,20,Friday,4,17
5880,2024-07-23 07:47:00,Leche Evaporada Gloria,Lácteos,3.19,1,3.19,3,2024-07-23,7,Tuesday,7,30
5881,2024-06-22 14:01:00,Leche Evaporada Gloria,Lácteos,3.16,3,9.48,3,2024-06-22,14,Saturday,6,25
5882,2024-02-01 15:25:00,Agua San Luis 500ml,Bebidas,1.21,1,1.21,1,2024-02-01,15,Thursday,2,5
5883,2024-06-20 20:57:00,Detergente Ace 850g,Limpieza,11.61,2,23.22,6,2024-06-20,20,Thursday,6,25
5884,2024-08-31 15:35:00,Inca Kola 1.5L,Bebidas,5.47,4,21.88,1,2024-08-31,15,Saturday,8,35
5885,2024-05-13 21:09:00,Agua San Luis 2.5L,Bebidas,3.42,4,13.68,1,2024-05-13,21,Monday,5,20
5886,2024-03-17 21:03:00,Harina Blanca Flor 1kg,Abarrotes,3.21,3,9.63,4,2024-03-17,21,Sunday,3,11
5887,2024-04-30 07:07:00,Pañales Huggies T3 x30,Higiene,32.43,3,97.29,6,2024-04-30,7,Tuesday,4,18
5888,2024-02-29 08:29:00,Inca Kola 500ml,Bebidas,2.53,1,2.53,1,2024-02-29,8,Thursday,2,9
5889,2024-02-27 06:29:00,Harina Blanca Flor 1kg,Abarrotes,3.13,2,6.26,4,2024-02-27,6,Tuesday,2,9
5890,2024-06-17 21:42:00,Lejía Clorox 900ml,Limpieza,4.53,2,9.06,6,2024-06-17,21,Monday,6,25
5891,2024-07-12 07:16:00,Pepsi 500ml,Bebidas,2.3,2,4.6,2,2024-07-12,7,Friday,7,28
5892,2024-07-24 20:16:00,Leche Gloria Entera 1L,Lácteos,4.9,2,9.8,3,2024-07-24,20,Wednesday,7,30
5893,2024-03-13 21:54:00,Aceite Primor 1L,Abarrotes,8.7,5,43.5,4,2024-03-13,21,Wednesday,3,11
5894,2024-01-16 08:49:00,Arroz Costeño 1kg,Abarrotes,3.74,3,11.22,4,2024-01-16,8,Tuesday,1,3
5895,2024-01-22 17:44:00,Sal Marina 1kg,Abarrotes,1.53,4,6.12,5,2024-01-22,17,Monday,1,4
5896,2024-05-10 11:29:00,Leche Gloria Entera 1L,Lácteos,4.83,2,9.66,3,2024-05-10,11,Friday,5,19
5897,2024-01-15 08:15:00,Galletas Oreo 36g,Snacks,1.48,2,2.96,7,2024-01-15,8,Monday,1,3
5898,2024-03-31 21:18:00,Yogurt Gloria Fresa 1kg,Lácteos,6.68,1,6.68,3,2024-03-31,21,Sunday,3,13
5899,2024-02-23 21:05:00,Jabón Bolivar 230g,Limpieza,2.83,3,8.49,6,2024-02-23,21,Friday,2,8
5900,2024-02-01 08:16:00,Arroz Costeño 5kg,Abarrotes,17.64,1,17.64,4,2024-02-01,8,Thursday,2,5
5901,2024-05-31 06:40:00,Leche Gloria Light 1L,Lácteos,4.76,1,4.76,3,2024-05-31,6,Friday,5,22
5902,2024-05-05 09:25:00,Inca Kola 500ml,Bebidas,2.46,5,12.3,1,2024-05-05,9,Sunday,5,18
5903,2024-04-02 11:04:00,Coca-Cola 500ml,Bebidas,2.46,3,7.38,2,2024-04-02,11,Tuesday,4,14
5904,2024-07-19 13:47:00,Pañales Huggies T4 x28,Higiene,34.65,2,69.3,6,2024-07-19,13,Friday,7,29
5905,2024-03-08 16:49:00,Pan de Molde Bimbo 500g,Panadería,6.35,2,12.7,8,2024-03-08,16,Friday,3,10
5906,2024-01-28 16:42:00,Pañales Huggies T3 x30,Higiene,32.64,3,97.92,6,2024-01-28,16,Sunday,1,4
5907,2024-03-10 19:50:00,Atún Florida 170g,Conservas,3.8,3,11.4,4,2024-03-10,19,Sunday,3,10
5908,2024-08-05 16:13:00,Fideos Lavaggi 500g,Abarrotes,2.54,4,10.16,4,2024-08-05,16,Monday,8,32
5909,2024-05-17 18:33:00,Sardina Florida 425g,Conservas,4.26,1,4.26,4,2024-05-17,18,Friday,5,20
5910,2024-01-16 21:54:00,Detergente Ace 850g,Limpieza,11.96,3,35.88,6,2024-01-16,21,Tuesday,1,3
5911,2024-01-09 07:08:00,Atún Florida 170g,Conservas,3.86,1,3.86,4,2024-01-09,7,Tuesday,1,2
5912,2024-05-31 08:32:00,Detergente Ace 850g,Limpieza,12.04,1,12.04,6,2024-05-31,8,Friday,5,22
5913,2024-08-12 06:21:00,Jabón Bolivar 230g,Limpieza,2.87,1,2.87,6,2024-08-12,6,Monday,8,33
5914,2024-03-21 08:45:00,Galletas Soda Field,Snacks,2.8,3,8.4,7,2024-03-21,8,Thursday,3,12
5915,2024-06-24 20:51:00,Queso Edam Gloria 250g,Lácteos,12.4,1,12.4,3,2024-06-24,20,Monday,6,26
5916,2024-08-21 07:17:00,Harina Blanca Flor 1kg,Abarrotes,3.2,4,12.8,4,2024-08-21,7,Wednesday,8,34
5917,2024-03-05 08:36:00,Galletas Oreo 36g,Snacks,1.48,2,2.96,7,2024-03-05,8,Tuesday,3,10
5918,2024-03-03 08:18:00,Queso Edam Gloria 250g,Lácteos,12.16,1,12.16,3,2024-03-03,8,Sunday,3,9
5919,2024-04-08 10:24:00,Inca Kola 500ml,Bebidas,2.51,3,7.53,1,2024-04-08,10,Monday,4,15
5920,2024-07-08 17:51:00,Leche Evaporada Gloria,Lácteos,3.26,2,6.52,3,2024-07-08,17,Monday,7,28
5921,2024-04-28 17:57:00,Galletas Soda Field,Snacks,2.86,3,8.58,7,2024-04-28,17,Sunday,4,17
5922,2024-01-06 10:07:00,Lejía Clorox 900ml,Limpieza,4.6,1,4.6,6,2024-01-06,10,Saturday,1,1
5923,2024-01-07 21:16:00,Fideos Don Vittorio 500g,Abarrotes,2.84,3,8.52,4,2024-01-07,21,Sunday,1,1
5924,2024-01-12 08:03:00,Pañales Huggies T4 x28,Higiene,34.68,3,104.04,6,2024-01-12,8,Friday,1,2
5925,2024-02-06 14:29:00,Azúcar Cartavio 1kg,Abarrotes,3.49,1,3.49,5,2024-02-06,14,Tuesday,2,6
5926,2024-04-11 17:42:00,Yogurt Gloria Fresa 1kg,Lácteos,6.58,1,6.58,3,2024-04-11,17,Thursday,4,15
5927,2024-02-21 08:49:00,Harina Blanca Flor 1kg,Abarrotes,3.15,1,3.15,4,2024-02-21,8,Wednesday,2,8
5928,2024-01-16 13:47:00,Detergente Ace 850g,Limpieza,12.24,3,36.72,6,2024-01-16,13,Tuesday,1,3
5929,2024-03-17 09:38:00,Queso Edam Gloria 250g,Lácteos,12.83,3,38.49,3,2024-03-17,9,Sunday,3,11
5930,2024-08-30 07:29:00,Fideos Don Vittorio 500g,Abarrotes,2.81,5,14.05,4,2024-08-30,7,Friday,8,35
5931,2024-06-24 19:05:00,Yogurt Gloria Fresa 1kg,Lácteos,6.54,2,13.08,3,2024-06-24,19,Monday,6,26
5932,2024-05-25 21:21:00,Fideos Don Vittorio 500g,Abarrotes,2.82,3,8.46,4,2024-05-25,21,Saturday,5,21
5933,2024-07-01 20:46:00,Detergente Ariel 850g,Limpieza,12.78,3,38.34,6,2024-07-01,20,Monday,7,27
5934,2024-04-24 09:31:00,Aceite Primor 500ml,Abarrotes,5.26,3,15.78,4,2024-04-24,9,Wednesday,4,17
5935,2024-04-22 13:08:00,Yogurt Gloria Fresa 1kg,Lácteos,6.67,1,6.67,3,2024-04-22,13,Monday,4,17
5936,2024-08-18 07:38:00,Fideos Lavaggi 500g,Abarrotes,2.48,2,4.96,4,2024-08-18,7,Sunday,8,33
5937,2024-05-01 21:26:00,Leche Evaporada Gloria,Lácteos,3.24,2,6.48,3,2024-05-01,21,Wednesday,5,18
5938,2024-01-11 08:21:00,Fideos Lavaggi 500g,Abarrotes,2.44,3,7.32,4,2024-01-11,8,Thursday,1,2
5939,2024-05-21 20:07:00,Aceite Primor 1L,Abarrotes,8.82,1,8.82,4,2024-05-21,20,Tuesday,5,21
5940,2024-06-30 10:34:00,Leche Evaporada Gloria,Lácteos,3.22,3,9.66,3,2024-06-30,10,Sunday,6,26
5941,2024-05-02 15:43:00,Coca-Cola 500ml,Bebidas,2.51,3,7.53,2,2024-05-02,15,Thursday,5,18
5942,2024-07-22 10:28:00,Aceite Primor 1L,Abarrotes,8.89,4,35.56,4,2024-07-22,10,Monday,7,30
5943,2024-02-16 07:20:00,Fideos Lavaggi 500g,Abarrotes,2.46,3,7.38,4,2024-02-16,7,Friday,2,7
5944,2024-07-28 20:12:00,Azúcar Cartavio 1kg,Abarrotes,3.55,2,7.1,5,2024-07-28,20,Sunday,7,30
5945,2024-02-25 11:05:00,Sublime 36g,Snacks,1.47,2,2.94,7,2024-02-25,11,Sunday,2,8
5946,2024-02-05 21:28:00,Inca Kola 500ml,Bebidas,2.44,2,4.88,1,2024-02-05,21,Monday,2,6
5947,2024-08-16 14:44:00,Arroz Costeño 1kg,Abarrotes,3.77,5,18.85,4,2024-08-16,14,Friday,8,33
5948,2024-06-19 16:13:00,Mantequilla Gloria 100g,Lácteos,4.09,2,8.18,3,2024-06-19,16,Wednesday,6,25
5949,2024-05-01 07:22:00,Detergente Ariel 850g,Limpieza,12.13,1,12.13,6,2024-05-01,7,Wednesday,5,18
5950,2024-05-23 09:29:00,Mantequilla Gloria 100g,Lácteos,4.08,1,4.08,3,2024-05-23,9,Thursday,5,21
5951,2024-04-02 09:13:00,Mantequilla Gloria 100g,Lácteos,4.19,1,4.19,3,2024-04-02,9,Tuesday,4,14
5952,2024-01-27 21:12:00,Azúcar Cartavio 1kg,Abarrotes,3.59,3,10.77,5,2024-01-27,21,Saturday,1,4
5953,2024-05-12 20:43:00,Atún Florida 170g,Conservas,3.89,3,11.67,4,2024-05-12,20,Sunday,5,19
5954,2024-06-04 06:33:00,Detergente Ace 850g,Limpieza,11.84,1,11.84,6,2024-06-04,6,Tuesday,6,23
5955,2024-01-01 21:09:00,Inca Kola 1.5L,Bebidas,5.34,2,10.68,1,2024-01-01,21,Monday,1,1
5956,2024-01-22 09:33:00,Galletas Oreo 36g,Snacks,1.53,3,4.59,7,2024-01-22,9,Monday,1,4
5957,2024-03-29 09:41:00,Fideos Lavaggi 500g,Abarrotes,2.51,3,7.53,4,2024-03-29,9,Friday,3,13
5958,2024-02-03 07:52:00,Coca-Cola 500ml,Bebidas,2.55,3,7.65,2,2024-02-03,7,Saturday,2,5
5959,2024-07-03 21:07:00,Sublime 36g,Snacks,1.49,2,2.98,7,2024-07-03,21,Wednesday,7,27
5960,2024-02-20 07:52:00,Inca Kola 1.5L,Bebidas,5.51,5,27.55,1,2024-02-20,7,Tuesday,2,8
5961,2024-07-22 20:56:00,Pepsi 500ml,Bebidas,2.27,5,11.35,2,2024-07-22,20,Monday,7,30
5962,2024-04-29 20:50:00,Agua San Luis 500ml,Bebidas,1.17,3,3.51,1,2024-04-29,20,Monday,4,18
5963,2024-08-26 08:32:00,Azúcar Cartavio 1kg,Abarrotes,3.48,5,17.4,5,2024-08-26,8,Monday,8,35
5964,2024-05-12 21:20:00,Detergente Ariel 850g,Limpieza,12.64,2,25.28,6,2024-05-12,21,Sunday,5,19
5965,2024-08-31 16:36:00,Jabón Bolivar 230g,Limpieza,2.77,1,2.77,6,2024-08-31,16,Saturday,8,35
5966,2024-03-16 20:11:00,Coca-Cola 500ml,Bebidas,2.48,2,4.96,2,2024-03-16,20,Saturday,3,11
5967,2024-06-22 21:11:00,Harina Blanca Flor 1kg,Abarrotes,3.19,5,15.95,4,2024-06-22,21,Saturday,6,25
5968,2024-01-27 20:18:00,Jabón Bolivar 230g,Limpieza,2.74,3,8.22,6,2024-01-27,20,Saturday,1,4
5969,2024-07-22 13:41:00,Atún Florida 170g,Conservas,3.85,3,11.55,4,2024-07-22,13,Monday,7,30
5970,2024-08-21 09:16:00,Sardina Florida 425g,Conservas,4.11,2,8.22,4,2024-08-21,9,Wednesday,8,34
5971,2024-08-12 20:59:00,Galletas Soda Field,Snacks,2.82,2,5.64,7,2024-08-12,20,Monday,8,33
5972,2024-08-07 15:06:00,Arroz Costeño 1kg,Abarrotes,3.86,4,15.44,4,2024-08-07,15,Wednesday,8,32
5973,2024-04-24 07:28:00,Lejía Clorox 900ml,Limpieza,4.61,3,13.83,6,2024-04-24,7,Wednesday,4,17
5974,2024-06-21 19:36:00,Pan de Molde Bimbo 500g,Panadería,6.59,3,19.77,8,2024-06-21,19,Friday,6,25
5975,2024-05-16 21:39:00,Detergente Ace 850g,Limpieza,12.23,1,12.23,6,2024-05-16,21,Thursday,5,20
5976,2024-01-14 21:29:00,Agua San Luis 2.5L,Bebidas,3.6,2,7.2,1,2024-01-14,21,Sunday,1,2
5977,2024-08-31 08:39:00,Harina Blanca Flor 1kg,Abarrotes,3.23,2,6.46,4,2024-08-31,8,Saturday,8,35
5978,2024-05-17 16:13:00,Shampoo Head&Shoulders,Higiene,18.47,2,36.94,6,2024-05-17,16,Friday,5,20
5979,2024-02-10 07:56:00,Agua San Luis 500ml,Bebidas,1.2,1,1.2,1,2024-02-10,7,Saturday,2,6
5980,2024-04-01 10:59:00,Fideos Lavaggi 500g,Abarrotes,2.57,3,7.71,4,2024-04-01,10,Monday,4,14
5981,2024-05-19 08:00:00,Shampoo Head&Shoulders,Higiene,17.99,2,35.98,6,2024-05-19,8,Sunday,5,20
5982,2024-02-21 20:51:00,Queso Edam Gloria 250g,Lácteos,12.75,3,38.25,3,2024-02-21,20,Wednesday,2,8
5983,2024-04-10 11:27:00,Detergente Ace 850g,Limpieza,12.19,3,36.57,6,2024-04-10,11,Wednesday,4,15
5984,2024-07-12 07:42:00,Leche Evaporada Gloria,Lácteos,3.13,3,9.39,3,2024-07-12,7,Friday,7,28
5985,2024-03-28 09:09:00,Arroz Costeño 5kg,Abarrotes,17.38,3,52.14,4,2024-03-28,9,Thursday,3,13
5986,2024-02-17 10:54:00,Galletas Oreo 36g,Snacks,1.46,1,1.46,7,2024-02-17,10,Saturday,2,7
5987,2024-07-18 21:50:00,Pan de Molde Bimbo 500g,Panadería,6.35,3,19.05,8,2024-07-18,21,Thursday,7,29
5988,2024-02-06 11:21:00,Azúcar Cartavio 1kg,Abarrotes,3.47,4,13.88,5,2024-02-06,11,Tuesday,2,6
5989,2024-05-28 20:56:00,Inca Kola 500ml,Bebidas,2.56,3,7.68,1,2024-05-28,20,Tuesday,5,22
5990,2024-02-24 20:44:00,Chancay 60g,Panadería,0.49,1,0.49,8,2024-02-24,20,Saturday,2,8
5991,2024-01-19 13:52:00,Fideos Lavaggi 500g,Abarrotes,2.48,4,9.92,4,2024-01-19,13,Friday,1,3
5992,2024-02-02 16:27:00,Arroz Costeño 1kg,Abarrotes,3.75,5,18.75,4,2024-02-02,16,Friday,2,5
5993,2024-08-09 20:52:00,Shampoo Head&Shoulders,Higiene,18.76,1,18.76,6,2024-08-09,20,Friday,8,32
5994,2024-04-19 08:17:00,Coca-Cola 500ml,Bebidas,2.44,4,9.76,2,2024-04-19,8,Friday,4,16
5995,2024-07-20 08:02:00,Fideos Lavaggi 500g,Abarrotes,2.54,1,2.54,4,2024-07-20,8,Saturday,7,29
5996,2024-01-21 21:19:00,Queso Edam Gloria 250g,Lácteos,12.27,2,24.54,3,2024-01-21,21,Sunday,1,3
5997,2024-04-22 09:40:00,Pan de Molde Bimbo 500g,Panadería,6.4,2,12.8,8,2024-04-22,9,Monday,4,17
5998,2024-04-21 07:58:00,Pasta Dental Colgate,Higiene,5.63,2,11.26,6,2024-04-21,7,Sunday,4,16
5999,2024-07-23 20:47:00,Galletas Soda Field,Snacks,2.76,2,5.52,7,2024-07-23,20,Tuesday,7,30
6000,2024-08-01 21:07:00,Detergente Ace 850g,Limpieza,11.65,3,34.95,6,2024-08-01,21,Thursday,8,31
6001,2024-07-04 20:17:00,Chancay 60g,Panadería,0.5,1,0.5,8,2024-07-04,20,Thursday,7,27
6002,2024-08-13 07:16:00,Detergente Ace 850g,Limpieza,12.06,1,12.06,6,2024-08-13,7,Tuesday,8,33
6003,2024-05-08 21:13:00,Chifles La Doña 80g,Snacks,1.97,3,5.91,7,2024-05-08,21,Wednesday,5,19
6004,2024-02-14 07:08:00,Mantequilla Gloria 100g,Lácteos,4.25,1,4.25,3,2024-02-14,7,Wednesday,2,7
6005,2024-08-10 11:07:00,Mantequilla Gloria 100g,Lácteos,4.22,2,8.44,3,2024-08-10,11,Saturday,8,32
6006,2024-01-04 20:13:00,Inca Kola 1.5L,Bebidas,5.55,2,11.1,1,2024-01-04,20,Thursday,1,1
6007,2024-03-15 14:59:00,Inca Kola 500ml,Bebidas,2.49,3,7.47,1,2024-03-15,14,Friday,3,11
6008,2024-01-19 21:07:00,Galletas Oreo 36g,Snacks,1.54,3,4.62,7,2024-01-19,21,Friday,1,3
6009,2024-04-09 08:26:00,Lejía Clorox 900ml,Limpieza,4.52,3,13.56,6,2024-04-09,8,Tuesday,4,15
6010,2024-05-27 07:25:00,Azúcar Cartavio 1kg,Abarrotes,3.47,3,10.41,5,2024-05-27,7,Monday,5,22
6011,2024-05-05 20:48:00,Papel Higiénico Elite x4,Higiene,9.13,2,18.26,6,2024-05-05,20,Sunday,5,18
6012,2024-07-03 21:55:00,Galletas Oreo 36g,Snacks,1.5,2,3.0,7,2024-07-03,21,Wednesday,7,27
6013,2024-01-12 10:00:00,Papel Higiénico Elite x4,Higiene,8.99,3,26.97,6,2024-01-12,10,Friday,1,2
6014,2024-08-05 19:19:00,Jabón Bolivar 230g,Limpieza,2.86,2,5.72,6,2024-08-05,19,Monday,8,32
6015,2024-01-19 20:18:00,Aceite Primor 500ml,Abarrotes,5.24,5,26.2,4,2024-01-19,20,Friday,1,3
6016,2024-05-06 21:09:00,Sublime 36g,Snacks,1.49,2,2.98,7,2024-05-06,21,Monday,5,19
6017,2024-02-06 08:04:00,Fideos Lavaggi 500g,Abarrotes,2.48,5,12.4,4,2024-02-06,8,Tuesday,2,6
6018,2024-04-16 11:38:00,Coca-Cola 500ml,Bebidas,2.5,5,12.5,2,2024-04-16,11,Tuesday,4,16
6019,2024-06-14 21:02:00,Azúcar Cartavio 1kg,Abarrotes,3.47,1,3.47,5,2024-06-14,21,Friday,6,24
6020,2024-02-05 21:12:00,Galletas Oreo 36g,Snacks,1.46,3,4.38,7,2024-02-05,21,Monday,2,6
6021,2024-07-23 14:15:00,Aceite Primor 1L,Abarrotes,8.74,1,8.74,4,2024-07-23,14,Tuesday,7,30
6022,2024-06-27 09:52:00,Chancay 60g,Panadería,0.49,1,0.49,8,2024-06-27,9,Thursday,6,26
6023,2024-08-17 07:51:00,Inca Kola 1.5L,Bebidas,5.42,5,27.1,1,2024-08-17,7,Saturday,8,33
6024,2024-04-12 21:21:00,Inca Kola 1.5L,Bebidas,5.5,5,27.5,1,2024-04-12,21,Friday,4,15
6025,2024-02-04 17:09:00,Detergente Ace 850g,Limpieza,11.82,3,35.46,6,2024-02-04,17,Sunday,2,5
6026,2024-01-20 08:38:00,Jabón Bolivar 230g,Limpieza,2.87,2,5.74,6,2024-01-20,8,Saturday,1,3
6027,2024-04-26 12:20:00,Detergente Ariel 850g,Limpieza,12.83,1,12.83,6,2024-04-26,12,Friday,4,17
6028,2024-08-13 21:45:00,Mantequilla Gloria 100g,Lácteos,4.24,1,4.24,3,2024-08-13,21,Tuesday,8,33
6029,2024-03-30 19:58:00,Jabón Bolivar 230g,Limpieza,2.79,3,8.37,6,2024-03-30,19,Saturday,3,13
6030,2024-06-17 17:45:00,Sal Marina 1kg,Abarrotes,1.49,5,7.45,5,2024-06-17,17,Monday,6,25
6031,2024-01-18 20:20:00,Fideos Don Vittorio 500g,Abarrotes,2.87,4,11.48,4,2024-01-18,20,Thursday,1,3
6032,2024-06-02 09:49:00,Leche Gloria Light 1L,Lácteos,4.88,3,14.64,3,2024-06-02,9,Sunday,6,22
6033,2024-08-08 21:40:00,Fideos Don Vittorio 500g,Abarrotes,2.79,4,11.16,4,2024-08-08,21,Thursday,8,32
6034,2024-05-31 09:59:00,Aceite Primor 1L,Abarrotes,8.78,5,43.9,4,2024-05-31,9,Friday,5,22
6035,2024-05-14 09:31:00,Pañales Huggies T4 x28,Higiene,33.91,3,101.73,6,2024-05-14,9,Tuesday,5,20
6036,2024-05-03 07:05:00,Pañales Huggies T4 x28,Higiene,33.25,1,33.25,6,2024-05-03,7,Friday,5,18
6037,2024-07-27 07:43:00,Galletas Soda Field,Snacks,2.77,3,8.31,7,2024-07-27,7,Saturday,7,30
6038,2024-08-02 09:42:00,Leche Evaporada Gloria,Lácteos,3.13,2,6.26,3,2024-08-02,9,Friday,8,31
6039,2024-02-01 17:40:00,Leche Evaporada Gloria,Lácteos,3.21,1,3.21,3,2024-02-01,17,Thursday,2,5
6040,2024-08-18 21:10:00,Fideos Lavaggi 500g,Abarrotes,2.55,3,7.65,4,2024-08-18,21,Sunday,8,33
6041,2024-04-16 10:02:00,Fideos Lavaggi 500g,Abarrotes,2.48,1,2.48,4,2024-04-16,10,Tuesday,4,16
6042,2024-04-14 07:38:00,Pañales Huggies T4 x28,Higiene,34.99,1,34.99,6,2024-04-14,7,Sunday,4,15
6043,2024-01-10 21:12:00,Detergente Ariel 850g,Limpieza,12.22,3,36.66,6,2024-01-10,21,Wednesday,1,2
6044,2024-03-23 09:05:00,Leche Evaporada Gloria,Lácteos,3.11,2,6.22,3,2024-03-23,9,Saturday,3,12
6045,2024-06-13 21:54:00,Pepsi 500ml,Bebidas,2.34,5,11.7,2,2024-06-13,21,Thursday,6,24
6046,2024-01-17 11:03:00,Harina Blanca Flor 1kg,Abarrotes,3.27,2,6.54,4,2024-01-17,11,Wednesday,1,3
6047,2024-03-17 08:03:00,Sublime 36g,Snacks,1.48,2,2.96,7,2024-03-17,8,Sunday,3,11
6048,2024-07-13 12:47:00,Inca Kola 500ml,Bebidas,2.57,2,5.14,1,2024-07-13,12,Saturday,7,28
6049,2024-01-14 20:01:00,Chifles La Doña 80g,Snacks,1.97,1,1.97,7,2024-01-14,20,Sunday,1,2
6050,2024-03-18 12:05:00,Inca Kola 500ml,Bebidas,2.56,1,2.56,1,2024-03-18,12,Monday,3,12
6051,2024-04-29 20:15:00,Inca Kola 500ml,Bebidas,2.53,3,7.59,1,2024-04-29,20,Monday,4,18
6052,2024-08-28 21:30:00,Sal Marina 1kg,Abarrotes,1.5,2,3.0,5,2024-08-28,21,Wednesday,8,35
6053,2024-03-28 08:04:00,Detergente Ariel 850g,Limpieza,12.22,2,24.44,6,2024-03-28,8,Thursday,3,13
6054,2024-05-01 16:20:00,Detergente Ariel 850g,Limpieza,12.54,2,25.08,6,2024-05-01,16,Wednesday,5,18
6055,2024-03-14 20:11:00,Leche Gloria Entera 1L,Lácteos,4.77,2,9.54,3,2024-03-14,20,Thursday,3,11
6056,2024-03-27 13:37:00,Leche Gloria Entera 1L,Lácteos,4.89,1,4.89,3,2024-03-27,13,Wednesday,3,13
6057,2024-07-09 14:11:00,Mantequilla Gloria 100g,Lácteos,4.25,2,8.5,3,2024-07-09,14,Tuesday,7,28
6058,2024-01-18 20:13:00,Leche Evaporada Gloria,Lácteos,3.26,2,6.52,3,2024-01-18,20,Thursday,1,3
6059,2024-06-11 07:27:00,Azúcar Cartavio 1kg,Abarrotes,3.49,2,6.98,5,2024-06-11,7,Tuesday,6,24
6060,2024-06-05 16:32:00,Chancay 60g,Panadería,0.51,1,0.51,8,2024-06-05,16,Wednesday,6,23
6061,2024-05-01 09:56:00,Shampoo Head&Shoulders,Higiene,18.02,3,54.06,6,2024-05-01,9,Wednesday,5,18
6062,2024-06-03 07:14:00,Leche Evaporada Gloria,Lácteos,3.28,2,6.56,3,2024-06-03,7,Monday,6,23
6063,2024-02-07 17:38:00,Leche Gloria Light 1L,Lácteos,4.92,1,4.92,3,2024-02-07,17,Wednesday,2,6
6064,2024-03-21 20:18:00,Detergente Ace 850g,Limpieza,11.6,1,11.6,6,2024-03-21,20,Thursday,3,12
6065,2024-04-17 11:11:00,Agua San Luis 2.5L,Bebidas,3.57,1,3.57,1,2024-04-17,11,Wednesday,4,16
6066,2024-08-07 16:38:00,Papel Higiénico Elite x4,Higiene,8.66,1,8.66,6,2024-08-07,16,Wednesday,8,32
6067,2024-08-01 08:16:00,Fideos Lavaggi 500g,Abarrotes,2.48,2,4.96,4,2024-08-01,8,Thursday,8,31
6068,2024-03-05 07:47:00,Harina Blanca Flor 1kg,Abarrotes,3.26,5,16.3,4,2024-03-05,7,Tuesday,3,10
6069,2024-05-30 07:10:00,Pañales Huggies T3 x30,Higiene,33.01,3,99.03,6,2024-05-30,7,Thursday,5,22
6070,2024-06-10 09:09:00,Inca Kola 500ml,Bebidas,2.56,2,5.12,1,2024-06-10,9,Monday,6,24
6071,2024-04-11 13:20:00,Shampoo Head&Shoulders,Higiene,18.46,1,18.46,6,2024-04-11,13,Thursday,4,15
6072,2024-08-04 20:58:00,Pepsi 500ml,Bebidas,2.28,5,11.4,2,2024-08-04,20,Sunday,8,31
6073,2024-01-28 07:12:00,Galletas Oreo 36g,Snacks,1.52,3,4.56,7,2024-01-28,7,Sunday,1,4
6074,2024-01-11 09:02:00,Arroz Costeño 5kg,Abarrotes,17.67,1,17.67,4,2024-01-11,9,Thursday,1,2
6075,2024-06-11 16:32:00,Arroz Costeño 5kg,Abarrotes,17.65,4,70.6,4,2024-06-11,16,Tuesday,6,24
6076,2024-08-26 21:18:00,Galletas Oreo 36g,Snacks,1.49,2,2.98,7,2024-08-26,21,Monday,8,35
6077,2024-01-31 21:29:00,Pañales Huggies T3 x30,Higiene,31.58,3,94.74,6,2024-01-31,21,Wednesday,1,5
6078,2024-03-11 12:14:00,Harina Blanca Flor 1kg,Abarrotes,3.24,2,6.48,4,2024-03-11,12,Monday,3,11
6079,2024-03-31 19:54:00,Lejía Clorox 900ml,Limpieza,4.44,3,13.32,6,2024-03-31,19,Sunday,3,13
6080,2024-03-26 08:47:00,Agua San Luis 500ml,Bebidas,1.19,2,2.38,1,2024-03-26,8,Tuesday,3,13
6081,2024-03-21 21:48:00,Pasta Dental Colgate,Higiene,5.6,1,5.6,6,2024-03-21,21,Thursday,3,12
6082,2024-04-03 09:53:00,Chifles La Doña 80g,Snacks,1.99,2,3.98,7,2024-04-03,9,Wednesday,4,14
6083,2024-04-01 17:58:00,Lejía Clorox 900ml,Limpieza,4.48,3,13.44,6,2024-04-01,17,Monday,4,14
6084,2024-01-04 09:58:00,Pañales Huggies T3 x30,Higiene,32.9,1,32.9,6,2024-01-04,9,Thursday,1,1
6085,2024-07-09 20:36:00,Shampoo Head&Shoulders,Higiene,18.76,2,37.52,6,2024-07-09,20,Tuesday,7,28
6086,2024-03-06 08:00:00,Sublime 36g,Snacks,1.47,3,4.41,7,2024-03-06,8,Wednesday,3,10
6087,2024-03-24 08:21:00,Leche Evaporada Gloria,Lácteos,3.2,2,6.4,3,2024-03-24,8,Sunday,3,12
6088,2024-06-11 20:29:00,Queso Edam Gloria 250g,Lácteos,12.22,3,36.66,3,2024-06-11,20,Tuesday,6,24
6089,2024-04-11 21:04:00,Galletas Soda Field,Snacks,2.74,2,5.48,7,2024-04-11,21,Thursday,4,15
6090,2024-03-19 07:39:00,Pañales Huggies T4 x28,Higiene,33.07,2,66.14,6,2024-03-19,7,Tuesday,3,12
6091,2024-02-26 10:11:00,Agua San Luis 500ml,Bebidas,1.2,5,6.0,1,2024-02-26,10,Monday,2,9
6092,2024-01-05 12:23:00,Leche Gloria Light 1L,Lácteos,4.98,3,14.94,3,2024-01-05,12,Friday,1,1
6093,2024-08-16 12:38:00,Atún Florida 170g,Conservas,3.82,1,3.82,4,2024-08-16,12,Friday,8,33
6094,2024-01-09 09:42:00,Detergente Ace 850g,Limpieza,11.95,2,23.9,6,2024-01-09,9,Tuesday,1,2
6095,2024-05-22 08:51:00,Leche Evaporada Gloria,Lácteos,3.23,2,6.46,3,2024-05-22,8,Wednesday,5,21
6096,2024-07-26 20:58:00,Queso Edam Gloria 250g,Lácteos,12.48,3,37.44,3,2024-07-26,20,Friday,7,30
6097,2024-06-17 15:48:00,Arroz Costeño 5kg,Abarrotes,17.4,4,69.6,4,2024-06-17,15,Monday,6,25
6098,2024-01-13 20:32:00,Inca Kola 1.5L,Bebidas,5.44,2,10.88,1,2024-01-13,20,Saturday,1,2
6099,2024-04-20 18:38:00,Papel Higiénico Elite x4,Higiene,9.0,2,18.0,6,2024-04-20,18,Saturday,4,16
6100,2024-04-20 06:43:00,Azúcar Cartavio 1kg,Abarrotes,3.53,5,17.65,5,2024-04-20,6,Saturday,4,16
6101,2024-05-12 20:56:00,Arroz Costeño 5kg,Abarrotes,17.93,3,53.79,4,2024-05-12,20,Sunday,5,19
6102,2024-05-15 20:21:00,Inca Kola 1.5L,Bebidas,5.39,4,21.56,1,2024-05-15,20,Wednesday,5,20
6103,2024-07-21 08:36:00,Galletas Oreo 36g,Snacks,1.47,1,1.47,7,2024-07-21,8,Sunday,7,29
6104,2024-03-24 20:31:00,Yogurt Gloria Fresa 1kg,Lácteos,6.55,1,6.55,3,2024-03-24,20,Sunday,3,12
6105,2024-07-02 19:58:00,Atún Florida 170g,Conservas,3.97,3,11.91,4,2024-07-02,19,Tuesday,7,27
6106,2024-05-01 14:29:00,Aceite Primor 1L,Abarrotes,8.74,2,17.48,4,2024-05-01,14,Wednesday,5,18
6107,2024-03-05 19:26:00,Sal Marina 1kg,Abarrotes,1.46,4,5.84,5,2024-03-05,19,Tuesday,3,10
6108,2024-01-26 15:38:00,Detergente Ariel 850g,Limpieza,12.68,3,38.04,6,2024-01-26,15,Friday,1,4
6109,2024-05-19 08:55:00,Agua San Luis 2.5L,Bebidas,3.48,5,17.4,1,2024-05-19,8,Sunday,5,20
6110,2024-07-27 21:39:00,Chifles La Doña 80g,Snacks,1.97,1,1.97,7,2024-07-27,21,Saturday,7,30
6111,2024-06-03 14:56:00,Fideos Don Vittorio 500g,Abarrotes,2.84,1,2.84,4,2024-06-03,14,Monday,6,23
6112,2024-01-22 21:39:00,Detergente Ace 850g,Limpieza,11.77,3,35.31,6,2024-01-22,21,Monday,1,4
6113,2024-02-28 14:03:00,Agua San Luis 2.5L,Bebidas,3.6,5,18.0,1,2024-02-28,14,Wednesday,2,9
6114,2024-06-27 09:34:00,Azúcar Cartavio 1kg,Abarrotes,3.51,2,7.02,5,2024-06-27,9,Thursday,6,26
6115,2024-04-11 12:17:00,Leche Gloria Light 1L,Lácteos,4.88,2,9.76,3,2024-04-11,12,Thursday,4,15
6116,2024-07-24 07:31:00,Agua San Luis 500ml,Bebidas,1.21,4,4.84,1,2024-07-24,7,Wednesday,7,30
6117,2024-06-10 06:05:00,Sal Marina 1kg,Abarrotes,1.47,2,2.94,5,2024-06-10,6,Monday,6,24
6118,2024-01-20 20:32:00,Inca Kola 1.5L,Bebidas,5.39,3,16.17,1,2024-01-20,20,Saturday,1,3
6119,2024-06-09 09:06:00,Inca Kola 500ml,Bebidas,2.45,3,7.35,1,2024-06-09,9,Sunday,6,23
6120,2024-08-25 08:40:00,Agua San Luis 500ml,Bebidas,1.21,2,2.42,1,2024-08-25,8,Sunday,8,34
6121,2024-07-15 09:11:00,Harina Blanca Flor 1kg,Abarrotes,3.14,1,3.14,4,2024-07-15,9,Monday,7,29
6122,2024-02-16 09:38:00,Coca-Cola 500ml,Bebidas,2.5,4,10.0,2,2024-02-16,9,Friday,2,7
6123,2024-08-01 09:22:00,Coca-Cola 500ml,Bebidas,2.43,5,12.15,2,2024-08-01,9,Thursday,8,31
6124,2024-01-26 20:31:00,Sal Marina 1kg,Abarrotes,1.49,3,4.47,5,2024-01-26,20,Friday,1,4
6125,2024-06-27 06:44:00,Mantequilla Gloria 100g,Lácteos,4.25,1,4.25,3,2024-06-27,6,Thursday,6,26
6126,2024-06-12 08:29:00,Queso Edam Gloria 250g,Lácteos,12.78,2,25.56,3,2024-06-12,8,Wednesday,6,24
6127,2024-07-29 15:54:00,Arroz Costeño 5kg,Abarrotes,17.53,3,52.59,4,2024-07-29,15,Monday,7,31
6128,2024-02-25 21:07:00,Fideos Don Vittorio 500g,Abarrotes,2.87,3,8.61,4,2024-02-25,21,Sunday,2,8
6129,2024-03-13 15:27:00,Sardina Florida 425g,Conservas,4.1,3,12.3,4,2024-03-13,15,Wednesday,3,11
6130,2024-06-09 09:44:00,Pasta Dental Colgate,Higiene,5.48,3,16.44,6,2024-06-09,9,Sunday,6,23
6131,2024-05-03 07:57:00,Leche Evaporada Gloria,Lácteos,3.27,1,3.27,3,2024-05-03,7,Friday,5,18
6132,2024-01-12 06:55:00,Pepsi 500ml,Bebidas,2.36,5,11.8,2,2024-01-12,6,Friday,1,2
6133,2024-03-13 09:11:00,Arroz Costeño 1kg,Abarrotes,3.72,2,7.44,4,2024-03-13,9,Wednesday,3,11
6134,2024-06-19 06:23:00,Lejía Clorox 900ml,Limpieza,4.6,3,13.8,6,2024-06-19,6,Wednesday,6,25
6135,2024-02-15 07:34:00,Arroz Costeño 5kg,Abarrotes,17.12,2,34.24,4,2024-02-15,7,Thursday,2,7
6136,2024-02-17 18:10:00,Detergente Ariel 850g,Limpieza,12.24,2,24.48,6,2024-02-17,18,Saturday,2,7
6137,2024-08-14 07:07:00,Coca-Cola 500ml,Bebidas,2.49,1,2.49,2,2024-08-14,7,Wednesday,8,33
6138,2024-03-29 11:33:00,Mantequilla Gloria 100g,Lácteos,4.13,3,12.39,3,2024-03-29,11,Friday,3,13
6139,2024-05-06 09:47:00,Lejía Clorox 900ml,Limpieza,4.47,1,4.47,6,2024-05-06,9,Monday,5,19
6140,2024-01-29 08:59:00,Chifles La Doña 80g,Snacks,2.04,2,4.08,7,2024-01-29,8,Monday,1,5
6141,2024-04-15 06:11:00,Chancay 60g,Panadería,0.49,2,0.98,8,2024-04-15,6,Monday,4,16
6142,2024-05-09 21:48:00,Arroz Costeño 1kg,Abarrotes,3.78,2,7.56,4,2024-05-09,21,Thursday,5,19
6143,2024-07-18 07:02:00,Azúcar Cartavio 1kg,Abarrotes,3.52,5,17.6,5,2024-07-18,7,Thursday,7,29
6144,2024-05-03 16:13:00,Agua San Luis 2.5L,Bebidas,3.45,1,3.45,1,2024-05-03,16,Friday,5,18
6145,2024-04-02 08:38:00,Inca Kola 500ml,Bebidas,2.47,5,12.35,1,2024-04-02,8,Tuesday,4,14
6146,2024-01-16 06:28:00,Agua San Luis 500ml,Bebidas,1.22,3,3.66,1,2024-01-16,6,Tuesday,1,3
6147,2024-05-15 08:10:00,Inca Kola 500ml,Bebidas,2.47,5,12.35,1,2024-05-15,8,Wednesday,5,20
6148,2024-04-24 08:32:00,Galletas Soda Field,Snacks,2.79,2,5.58,7,2024-04-24,8,Wednesday,4,17
6149,2024-01-13 13:01:00,Galletas Soda Field,Snacks,2.79,3,8.37,7,2024-01-13,13,Saturday,1,2
6150,2024-06-17 07:21:00,Fideos Lavaggi 500g,Abarrotes,2.46,5,12.3,4,2024-06-17,7,Monday,6,25
6151,2024-07-02 08:31:00,Sardina Florida 425g,Conservas,4.19,1,4.19,4,2024-07-02,8,Tuesday,7,27
6152,2024-06-13 20:15:00,Pasta Dental Colgate,Higiene,5.38,3,16.14,6,2024-06-13,20,Thursday,6,24
6153,2024-05-24 09:35:00,Aceite Primor 500ml,Abarrotes,5.08,2,10.16,4,2024-05-24,9,Friday,5,21
6154,2024-01-28 07:04:00,Detergente Ace 850g,Limpieza,11.73,1,11.73,6,2024-01-28,7,Sunday,1,4
6155,2024-08-17 08:34:00,Pañales Huggies T4 x28,Higiene,33.13,1,33.13,6,2024-08-17,8,Saturday,8,33
6156,2024-04-03 08:02:00,Coca-Cola 500ml,Bebidas,2.47,4,9.88,2,2024-04-03,8,Wednesday,4,14
6157,2024-06-21 21:54:00,Agua San Luis 500ml,Bebidas,1.22,4,4.88,1,2024-06-21,21,Friday,6,25
6158,2024-04-27 08:17:00,Agua San Luis 2.5L,Bebidas,3.47,5,17.35,1,2024-04-27,8,Saturday,4,17
6159,2024-05-25 21:12:00,Shampoo Head&Shoulders,Higiene,18.67,3,56.01,6,2024-05-25,21,Saturday,5,21
6160,2024-08-16 14:53:00,Aceite Primor 1L,Abarrotes,8.87,1,8.87,4,2024-08-16,14,Friday,8,33
6161,2024-03-19 08:15:00,Inca Kola 1.5L,Bebidas,5.66,5,28.3,1,2024-03-19,8,Tuesday,3,12
6162,2024-01-31 09:06:00,Sublime 36g,Snacks,1.53,2,3.06,7,2024-01-31,9,Wednesday,1,5
6163,2024-06-27 21:29:00,Jabón Bolivar 230g,Limpieza,2.79,2,5.58,6,2024-06-27,21,Thursday,6,26
6164,2024-05-29 10:17:00,Agua San Luis 500ml,Bebidas,1.19,5,5.95,1,2024-05-29,10,Wednesday,5,22
6165,2024-01-25 20:50:00,Inca Kola 1.5L,Bebidas,5.48,1,5.48,1,2024-01-25,20,Thursday,1,4
6166,2024-03-25 08:55:00,Atún Florida 170g,Conservas,3.96,2,7.92,4,2024-03-25,8,Monday,3,13
6167,2024-02-03 12:35:00,Coca-Cola 500ml,Bebidas,2.46,1,2.46,2,2024-02-03,12,Saturday,2,5
6168,2024-02-28 20:28:00,Detergente Ariel 850g,Limpieza,12.62,2,25.24,6,2024-02-28,20,Wednesday,2,9
6169,2024-08-08 07:03:00,Sardina Florida 425g,Conservas,4.31,3,12.93,4,2024-08-08,7,Thursday,8,32
6170,2024-06-13 14:33:00,Queso Edam Gloria 250g,Lácteos,12.54,3,37.62,3,2024-06-13,14,Thursday,6,24
6171,2024-04-02 21:11:00,Sal Marina 1kg,Abarrotes,1.54,4,6.16,5,2024-04-02,21,Tuesday,4,14
6172,2024-02-25 16:44:00,Arroz Costeño 1kg,Abarrotes,3.89,4,15.56,4,2024-02-25,16,Sunday,2,8
6173,2024-02-11 14:01:00,Inca Kola 1.5L,Bebidas,5.42,5,27.1,1,2024-02-11,14,Sunday,2,6
